planning_model,model_id,solver_seed,solver_repeat,low_budget,high_budget,low_run_key,high_run_key,planning_hv_gain,planning_relative_hv_gain,planning_igd_gain,representative_planning_F1_change,representative_planning_F2_change,representative_planning_F3_change,execution_hv_gain,execution_relative_hv_gain,execution_igd_gain,representative_execution_F1_change,representative_execution_F2_change,representative_execution_F3_change,execution_min_satisfaction_change,execution_zero_service_ratio_change,runtime_ratio,small_planning_change
No-PR,PR0_HT1_EC1,60000,0,500,2000,WEN38:i1:nsga2:s60000:r0:PR0_HT1_EC1:b9f998d6cc5d,WEN38:i1:nsga2:s60000:r0:PR0_HT1_EC1:851e264b20f4,0.30217183542937354,0.5424140959691812,0.16354840025594794,-0.16267715500160485,14537.0,-0.07302865838028083,0.149336479896609,0.6946107178162647,0.14051531644137072,-0.13353115925432846,-52831.83333333334,0.1825652018596884,-0.1825652018596884,0.11428571428571428,11.102759073902979,False
No-PR,PR0_HT1_EC1,60000,0,2000,5000,WEN38:i1:nsga2:s60000:r0:PR0_HT1_EC1:851e264b20f4,WEN38:i1:nsga2:s60000:r0:PR0_HT1_EC1:9081e514fb6f,0.16015094613949432,0.1863826609812755,0.04496640802718415,0.09265979434539418,-21737.0,-0.03339207118460763,0.23547366167236683,0.6463205407611137,0.11503894131420367,0.011245903488464215,49593.0,-0.07405908539294614,0.07405908539294614,-0.11428571428571428,2.6424617241797237,False
No-PR,PR0_HT1_EC1,60001,1,500,2000,WEN38:i1:nsga2:s60001:r1:PR0_HT1_EC1:2aca52bb3fb1,WEN38:i1:nsga2:s60001:r1:PR0_HT1_EC1:234cd11ee600,0.33401977361816904,0.7763415135066026,0.16870682207136894,0.04108010378154603,-24906.0,-0.16010571323295153,0.32360016118830254,1.602405557293849,0.21821466032854558,-0.06460735192314182,-24871.99999999997,-0.06267922982624441,0.06267922982624441,-0.17142857142857143,11.695314439533218,False
No-PR,PR0_HT1_EC1,60001,1,2000,5000,WEN38:i1:nsga2:s60001:r1:PR0_HT1_EC1:234cd11ee600,WEN38:i1:nsga2:s60001:r1:PR0_HT1_EC1:40665960a588,0.17858620681025428,0.2336695272978039,0.10019726795019994,-0.17527900272168928,-22946.0,-0.02779356880546402,0.16902274667061112,0.3216132186038045,0.0945617228579329,-0.08509473624409569,-47723.166666666686,-0.2758579196406572,0.2758579196406572,0.0,2.6153762725223513,False
No-PR,PR0_HT1_EC1,60002,2,500,2000,WEN38:i1:nsga2:s60002:r2:PR0_HT1_EC1:7b250956fe84,WEN38:i1:nsga2:s60002:r2:PR0_HT1_EC1:1f998f0148e6,0.26477779429184967,0.5148714547563105,0.11651107016141285,-0.25759009166644287,-2445.0,-0.0817212112406196,0.08505343153840933,0.23732299842151755,0.025194482151948305,-0.22516627876861506,-43783.16666666664,0.05998356614873046,-0.05998356614873046,0.17142857142857143,3.3804645123641652,False
No-PR,PR0_HT1_EC1,60002,2,2000,5000,WEN38:i1:nsga2:s60002:r2:PR0_HT1_EC1:1f998f0148e6,WEN38:i1:nsga2:s60002:r2:PR0_HT1_EC1:808bda2358e2,0.12405446109988538,0.1592406196701661,0.05245922297773074,0.03853631665340407,-2686.0,-0.04460810261207371,0.15931299054391035,0.3592659773290312,0.09012296531846314,0.03853631665416346,22018.83333333333,0.0,0.0,0.0,2.57727515435604,False
No-PR,PR0_HT1_EC1,60003,3,500,2000,WEN38:i1:nsga2:s60003:r3:PR0_HT1_EC1:8f1a51c5366d,WEN38:i1:nsga2:s60003:r3:PR0_HT1_EC1:c9ecedbe9866,0.364083141231925,0.6446579853347165,0.18116449828127368,0.18763288447874604,-23593.0,-0.14052859855564748,0.41987161905304266,1.4729169119244019,0.2335213330289475,0.11276663933142039,-17079.333333333314,-0.16963050217054843,0.16963050217054843,0.0,4.26764528781652,False
No-PR,PR0_HT1_EC1,60003,3,2000,5000,WEN38:i1:nsga2:s60003:r3:PR0_HT1_EC1:c9ecedbe9866,WEN38:i1:nsga2:s60003:r3:PR0_HT1_EC1:c710c850bf31,0.09701795002289937,0.10444924206612521,0.03384887287401715,-0.016525980464886736,4373.0,-0.014399590547327534,0.13856154533978526,0.19655990002346468,0.05631834381350859,-0.021575590670585676,-30082.666666666686,0.0811531832205219,-0.0811531832205219,0.0,2.5753599278700046,False
No-PR,PR0_HT1_EC1,60004,4,500,2000,WEN38:i1:nsga2:s60004:r4:PR0_HT1_EC1:2a86c697db65,WEN38:i1:nsga2:s60004:r4:PR0_HT1_EC1:1fc0c8443b44,0.2547474673026554,0.47718755801204926,0.09243560750409449,0.1424423790534286,-51.5,-0.15857642555147322,0.15434303610127564,0.4395068304485324,0.12752470546265826,0.02320070648120076,-11384.833333333343,0.21984016693477315,-0.21984016693477315,0.0,4.279855008124915,False
No-PR,PR0_HT1_EC1,60004,4,2000,5000,WEN38:i1:nsga2:s60004:r4:PR0_HT1_EC1:1fc0c8443b44,WEN38:i1:nsga2:s60004:r4:PR0_HT1_EC1:5cf91a1f9acc,0.19806615314059717,0.2511619592978614,0.0819796885466107,-0.0003694273584322616,-169.0,0.0,0.2713791522215647,0.5368356409948546,0.1158400288109013,0.05889705031667969,11559.666666666657,-0.2241215652675237,0.2241215652675237,0.0,2.9474470692733603,False
No-HT,PR1_HT0_EC1,60000,0,500,2000,WEN38:i1:nsga2:s60000:r0:PR1_HT0_EC1:ed89f90c2cee,WEN38:i1:nsga2:s60000:r0:PR1_HT0_EC1:7506b3adc82a,0.2876689079276651,0.5959642338623979,0.12143324701952965,0.006063519125591554,19848.33333333333,-0.3468252741613469,0.35875883904282024,0.6719340100007194,0.14083539999198003,0.007835312180162646,1924.666666666657,-0.3517647653934546,0.3517647653934546,0.0,12.084035589126126,False
No-HT,PR1_HT0_EC1,60000,0,2000,5000,WEN38:i1:nsga2:s60000:r0:PR1_HT0_EC1:7506b3adc82a,WEN38:i1:nsga2:s60000:r0:PR1_HT0_EC1:1639f57d8023,0.13663683701860818,0.177366631379064,0.06342634602340387,-0.0077396064492347705,-26481.33333333333,0.0,0.11321101243771081,0.12682169568145865,0.06460998806893342,-0.006853709921949225,-25661.0,0.0,0.0,0.0,2.1970418032788532,False
No-HT,PR1_HT0_EC1,60001,1,500,2000,WEN38:i1:nsga2:s60001:r1:PR1_HT0_EC1:810cc032fd7d,WEN38:i1:nsga2:s60001:r1:PR1_HT0_EC1:e483dd3402ce,0.3183288031058473,0.931560077399752,0.17505247468931906,-0.293255110807356,13430.0,-0.2560037777393518,0.39771917103354093,1.18337808456403,0.23198870649290565,-0.293255110807356,-4495.666666666657,-0.2560037777393518,0.2560037777393518,0.0,13.053302871218504,False
No-HT,PR1_HT0_EC1,60001,1,2000,5000,WEN38:i1:nsga2:s60001:r1:PR1_HT0_EC1:e483dd3402ce,WEN38:i1:nsga2:s60001:r1:PR1_HT0_EC1:78ea841c0ff5,0.23882935312663467,0.36183819952279583,0.05283209795451613,-0.003688704248014929,-6021.5,-0.20816407029269612,0.2639129930000794,0.35964897077004315,0.08250152533923866,-0.003688704248014929,605.166666666657,-0.20816407029269612,0.20816407029269612,0.0,2.013775696869937,False
No-HT,PR1_HT0_EC1,60002,2,500,2000,WEN38:i1:nsga2:s60002:r2:PR1_HT0_EC1:08ec9ca4fa4d,WEN38:i1:nsga2:s60002:r2:PR1_HT0_EC1:e31b85b97044,0.4630438308456474,1.0720106367690256,0.19860015803427367,-0.25901649653146297,30606.666666666686,-0.34376018241346173,0.5344213583006274,1.145368888446135,0.24299687560774377,-0.25635880694960633,-3131.333333333343,-0.34376018241346173,0.34376018241346173,0.0,3.9150329671328015,False
No-HT,PR1_HT0_EC1,60002,2,2000,5000,WEN38:i1:nsga2:s60002:r2:PR1_HT0_EC1:e31b85b97044,WEN38:i1:nsga2:s60002:r2:PR1_HT0_EC1:aa692b75cf5c,0.07938164733096142,0.08869622142631083,0.016078016394495173,-0.0033662062625827716,-22794.000000000015,0.0,0.06160651449825516,0.0615440731873675,0.022946665938073874,-0.004252102789868317,-18111.666666666657,0.0,0.0,0.0,1.964555328979889,False
No-HT,PR1_HT0_EC1,60003,3,500,2000,WEN38:i1:nsga2:s60003:r3:PR1_HT0_EC1:5993863257aa,WEN38:i1:nsga2:s60003:r3:PR1_HT0_EC1:097c71e9a8cb,0.26595970007403136,0.39516633734306766,0.10018068290420123,-0.002701508052876278,18306.5,0.0,0.24714321132279093,0.30824961979212995,0.12790783039566095,-0.002701508052876278,28262.166666666657,0.0,0.0,0.0,4.0128249694394675,False
No-HT,PR1_HT0_EC1,60003,3,2000,5000,WEN38:i1:nsga2:s60003:r3:PR1_HT0_EC1:097c71e9a8cb,WEN38:i1:nsga2:s60003:r3:PR1_HT0_EC1:5dd76293d3f3,0.12585005113315406,0.13402675860736715,0.059535206868687005,-0.0020392670286391024,-7669.5,0.0,0.09116449137687788,0.08691384440117582,0.030830775280153086,-0.0020392670286391024,-10010.666666666657,0.0,0.0,0.0,2.3704938636749566,False
No-HT,PR1_HT0_EC1,60004,4,500,2000,WEN38:i1:nsga2:s60004:r4:PR1_HT0_EC1:6d949d439727,WEN38:i1:nsga2:s60004:r4:PR1_HT0_EC1:3123814e608b,0.1439790935437919,0.3188795786168653,0.12445109735731505,-0.7657621701372692,33427.0,-0.12668692500301404,0.1855142837466574,0.382914131246571,0.11320783676382187,-0.7657621701372692,11359.333333333314,-0.12668692500301404,0.12668692500301404,0.0,3.9382348177035698,False
No-HT,PR1_HT0_EC1,60004,4,2000,5000,WEN38:i1:nsga2:s60004:r4:PR1_HT0_EC1:3123814e608b,WEN38:i1:nsga2:s60004:r4:PR1_HT0_EC1:3c278f15c52c,0.1884598444139174,0.31647612833410627,0.07711570216656215,0.00583540814840422,-2331.3333333333285,-0.20130530960523174,0.03713356969213055,0.055423701389452074,0.036920920670097224,0.00583540814813599,36041.0,0.533325929152852,-0.533325929152852,0.08571428571428572,2.2471232608440257,False
No-EC,PR1_HT1_EC0,60000,0,500,2000,WEN38:i1:nsga2:s60000:r0:PR1_HT1_EC0:233634bab1fc,WEN38:i1:nsga2:s60000:r0:PR1_HT1_EC0:19d5b96ee482,0.45322906501567306,0.9477007946092274,0.1683433840858502,-0.17675407801444365,21136.99999999997,-0.3623846715427135,0.40834133882551704,0.8134173064692396,0.16096458229178706,-0.17675407801444365,21136.99999999997,-0.3623846715427135,0.3623846715427135,0.0,16.13505862688924,False
No-EC,PR1_HT1_EC0,60000,0,2000,5000,WEN38:i1:nsga2:s60000:r0:PR1_HT1_EC0:19d5b96ee482,WEN38:i1:nsga2:s60000:r0:PR1_HT1_EC0:133825dd952b,0.17094494297029728,0.18352173575660558,0.05532826765841008,-0.0047456747127565535,-3832.333333333314,0.0,0.13452413110371286,0.14777211846734228,0.050224735274440005,-0.0047456747127565535,-3832.333333333314,0.0,0.0,0.0,1.9977449238739082,False
No-EC,PR1_HT1_EC0,60001,1,500,2000,WEN38:i1:nsga2:s60001:r1:PR1_HT1_EC0:f2ee064e9de3,WEN38:i1:nsga2:s60001:r1:PR1_HT1_EC0:4e6755c4f558,0.3983893773659095,0.860674705100112,0.13586002547129633,-0.16013849010808023,-20149.333333333358,-0.35426889987229515,0.3741124383993103,0.7744426905790271,0.15529447457332046,-0.16013849010808023,-20149.333333333358,-0.35426889987229515,0.35426889987229515,0.0,15.445631410783328,False
No-EC,PR1_HT1_EC0,60001,1,2000,5000,WEN38:i1:nsga2:s60001:r1:PR1_HT1_EC0:4e6755c4f558,WEN38:i1:nsga2:s60001:r1:PR1_HT1_EC0:a68aa1d27e59,0.11277389216802458,0.13093911623360852,0.0417657561808468,-0.0033795203484894287,-1737.666666666657,0.0,0.10266167354641875,0.11976598746851687,0.036571866954898696,-0.0033795203484894287,-1737.666666666657,0.0,0.0,0.0,2.0802957467616747,False
No-EC,PR1_HT1_EC0,60002,2,500,2000,WEN38:i1:nsga2:s60002:r2:PR1_HT1_EC0:abbe524f5fc3,WEN38:i1:nsga2:s60002:r2:PR1_HT1_EC0:785d4370cf5e,0.5829329245023653,1.4822480048599336,0.25653343488045827,-0.18885997963395385,389.0000000000291,-0.40147904249806743,0.5248039541884156,1.2575169056434654,0.2403405382874779,-0.18885997963395385,389.0000000000291,-0.40147904249806743,0.40147904249806743,0.0,4.513380630311023,False
No-EC,PR1_HT1_EC0,60002,2,2000,5000,WEN38:i1:nsga2:s60002:r2:PR1_HT1_EC0:785d4370cf5e,WEN38:i1:nsga2:s60002:r2:PR1_HT1_EC0:33a10700af6f,0.12634274767170472,0.12942180022069832,0.04177065239897309,-0.0001762134123000081,-27278.833333333343,0.0,0.10117215920544476,0.10738577138794438,0.034331114105681904,-0.0001762134123000081,-27278.833333333343,0.0,0.0,0.0,2.1751935707944288,False
No-EC,PR1_HT1_EC0,60003,3,500,2000,WEN38:i1:nsga2:s60003:r3:PR1_HT1_EC0:3ec21dc8c2c8,WEN38:i1:nsga2:s60003:r3:PR1_HT1_EC0:511599eb579d,0.3081800198839726,0.4340179773520378,0.13562778948843232,-0.008849583023716079,17801.166666666686,0.0,0.24278867600310983,0.33122805829179075,0.10836485671235016,-0.008849583023716079,17801.166666666686,0.0,0.0,0.0,3.8197494299543284,False
No-EC,PR1_HT1_EC0,60003,3,2000,5000,WEN38:i1:nsga2:s60003:r3:PR1_HT1_EC0:511599eb579d,WEN38:i1:nsga2:s60003:r3:PR1_HT1_EC0:81e09eaca11b,0.12226263513004998,0.12007218007679792,0.07366477958322228,-0.0017717930545710914,-1108.000000000029,0.0,0.09730834017767309,0.09972322018586285,0.04554778374357775,-0.0017717930545710914,-1108.000000000029,0.0,0.0,0.0,2.9631169467441882,False
No-EC,PR1_HT1_EC0,60004,4,500,2000,WEN38:i1:nsga2:s60004:r4:PR1_HT1_EC0:daf2b42676e8,WEN38:i1:nsga2:s60004:r4:PR1_HT1_EC0:384c4b2a81e6,0.31207084471445945,0.6618453574384813,0.1255471001481783,-0.22977204580129929,27778.0,-0.35197354122283286,0.31342912274749646,0.6434140873502744,0.11507061997832896,-0.22977204580129929,27778.0,-0.35197354122283286,0.35197354122283286,0.0,3.85946750208451,False
No-EC,PR1_HT1_EC0,60004,4,2000,5000,WEN38:i1:nsga2:s60004:r4:PR1_HT1_EC0:384c4b2a81e6,WEN38:i1:nsga2:s60004:r4:PR1_HT1_EC0:55d5a07c7ef1,0.2523230387212434,0.32201019979198503,0.10141810435264857,-0.000803029282786305,-3311.333333333343,0.0,0.19448727674526178,0.24293797555552543,0.1053336767871045,-0.000803029282786305,-3311.333333333343,0.0,0.0,0.0,1.764779000381726,False
Full,PR1_HT1_EC1,60000,0,500,2000,WEN38:i1:nsga2:s60000:r0:PR1_HT1_EC1:ac79a73486e1,WEN38:i1:nsga2:s60000:r0:PR1_HT1_EC1:ed30a9d4a9ff,0.45322906501567306,0.9477007946092274,0.1683433840858502,-0.17675407801444365,21136.99999999997,-0.3623846715427135,0.40834133882551704,0.8134173064692396,0.16096458229178706,-0.17675407801444365,21136.99999999997,-0.3623846715427135,0.3623846715427135,0.0,10.722123090116847,False
Full,PR1_HT1_EC1,60000,0,2000,5000,WEN38:i1:nsga2:s60000:r0:PR1_HT1_EC1:ed30a9d4a9ff,WEN38:i1:nsga2:s60000:r0:PR1_HT1_EC1:ee51f2059906,0.17094494297029728,0.18352173575660558,0.05532826765841008,-0.0047456747127565535,-3832.333333333314,0.0,0.13452413110371286,0.14777211846734228,0.050224735274440005,-0.0047456747127565535,-3832.333333333314,0.0,0.0,0.0,3.7576674725593597,False
Full,PR1_HT1_EC1,60001,1,500,2000,WEN38:i1:nsga2:s60001:r1:PR1_HT1_EC1:ceb9ada93d38,WEN38:i1:nsga2:s60001:r1:PR1_HT1_EC1:742a07617751,0.3983893773659095,0.860674705100112,0.13586002547129633,-0.16013849010808023,-20149.333333333358,-0.35426889987229515,0.3741124383993103,0.7744426905790271,0.15529447457332046,-0.16013849010808023,-20149.333333333358,-0.35426889987229515,0.35426889987229515,0.0,11.625362786635801,False
Full,PR1_HT1_EC1,60001,1,2000,5000,WEN38:i1:nsga2:s60001:r1:PR1_HT1_EC1:742a07617751,WEN38:i1:nsga2:s60001:r1:PR1_HT1_EC1:23ae88380adf,0.11277389216802458,0.13093911623360852,0.0417657561808468,-0.0033795203484894287,-1737.666666666657,0.0,0.10266167354641875,0.11976598746851687,0.036571866954898696,-0.0033795203484894287,-1737.666666666657,0.0,0.0,0.0,3.7008364077505256,False
Full,PR1_HT1_EC1,60002,2,500,2000,WEN38:i1:nsga2:s60002:r2:PR1_HT1_EC1:6bf81821659d,WEN38:i1:nsga2:s60002:r2:PR1_HT1_EC1:073244d3b9aa,0.5829329245023653,1.4822480048599336,0.25653343488045827,-0.18885997963395385,389.0000000000291,-0.40147904249806743,0.5248039541884156,1.2575169056434654,0.2403405382874779,-0.18885997963395385,389.0000000000291,-0.40147904249806743,0.40147904249806743,0.0,3.4437431872124553,False
Full,PR1_HT1_EC1,60002,2,2000,5000,WEN38:i1:nsga2:s60002:r2:PR1_HT1_EC1:073244d3b9aa,WEN38:i1:nsga2:s60002:r2:PR1_HT1_EC1:fcbd0dabd7d4,0.12634274767170472,0.12942180022069832,0.04177065239897309,-0.0001762134123000081,-27278.833333333343,0.0,0.10117215920544476,0.10738577138794438,0.034331114105681904,-0.0001762134123000081,-27278.833333333343,0.0,0.0,0.0,3.792106343515214,False
Full,PR1_HT1_EC1,60003,3,500,2000,WEN38:i1:nsga2:s60003:r3:PR1_HT1_EC1:0c451e3d1f0d,WEN38:i1:nsga2:s60003:r3:PR1_HT1_EC1:af1912c5b598,0.3081800198839726,0.4340179773520378,0.13562778948843232,-0.008849583023716079,17801.166666666686,0.0,0.24278867600310983,0.33122805829179075,0.10836485671235016,-0.008849583023716079,17801.166666666686,0.0,0.0,0.0,4.20354745937543,False
Full,PR1_HT1_EC1,60003,3,2000,5000,WEN38:i1:nsga2:s60003:r3:PR1_HT1_EC1:af1912c5b598,WEN38:i1:nsga2:s60003:r3:PR1_HT1_EC1:e6fe7a604964,0.12226263513004998,0.12007218007679792,0.07366477958322228,-0.0017717930545710914,-1108.000000000029,0.0,0.09730834017767309,0.09972322018586285,0.04554778374357775,-0.0017717930545710914,-1108.000000000029,0.0,0.0,0.0,2.9932506549415105,False
Full,PR1_HT1_EC1,60004,4,500,2000,WEN38:i1:nsga2:s60004:r4:PR1_HT1_EC1:f55fe0988612,WEN38:i1:nsga2:s60004:r4:PR1_HT1_EC1:a8804fc163b2,0.31207084471445945,0.6618453574384813,0.1255471001481783,-0.22977204580129929,27778.0,-0.35197354122283286,0.31342912274749646,0.6434140873502744,0.11507061997832896,-0.22977204580129929,27778.0,-0.35197354122283286,0.35197354122283286,0.0,4.901502166470559,False
Full,PR1_HT1_EC1,60004,4,2000,5000,WEN38:i1:nsga2:s60004:r4:PR1_HT1_EC1:a8804fc163b2,WEN38:i1:nsga2:s60004:r4:PR1_HT1_EC1:412ad82c5ece,0.2523230387212434,0.32201019979198503,0.10141810435264857,-0.000803029282786305,-3311.333333333343,0.0,0.19448727674526178,0.24293797555552543,0.1053336767871045,-0.000803029282786305,-3311.333333333343,0.0,0.0,0.0,2.160953326069116,False
