run_key,case_id,instance_seed,solver_seed,solver_repeat,model_id,physical_instance_hash,scenario_family,zone,planning_model,max_evaluations,evaluations,runtime_seconds,termination_reason,reused_from_pilot,saved_decisions,planning_front_size,execution_front_size,planning_hypervolume,planning_igd,execution_hypervolume,execution_igd,representative_decision_hash,representative_planning_F1,representative_planning_F2,representative_planning_F3,representative_execution_F1,representative_execution_F2,representative_execution_F3,execution_min_satisfaction,execution_total_satisfaction,execution_zero_service_ratio,execution_remaining_supply
WEN38:i1:nsga2:s60000:r0:PR0_HT1_EC1:b9f998d6cc5d,WEN38,1,60000,0,PR0_HT1_EC1,cf9bc95d906238978e0c5ab26a1947d4104e026d3bac972323bf05453ec86ca7,benchmark,original,No-PR,500,500,8.556544416991528,budget_exhausted,True,33,33,12,0.5570869888428237,0.25261890741561194,0.21499305447819309,0.5301309662775402,741f40313babe82b,2.9072110276029433,99235.0,-0.4480096501820299,2.6575653862140713,160089.83333333334,-0.1825652018596884,0.1825652018596884,0.7973068745570517,0.0,0.0
WEN38:i1:nsga2:s60000:r0:PR1_HT0_EC1:ed89f90c2cee,WEN38,1,60000,0,PR1_HT0_EC1,cf9bc95d906238978e0c5ab26a1947d4104e026d3bac972323bf05453ec86ca7,benchmark,original,No-HT,500,500,8.647263457998633,budget_exhausted,True,28,28,18,0.4826949195647283,0.2930287770130972,0.5339197506053253,0.30984793074342915,823b3154a1b29d06,2.464202792774178,125195.66666666667,-0.45048160039550567,2.462430999719607,143920.33333333334,-0.445542109163398,0.445542109163398,0.7973068745570517,0.0,0.0
WEN38:i1:nsga2:s60000:r0:PR1_HT1_EC0:233634bab1fc,WEN38,1,60000,0,PR1_HT1_EC0,cf9bc95d906238978e0c5ab26a1947d4104e026d3bac972323bf05453ec86ca7,benchmark,original,No-EC,500,500,2.903111708990764,budget_exhausted,True,18,18,18,0.4782406721549246,0.2854672536526442,0.5020071930827046,0.3090525924731119,b12291b3eff8fca1,2.6443045238338136,115276.66666666669,-0.4349222030141391,2.6443045238338136,115276.66666666669,-0.4349222030141391,0.4349222030141391,0.7973068745570517,0.0,0.0
WEN38:i1:nsga2:s60000:r0:PR1_HT1_EC1:ac79a73486e1,WEN38,1,60000,0,PR1_HT1_EC1,cf9bc95d906238978e0c5ab26a1947d4104e026d3bac972323bf05453ec86ca7,benchmark,original,Full,500,500,8.957674375007628,budget_exhausted,True,18,18,18,0.4782406721549246,0.2854672536526442,0.5020071930827046,0.3090525924731119,b12291b3eff8fca1,2.6443045238338136,115276.66666666669,-0.4349222030141391,2.6443045238338136,115276.66666666669,-0.4349222030141391,0.4349222030141391,0.7973068745570517,0.0,0.0
WEN38:i1:nsga2:s60001:r1:PR0_HT1_EC1:2aca52bb3fb1,WEN38,1,60001,1,PR0_HT1_EC1,cf9bc95d906238978e0c5ab26a1947d4104e026d3bac972323bf05453ec86ca7,benchmark,original,No-PR,500,500,8.348119083995698,budget_exhausted,True,33,33,9,0.43024850250434055,0.3322792966521862,0.20194647960083228,0.5265516480161982,7660a3b94feb8f4b,2.877201896163914,140733.0,-0.33313902652389515,2.7759439230948706,157169.66666666666,-0.0,0.0,0.7973068745570211,0.17142857142857143,3.4515323932282627e-10
WEN38:i1:nsga2:s60001:r1:PR1_HT0_EC1:810cc032fd7d,WEN38,1,60001,1,PR1_HT0_EC1,cf9bc95d906238978e0c5ab26a1947d4104e026d3bac972323bf05453ec86ca7,benchmark,original,No-HT,500,500,8.597391083021648,budget_exhausted,True,19,19,13,0.3417158064506083,0.3607759694487853,0.33608799775945253,0.4318645676785816,e51cc80a803239cc,2.7652941711196948,115553.66666666667,-0.33313902652480465,2.7652941711196948,145185.33333333334,-0.33313902652480465,0.33313902652480465,0.7973068745570037,0.0,5.411493475548923e-10
WEN38:i1:nsga2:s60001:r1:PR1_HT1_EC0:f2ee064e9de3,WEN38,1,60001,1,PR1_HT1_EC0,cf9bc95d906238978e0c5ab26a1947d4104e026d3bac972323bf05453ec86ca7,benchmark,original,No-EC,500,500,2.8790981670026667,budget_exhausted,True,27,27,27,0.4628803135553631,0.2858234677121124,0.4830731091536261,0.32209563999283175,aacc90007cf45364,2.6287423963597236,149233.6666666667,-0.4430379746845574,2.6287423963597236,149233.6666666667,-0.4430379746845574,0.4430379746845574,0.7973068745570517,0.0,0.0
WEN38:i1:nsga2:s60001:r1:PR1_HT1_EC1:ceb9ada93d38,WEN38,1,60001,1,PR1_HT1_EC1,cf9bc95d906238978e0c5ab26a1947d4104e026d3bac972323bf05453ec86ca7,benchmark,original,Full,500,500,8.422305999993114,budget_exhausted,True,27,27,27,0.4628803135553631,0.2858234677121124,0.4830731091536261,0.32209563999283175,aacc90007cf45364,2.6287423963597236,149233.6666666667,-0.4430379746845574,2.6287423963597236,149233.6666666667,-0.4430379746845574,0.4430379746845574,0.7973068745570517,0.0,0.0
WEN38:i1:nsga2:s60002:r2:PR0_HT1_EC1:7b250956fe84,WEN38,1,60002,2,PR0_HT1_EC1,cf9bc95d906238978e0c5ab26a1947d4104e026d3bac972323bf05453ec86ca7,benchmark,original,No-PR,500,500,28.340329667000333,budget_exhausted,False,23,23,7,0.5142599999395372,0.25052749332535057,0.35838680660583516,0.3786226585036078,72bbc61ec70389f0,3.2445890436611435,98252.0,-0.3947089947096174,2.9632283065955596,163815.3333333333,-0.05998356614873046,0.05998356614873046,0.7973068745570308,0.0,2.3590018827235326e-10
WEN38:i1:nsga2:s60002:r2:PR1_HT0_EC1:08ec9ca4fa4d,WEN38,1,60002,2,PR1_HT0_EC1,cf9bc95d906238978e0c5ab26a1947d4104e026d3bac972323bf05453ec86ca7,benchmark,original,No-HT,500,500,29.156903041002806,budget_exhausted,False,20,20,12,0.4319395861977947,0.3168659438242048,0.46659322048257335,0.348694745366934,6b36e6bd83b84280,2.7235168585271534,114530.0,-0.45354669214339083,2.7235168585271534,150927.0,-0.45354669214339083,0.45354669214339083,0.7973068745570517,0.0,0.0
WEN38:i1:nsga2:s60002:r2:PR1_HT1_EC0:abbe524f5fc3,WEN38,1,60002,2,PR1_HT1_EC0,cf9bc95d906238978e0c5ab26a1947d4104e026d3bac972323bf05453ec86ca7,benchmark,original,No-EC,500,500,9.981354457995621,budget_exhausted,False,19,19,19,0.39327624162155655,0.3440230785426195,0.41733351800934715,0.367640085054827,e6d52e53ac7cf9ea,2.6545941087045013,152668.3333333333,-0.39582783205878513,2.6545941087045013,152668.3333333333,-0.39582783205878513,0.39582783205878513,0.7973068745570336,0.0,2.02817318495363e-10
WEN38:i1:nsga2:s60002:r2:PR1_HT1_EC1:6bf81821659d,WEN38,1,60002,2,PR1_HT1_EC1,cf9bc95d906238978e0c5ab26a1947d4104e026d3bac972323bf05453ec86ca7,benchmark,original,Full,500,500,28.708794375008438,budget_exhausted,False,19,19,19,0.39327624162155655,0.3440230785426195,0.41733351800934715,0.367640085054827,e6d52e53ac7cf9ea,2.6545941087045013,152668.3333333333,-0.39582783205878513,2.6545941087045013,152668.3333333333,-0.39582783205878513,0.39582783205878513,0.7973068745570336,0.0,2.02817318495363e-10
WEN38:i1:nsga2:s60003:r3:PR0_HT1_EC1:8f1a51c5366d,WEN38,1,60003,3,PR0_HT1_EC1,cf9bc95d906238978e0c5ab26a1947d4104e026d3bac972323bf05453ec86ca7,benchmark,original,No-PR,500,500,22.64540770900203,budget_exhausted,False,23,23,10,0.5647694584018645,0.24547942161657346,0.28506130634651355,0.45762162207431684,cfc80bc27d25d77a,2.612499805565953,126634.0,-0.3755458515297505,2.5104525142146787,148964.0,-0.16890664729635319,0.16890664729635319,0.7973068745569718,0.0,9.022187441587448e-10
WEN38:i1:nsga2:s60003:r3:PR1_HT0_EC1:5993863257aa,WEN38,1,60003,3,PR1_HT0_EC1,cf9bc95d906238978e0c5ab26a1947d4104e026d3bac972323bf05453ec86ca7,benchmark,original,No-HT,500,500,24.25009349998436,budget_exhausted,False,24,24,15,0.6730322776535891,0.23460123998973192,0.8017632316609296,0.22314066670092234,3bfdac9d3913c7ed,2.466247377129241,134914.0,-0.7973068745568526,2.466247377129241,136918.0,-0.7973068745568526,0.7973068745568526,0.7973068745570517,0.0,0.0
WEN38:i1:nsga2:s60003:r3:PR1_HT1_EC0:3ec21dc8c2c8,WEN38,1,60003,3,PR1_HT1_EC0,cf9bc95d906238978e0c5ab26a1947d4104e026d3bac972323bf05453ec86ca7,benchmark,original,No-EC,500,500,8.3078764170059,budget_exhausted,False,22,22,22,0.7100627991591317,0.23469539316068613,0.7329954994006834,0.23113684136452614,18fc8d5b008ab27a,2.4690466492686394,155379.5,-0.7973068745568526,2.4690466492686394,155379.5,-0.7973068745568526,0.7973068745568526,0.7973068745570517,0.0,0.0
WEN38:i1:nsga2:s60003:r3:PR1_HT1_EC1:0c451e3d1f0d,WEN38,1,60003,3,PR1_HT1_EC1,cf9bc95d906238978e0c5ab26a1947d4104e026d3bac972323bf05453ec86ca7,benchmark,original,Full,500,500,30.041123749979306,budget_exhausted,False,22,22,22,0.7100627991591317,0.23469539316068613,0.7329954994006834,0.23113684136452614,18fc8d5b008ab27a,2.4690466492686394,155379.5,-0.7973068745568526,2.4690466492686394,155379.5,-0.7973068745568526,0.7973068745568526,0.7973068745570517,0.0,0.0
WEN38:i1:nsga2:s60004:r4:PR0_HT1_EC1:2a86c697db65,WEN38,1,60004,4,PR0_HT1_EC1,cf9bc95d906238978e0c5ab26a1947d4104e026d3bac972323bf05453ec86ca7,benchmark,original,No-PR,500,500,22.884198292013025,budget_exhausted,False,28,28,8,0.5338518639587474,0.24314604939008747,0.3511732364745346,0.4327486405004451,d210bc88bcbfb598,2.6593154268020607,110601.0,-0.3926201221147494,2.5425542645056156,133652.6666666667,-0.2798237330835036,0.2798237330835036,0.7973068745570517,0.0,0.0
WEN38:i1:nsga2:s60004:r4:PR1_HT0_EC1:6d949d439727,WEN38,1,60004,4,PR1_HT0_EC1,cf9bc95d906238978e0c5ab26a1947d4104e026d3bac972323bf05453ec86ca7,benchmark,original,No-HT,500,500,23.847887582989642,budget_exhausted,False,29,29,20,0.45151556637241796,0.3091397796532684,0.48448011866973556,0.33752547687485596,d5552b75597b6446,3.2344146010346266,92035.66666666667,-0.406639004149838,3.2344146010346266,117587.66666666669,-0.406639004149838,0.406639004149838,0.7973068745570517,0.0,0.0
WEN38:i1:nsga2:s60004:r4:PR1_HT1_EC0:daf2b42676e8,WEN38,1,60004,4,PR1_HT1_EC0,cf9bc95d906238978e0c5ab26a1947d4104e026d3bac972323bf05453ec86ca7,benchmark,original,No-EC,500,500,7.929561791999731,budget_exhausted,False,23,23,23,0.4715162555831126,0.300436082894928,0.4871343803463628,0.3277650900917591,f10c29e720eddbdc,2.692620336102448,134794.6666666667,-0.4453333333340197,2.692620336102448,134794.6666666667,-0.4453333333340197,0.4453333333340197,0.7973068745570517,0.0,0.0
WEN38:i1:nsga2:s60004:r4:PR1_HT1_EC1:f55fe0988612,WEN38,1,60004,4,PR1_HT1_EC1,cf9bc95d906238978e0c5ab26a1947d4104e026d3bac972323bf05453ec86ca7,benchmark,original,Full,500,500,22.69311204101541,budget_exhausted,False,23,23,23,0.4715162555831126,0.300436082894928,0.4871343803463628,0.3277650900917591,f10c29e720eddbdc,2.692620336102448,134794.6666666667,-0.4453333333340197,2.692620336102448,134794.6666666667,-0.4453333333340197,0.4453333333340197,0.7973068745570517,0.0,0.0
WEN38:i1:nsga2:s60000:r0:PR0_HT1_EC1:851e264b20f4,WEN38,1,60000,0,PR0_HT1_EC1,cf9bc95d906238978e0c5ab26a1947d4104e026d3bac972323bf05453ec86ca7,benchmark,original,No-PR,2000,2000,95.00125116700656,budget_exhausted,False,50,50,13,0.8592588242721972,0.089070507159664,0.3643295343748021,0.3896156498361695,b9ad304c28e68e9c,2.7445338726013384,113772.0,-0.5210383085623107,2.524034226959743,107258.0,-0.0,0.0,0.7973068745570063,0.11428571428571428,5.129550117999315e-10
WEN38:i1:nsga2:s60000:r0:PR1_HT0_EC1:7506b3adc82a,WEN38,1,60000,0,PR1_HT0_EC1,cf9bc95d906238978e0c5ab26a1947d4104e026d3bac972323bf05453ec86ca7,benchmark,original,No-HT,2000,2000,104.49383937500534,budget_exhausted,False,44,44,23,0.7703638274923934,0.17159552999356756,0.8926785896481455,0.16901253075144912,a57bb13cfbc1909d,2.4702663118997696,145044.0,-0.7973068745568526,2.4702663118997696,145845.0,-0.7973068745568526,0.7973068745568526,0.7973068745570517,0.0,0.0
WEN38:i1:nsga2:s60000:r0:PR1_HT1_EC0:19d5b96ee482,WEN38,1,60000,0,PR1_HT1_EC0,cf9bc95d906238978e0c5ab26a1947d4104e026d3bac972323bf05453ec86ca7,benchmark,original,No-EC,2000,2000,46.841877624974586,budget_exhausted,False,36,36,36,0.9314697371705977,0.11712386956679398,0.9103485319082216,0.14808801018132484,02ba78d345248a7f,2.46755044581937,136413.66666666666,-0.7973068745568526,2.46755044581937,136413.66666666666,-0.7973068745568526,0.7973068745568526,0.7973068745570517,0.0,0.0
WEN38:i1:nsga2:s60000:r0:PR1_HT1_EC1:ed30a9d4a9ff,WEN38,1,60000,0,PR1_HT1_EC1,cf9bc95d906238978e0c5ab26a1947d4104e026d3bac972323bf05453ec86ca7,benchmark,original,Full,2000,2000,96.04528725001728,budget_exhausted,False,36,36,36,0.9314697371705977,0.11712386956679398,0.9103485319082216,0.14808801018132484,02ba78d345248a7f,2.46755044581937,136413.66666666666,-0.7973068745568526,2.46755044581937,136413.66666666666,-0.7973068745568526,0.7973068745568526,0.7973068745570517,0.0,0.0
WEN38:i1:nsga2:s60001:r1:PR0_HT1_EC1:234cd11ee600,WEN38,1,60001,1,PR0_HT1_EC1,cf9bc95d906238978e0c5ab26a1947d4104e026d3bac972323bf05453ec86ca7,benchmark,original,No-PR,2000,2000,97.63387766599772,budget_exhausted,False,58,58,16,0.7642682761225096,0.16357247458081725,0.5255466407891348,0.30833698768765266,42d75fcb6150b3c5,2.91828199994546,115827.0,-0.4932447397568467,2.7113365711717288,132297.6666666667,-0.06267922982624441,0.06267922982624441,0.7973068745570517,0.0,0.0
WEN38:i1:nsga2:s60001:r1:PR1_HT0_EC1:e483dd3402ce,WEN38,1,60001,1,PR1_HT0_EC1,cf9bc95d906238978e0c5ab26a1947d4104e026d3bac972323bf05453ec86ca7,benchmark,original,No-HT,2000,2000,112.22434970899485,budget_exhausted,False,44,44,34,0.6600446095564556,0.18572349475946626,0.7338071687929935,0.19987586118567596,185cebb7ecaefdd0,2.4720390603123388,128983.66666666667,-0.5891428042641564,2.4720390603123388,140689.6666666667,-0.5891428042641564,0.5891428042641564,0.7973068745570517,0.0,0.0
WEN38:i1:nsga2:s60001:r1:PR1_HT1_EC0:4e6755c4f558,WEN38,1,60001,1,PR1_HT1_EC0,cf9bc95d906238978e0c5ab26a1947d4104e026d3bac972323bf05453ec86ca7,benchmark,original,No-EC,2000,2000,44.46948908298509,budget_exhausted,False,47,47,47,0.8612696909212726,0.1499634422408161,0.8571855475529364,0.1668011654195113,f3b8077a89655cbc,2.4686039062516434,129084.33333333333,-0.7973068745568526,2.4686039062516434,129084.33333333333,-0.7973068745568526,0.7973068745568526,0.7973068745570517,0.0,0.0
WEN38:i1:nsga2:s60001:r1:PR1_HT1_EC1:742a07617751,WEN38,1,60001,1,PR1_HT1_EC1,cf9bc95d906238978e0c5ab26a1947d4104e026d3bac972323bf05453ec86ca7,benchmark,original,Full,2000,2000,97.91236274997937,budget_exhausted,False,47,47,47,0.8612696909212726,0.1499634422408161,0.8571855475529364,0.1668011654195113,f3b8077a89655cbc,2.4686039062516434,129084.33333333333,-0.7973068745568526,2.4686039062516434,129084.33333333333,-0.7973068745568526,0.7973068745568526,0.7973068745570517,0.0,0.0
WEN38:i1:nsga2:s60002:r2:PR0_HT1_EC1:1f998f0148e6,WEN38,1,60002,2,PR0_HT1_EC1,cf9bc95d906238978e0c5ab26a1947d4104e026d3bac972323bf05453ec86ca7,benchmark,original,No-PR,2000,2000,95.80347870799596,budget_exhausted,False,51,51,13,0.7790377942313869,0.13401642316393772,0.4434402381442445,0.3534281763516595,c461f8f9acdd8e62,2.9869989519947007,95807.0,-0.476430205950237,2.7380620278269445,120032.16666666667,-0.0,0.0,0.7973068745570517,0.17142857142857143,0.0
WEN38:i1:nsga2:s60002:r2:PR1_HT0_EC1:e31b85b97044,WEN38,1,60002,2,PR1_HT0_EC1,cf9bc95d906238978e0c5ab26a1947d4104e026d3bac972323bf05453ec86ca7,benchmark,original,No-HT,2000,2000,114.15023662502063,budget_exhausted,False,59,59,35,0.8949834170434421,0.11826578578993115,1.0010145787832008,0.10569786975919024,4a520c125667ff9e,2.4645003619956904,145136.6666666667,-0.7973068745568526,2.467158051577547,147795.66666666666,-0.7973068745568526,0.7973068745568526,0.7973068745570517,0.0,0.0
WEN38:i1:nsga2:s60002:r2:PR1_HT1_EC0:785d4370cf5e,WEN38,1,60002,2,PR1_HT1_EC0,cf9bc95d906238978e0c5ab26a1947d4104e026d3bac972323bf05453ec86ca7,benchmark,original,No-EC,2000,2000,45.04965187498601,budget_exhausted,False,60,60,60,0.9762091661239218,0.08748964366216123,0.9421374721977628,0.1272995467673491,a0aa5c8182e3090a,2.4657341290705475,153057.33333333334,-0.7973068745568526,2.4657341290705475,153057.33333333334,-0.7973068745568526,0.7973068745568526,0.7973068745570517,0.0,0.0
WEN38:i1:nsga2:s60002:r2:PR1_HT1_EC1:073244d3b9aa,WEN38,1,60002,2,PR1_HT1_EC1,cf9bc95d906238978e0c5ab26a1947d4104e026d3bac972323bf05453ec86ca7,benchmark,original,Full,2000,2000,98.86571504201856,budget_exhausted,False,60,60,60,0.9762091661239218,0.08748964366216123,0.9421374721977628,0.1272995467673491,a0aa5c8182e3090a,2.4657341290705475,153057.33333333334,-0.7973068745568526,2.4657341290705475,153057.33333333334,-0.7973068745568526,0.7973068745568526,0.7973068745570517,0.0,0.0
WEN38:i1:nsga2:s60003:r3:PR0_HT1_EC1:c9ecedbe9866,WEN38,1,60003,3,PR0_HT1_EC1,cf9bc95d906238978e0c5ab26a1947d4104e026d3bac972323bf05453ec86ca7,benchmark,original,No-PR,2000,2000,96.64256750000641,budget_exhausted,False,65,65,25,0.9288525996337895,0.06431492333529978,0.7049329253995562,0.22410028904536933,5c418b4481ec5780,2.8001326900446992,103041.0,-0.516074450085398,2.623219153546099,131884.6666666667,-0.3385371494669016,0.3385371494669016,0.7973068745570517,0.0,0.0
WEN38:i1:nsga2:s60003:r3:PR1_HT0_EC1:097c71e9a8cb,WEN38,1,60003,3,PR1_HT0_EC1,cf9bc95d906238978e0c5ab26a1947d4104e026d3bac972323bf05453ec86ca7,benchmark,original,No-HT,2000,2000,97.31138070797897,budget_exhausted,False,51,51,36,0.9389919777276204,0.1344205570855307,1.0489064429837205,0.09523283630526137,bcee74411e227d97,2.4635458690763645,153220.5,-0.7973068745568526,2.4635458690763645,165180.16666666666,-0.7973068745568526,0.7973068745568526,0.7973068745570517,0.0,0.0
WEN38:i1:nsga2:s60003:r3:PR1_HT1_EC0:511599eb579d,WEN38,1,60003,3,PR1_HT1_EC0,cf9bc95d906238978e0c5ab26a1947d4104e026d3bac972323bf05453ec86ca7,benchmark,original,No-EC,2000,2000,31.734006207989296,budget_exhausted,False,37,37,37,1.0182428190431043,0.09906760367225381,0.9757841754037933,0.12277198465217598,c46d6d255e731b2f,2.4601970662449233,173180.6666666667,-0.7973068745568526,2.4601970662449233,173180.6666666667,-0.7973068745568526,0.7973068745568526,0.7973068745570517,0.0,0.0
WEN38:i1:nsga2:s60003:r3:PR1_HT1_EC1:af1912c5b598,WEN38,1,60003,3,PR1_HT1_EC1,cf9bc95d906238978e0c5ab26a1947d4104e026d3bac972323bf05453ec86ca7,benchmark,original,Full,2000,2000,126.2792894160084,budget_exhausted,False,37,37,37,1.0182428190431043,0.09906760367225381,0.9757841754037933,0.12277198465217598,c46d6d255e731b2f,2.4601970662449233,173180.6666666667,-0.7973068745568526,2.4601970662449233,173180.6666666667,-0.7973068745568526,0.7973068745568526,0.7973068745570517,0.0,0.0
WEN38:i1:nsga2:s60004:r4:PR0_HT1_EC1:1fc0c8443b44,WEN38,1,60004,4,PR0_HT1_EC1,cf9bc95d906238978e0c5ab26a1947d4104e026d3bac972323bf05453ec86ca7,benchmark,original,No-PR,2000,2000,97.94105066699558,budget_exhausted,False,45,45,14,0.7885993312614028,0.15071044188599297,0.5055162725758102,0.30522393503778683,ee3ef29de51918e8,2.8017578058554893,110549.5,-0.5511965476662226,2.5657549709868164,122267.83333333334,-0.05998356614873046,0.05998356614873046,0.7973068745570517,0.0,0.0
WEN38:i1:nsga2:s60004:r4:PR1_HT0_EC1:3123814e608b,WEN38,1,60004,4,PR1_HT0_EC1,cf9bc95d906238978e0c5ab26a1947d4104e026d3bac972323bf05453ec86ca7,benchmark,original,No-HT,2000,2000,93.91858120801044,budget_exhausted,False,57,57,40,0.5954946599162099,0.18468868229595334,0.669994402416393,0.22431764011103408,1481f3f69632e229,2.4686524308973574,125462.66666666667,-0.533325929152852,2.4686524308973574,128947.0,-0.533325929152852,0.533325929152852,0.7973068745570517,0.0,0.0
WEN38:i1:nsga2:s60004:r4:PR1_HT1_EC0:384c4b2a81e6,WEN38,1,60004,4,PR1_HT1_EC0,cf9bc95d906238978e0c5ab26a1947d4104e026d3bac972323bf05453ec86ca7,benchmark,original,No-EC,2000,2000,30.603886041993974,budget_exhausted,False,54,54,54,0.7835871002975721,0.17488898274674972,0.8005635030938593,0.21269447011343012,5b79823882cec780,2.4628482903011486,162572.6666666667,-0.7973068745568526,2.4628482903011486,162572.6666666667,-0.7973068745568526,0.7973068745568526,0.7973068745570517,0.0,0.0
WEN38:i1:nsga2:s60004:r4:PR1_HT1_EC1:a8804fc163b2,WEN38,1,60004,4,PR1_HT1_EC1,cf9bc95d906238978e0c5ab26a1947d4104e026d3bac972323bf05453ec86ca7,benchmark,original,Full,2000,2000,111.23033783299616,budget_exhausted,False,54,54,54,0.7835871002975721,0.17488898274674972,0.8005635030938593,0.21269447011343012,5b79823882cec780,2.4628482903011486,162572.6666666667,-0.7973068745568526,2.4628482903011486,162572.6666666667,-0.7973068745568526,0.7973068745568526,0.7973068745570517,0.0,0.0
WEN38:i1:nsga2:s60000:r0:PR0_HT1_EC1:9081e514fb6f,WEN38,1,60000,0,PR0_HT1_EC1,cf9bc95d906238978e0c5ab26a1947d4104e026d3bac972323bf05453ec86ca7,benchmark,original,No-PR,5000,5000,251.03716995799914,budget_exhausted,False,107,107,11,1.0194097704116916,0.04410409913247985,0.5998031960471689,0.2745767085219658,d68c4728a83fdbd8,2.8371936669467326,92035.0,-0.5544303797469183,2.535280130448207,156851.0,-0.07405908539294614,0.07405908539294614,0.7973068745570517,0.0,0.0
WEN38:i1:nsga2:s60000:r0:PR1_HT0_EC1:1639f57d8023,WEN38,1,60000,0,PR1_HT0_EC1,cf9bc95d906238978e0c5ab26a1947d4104e026d3bac972323bf05453ec86ca7,benchmark,original,No-HT,5000,5000,229.57733329199255,budget_exhausted,False,94,94,39,0.9070006645110016,0.10816918397016369,1.0058896020858563,0.1044025426825157,a5a4f5667a1d1691,2.462526705450535,118562.66666666667,-0.7973068745568526,2.4634126019778204,120184.0,-0.7973068745568526,0.7973068745568526,0.7973068745570517,0.0,0.0
WEN38:i1:nsga2:s60000:r0:PR1_HT1_EC0:133825dd952b,WEN38,1,60000,0,PR1_HT1_EC0,cf9bc95d906238978e0c5ab26a1947d4104e026d3bac972323bf05453ec86ca7,benchmark,original,No-EC,5000,5000,93.57812325001578,budget_exhausted,False,58,58,58,1.102414680140895,0.0617956019083839,1.0448726630119345,0.09786327490688483,e4454b05e2e9023e,2.4628047711066134,132581.33333333334,-0.7973068745568526,2.4628047711066134,132581.33333333334,-0.7973068745568526,0.7973068745568526,0.7973068745570517,0.0,0.0
WEN38:i1:nsga2:s60000:r0:PR1_HT1_EC1:ee51f2059906,WEN38,1,60000,0,PR1_HT1_EC1,cf9bc95d906238978e0c5ab26a1947d4104e026d3bac972323bf05453ec86ca7,benchmark,original,Full,5000,5000,360.90625179201015,budget_exhausted,False,58,58,58,1.102414680140895,0.0617956019083839,1.0448726630119345,0.09786327490688483,e4454b05e2e9023e,2.4628047711066134,132581.33333333334,-0.7973068745568526,2.4628047711066134,132581.33333333334,-0.7973068745568526,0.7973068745568526,0.7973068745570517,0.0,0.0
WEN38:i1:nsga2:s60001:r1:PR0_HT1_EC1:40665960a588,WEN38,1,60001,1,PR0_HT1_EC1,cf9bc95d906238978e0c5ab26a1947d4104e026d3bac972323bf05453ec86ca7,benchmark,original,No-PR,5000,5000,255.34932704200037,budget_exhausted,False,116,116,20,0.9428544829327639,0.06337520663061731,0.694569387459746,0.21377526482971976,bece9cb3c08942b2,2.743002997223771,92881.0,-0.5210383085623107,2.626241834927633,84574.5,-0.3385371494669016,0.3385371494669016,0.7973068745570517,0.0,0.0
WEN38:i1:nsga2:s60001:r1:PR1_HT0_EC1:78ea841c0ff5,WEN38,1,60001,1,PR1_HT0_EC1,cf9bc95d906238978e0c5ab26a1947d4104e026d3bac972323bf05453ec86ca7,benchmark,original,No-HT,5000,5000,225.99466804100666,budget_exhausted,False,70,70,47,0.8988739626830903,0.13289139680495013,0.9977201617930729,0.1173743358464373,55efd9c51ace02cf,2.468350356064324,122962.16666666667,-0.7973068745568526,2.468350356064324,141294.83333333334,-0.7973068745568526,0.7973068745568526,0.7973068745570517,0.0,0.0
WEN38:i1:nsga2:s60001:r1:PR1_HT1_EC0:a68aa1d27e59,WEN38,1,60001,1,PR1_HT1_EC0,cf9bc95d906238978e0c5ab26a1947d4104e026d3bac972323bf05453ec86ca7,benchmark,original,No-EC,5000,5000,92.50968899999862,budget_exhausted,False,86,86,86,0.9740435830892972,0.1081976860599693,0.9598472210993552,0.1302292984646126,d6dcb5d07a4e4684,2.465224385903154,127346.66666666667,-0.7973068745568526,2.465224385903154,127346.66666666667,-0.7973068745568526,0.7973068745568526,0.7973068745570517,0.0,0.0
WEN38:i1:nsga2:s60001:r1:PR1_HT1_EC1:23ae88380adf,WEN38,1,60001,1,PR1_HT1_EC1,cf9bc95d906238978e0c5ab26a1947d4104e026d3bac972323bf05453ec86ca7,benchmark,original,Full,5000,5000,362.357636834,budget_exhausted,False,86,86,86,0.9740435830892972,0.1081976860599693,0.9598472210993552,0.1302292984646126,d6dcb5d07a4e4684,2.465224385903154,127346.66666666667,-0.7973068745568526,2.465224385903154,127346.66666666667,-0.7973068745568526,0.7973068745568526,0.7973068745570517,0.0,0.0
WEN38:i1:nsga2:s60002:r2:PR0_HT1_EC1:808bda2358e2,WEN38,1,60002,2,PR0_HT1_EC1,cf9bc95d906238978e0c5ab26a1947d4104e026d3bac972323bf05453ec86ca7,benchmark,original,No-PR,5000,5000,246.91192537499592,budget_exhausted,False,76,76,19,0.9030922553312722,0.08155720018620698,0.6027532286881548,0.2633052110331964,a592bbb2ffb3cc95,3.0255352686481047,93121.0,-0.5210383085623107,2.776598344481108,142051.0,-0.0,0.0,0.7973068745569672,0.17142857142857143,9.522409527562559e-10
WEN38:i1:nsga2:s60002:r2:PR1_HT0_EC1:aa692b75cf5c,WEN38,1,60002,2,PR1_HT0_EC1,cf9bc95d906238978e0c5ab26a1947d4104e026d3bac972323bf05453ec86ca7,benchmark,original,No-HT,5000,5000,224.25445566599956,budget_exhausted,False,70,70,35,0.9743650643744035,0.10218776939543597,1.062621093281456,0.08275120382111636,880fc25c3c854d87,2.4611341557331077,122342.66666666667,-0.7973068745568526,2.4629059487876788,129684.0,-0.7973068745568526,0.7973068745568526,0.7973068745570517,0.0,0.0
WEN38:i1:nsga2:s60002:r2:PR1_HT1_EC0:33a10700af6f,WEN38,1,60002,2,PR1_HT1_EC0,cf9bc95d906238978e0c5ab26a1947d4104e026d3bac972323bf05453ec86ca7,benchmark,original,No-EC,5000,5000,97.99171312499675,budget_exhausted,False,58,58,58,1.1025519137956266,0.045718991263188145,1.0433096314032075,0.09296843266166718,6c31b938521002fd,2.4655579156582474,125778.5,-0.7973068745568526,2.4655579156582474,125778.5,-0.7973068745568526,0.7973068745568526,0.7973068745570517,0.0,0.0
WEN38:i1:nsga2:s60002:r2:PR1_HT1_EC1:fcbd0dabd7d4,WEN38,1,60002,2,PR1_HT1_EC1,cf9bc95d906238978e0c5ab26a1947d4104e026d3bac972323bf05453ec86ca7,benchmark,original,Full,5000,5000,374.9093051670061,budget_exhausted,False,58,58,58,1.1025519137956266,0.045718991263188145,1.0433096314032075,0.09296843266166718,6c31b938521002fd,2.4655579156582474,125778.5,-0.7973068745568526,2.4655579156582474,125778.5,-0.7973068745568526,0.7973068745568526,0.7973068745570517,0.0,0.0
WEN38:i1:nsga2:s60003:r3:PR0_HT1_EC1:c710c850bf31,WEN38,1,60003,3,PR0_HT1_EC1,cf9bc95d906238978e0c5ab26a1947d4104e026d3bac972323bf05453ec86ca7,benchmark,original,No-PR,5000,5000,248.88939566598856,budget_exhausted,False,120,120,28,1.025870549656689,0.03046605046128263,0.8434944707393415,0.16778194523186074,8ef72d9cb0e94eec,2.7836067095798125,107414.0,-0.5304740406327255,2.6016435628755135,101802.0,-0.2573839662463797,0.2573839662463797,0.7973068745570517,0.0,0.0
WEN38:i1:nsga2:s60003:r3:PR1_HT0_EC1:5dd76293d3f3,WEN38,1,60003,3,PR1_HT0_EC1,cf9bc95d906238978e0c5ab26a1947d4104e026d3bac972323bf05453ec86ca7,benchmark,original,No-HT,5000,5000,230.67603083400172,budget_exhausted,False,76,76,43,1.0648420288607745,0.07488535021684369,1.1400709343605984,0.06440206102510829,b98c4ba9180fd1a1,2.4615066020477254,145551.0,-0.7973068745568526,2.4615066020477254,155169.5,-0.7973068745568526,0.7973068745568526,0.7973068745570517,0.0,0.0
WEN38:i1:nsga2:s60003:r3:PR1_HT1_EC0:81e09eaca11b,WEN38,1,60003,3,PR1_HT1_EC0,cf9bc95d906238978e0c5ab26a1947d4104e026d3bac972323bf05453ec86ca7,benchmark,original,No-EC,5000,5000,94.03157158297836,budget_exhausted,False,76,76,76,1.1405054541731543,0.025402824089031537,1.0730925155814663,0.07722420090859823,ad36adc4994e63d3,2.458425273190352,172072.66666666666,-0.7973068745568526,2.458425273190352,172072.66666666666,-0.7973068745568526,0.7973068745568526,0.7973068745570517,0.0,0.0
WEN38:i1:nsga2:s60003:r3:PR1_HT1_EC1:e6fe7a604964,WEN38,1,60003,3,PR1_HT1_EC1,cf9bc95d906238978e0c5ab26a1947d4104e026d3bac972323bf05453ec86ca7,benchmark,original,Full,5000,5000,377.98556575001567,budget_exhausted,False,76,76,76,1.1405054541731543,0.025402824089031537,1.0730925155814663,0.07722420090859823,ad36adc4994e63d3,2.458425273190352,172072.66666666666,-0.7973068745568526,2.458425273190352,172072.66666666666,-0.7973068745568526,0.7973068745568526,0.7973068745570517,0.0,0.0
WEN38:i1:nsga2:s60004:r4:PR0_HT1_EC1:5cf91a1f9acc,WEN38,1,60004,4,PR0_HT1_EC1,cf9bc95d906238978e0c5ab26a1947d4104e026d3bac972323bf05453ec86ca7,benchmark,original,No-PR,5000,5000,288.6760627499898,budget_exhausted,False,65,65,16,0.986665484402,0.06873075333938228,0.776895424797375,0.18938390622688553,3f5fbc0dee92c076,2.801388378497057,110380.5,-0.5511965476662226,2.624652021303496,133827.5,-0.28410513141625415,0.28410513141625415,0.7973068745570517,0.0,0.0
WEN38:i1:nsga2:s60004:r4:PR1_HT0_EC1:3c278f15c52c,WEN38,1,60004,4,PR1_HT0_EC1,cf9bc95d906238978e0c5ab26a1947d4104e026d3bac972323bf05453ec86ca7,benchmark,original,No-HT,5000,5000,211.04662845798885,budget_exhausted,False,97,97,55,0.7839545043301273,0.10757298012939119,0.7071279721085235,0.18739671944093686,8ca8f53719afc179,2.4744878390457616,123131.33333333334,-0.7346312387580838,2.4744878390454934,164988.0,-0.0,0.0,0.7973068745570517,0.08571428571428572,0.0
WEN38:i1:nsga2:s60004:r4:PR1_HT1_EC0:55d5a07c7ef1,WEN38,1,60004,4,PR1_HT1_EC0,cf9bc95d906238978e0c5ab26a1947d4104e026d3bac972323bf05453ec86ca7,benchmark,original,No-EC,5000,5000,54.00909541698638,budget_exhausted,False,73,73,73,1.0359101390188155,0.07347087839410114,0.995050779839121,0.10736079332632563,20165467d8264ae5,2.4620452610183623,159261.33333333334,-0.7973068745568526,2.4620452610183623,159261.33333333334,-0.7973068745568526,0.7973068745568526,0.7973068745570517,0.0,0.0
WEN38:i1:nsga2:s60004:r4:PR1_HT1_EC1:412ad82c5ece,WEN38,1,60004,4,PR1_HT1_EC1,cf9bc95d906238978e0c5ab26a1947d4104e026d3bac972323bf05453ec86ca7,benchmark,original,Full,5000,5000,240.36356850000448,budget_exhausted,False,73,73,73,1.0359101390188155,0.07347087839410114,0.995050779839121,0.10736079332632563,20165467d8264ae5,2.4620452610183623,159261.33333333334,-0.7973068745568526,2.4620452610183623,159261.33333333334,-0.7973068745568526,0.7973068745568526,0.7973068745570517,0.0,0.0
