overlay_type,overlay_seed,decision_id,decision_hash,threshold_sensitive_edge_periods,threshold_sensitive_od_periods,vehicle_access_set_changes,allocation_route_changed,allocation_vehicle_changed,allocation_amount_changed,allocation_trips_changed,allocation_pairing_changed,allocation_any_changed,delta_F1,delta_F2,delta_F3,F1,F2,F3,no_ht_F1,no_ht_F2,no_ht_F3,objective_changed,od_periods_considered
SR-A,1,spt,2dcac17970a2c069,6,88,0,0,0,0,0,0,0,0.0,0.0,0.0,2.750384528867655,189326.0,-0.0,2.750384528867655,189326.0,0.0,False,945
SR-A,1,random_0,8d40d32635ded60e,7,77,33,3,4,4,4,0,4,-0.10388934491530044,-34813.5,0.0,4.071961769227105,193701.83333333334,-0.0,3.9680724243118046,158888.33333333334,0.0,True,945
SR-A,1,random_1,931983b1cfc56e73,5,67,6,1,1,3,3,0,3,-0.00221474131821342,-2242.333333333343,0.0,2.954219777702474,151174.0,-0.0,2.9520050363842607,148931.66666666666,0.0,True,945
SR-A,1,random_2,9ba7f727ed7754d2,11,124,33,3,3,3,3,0,3,-0.08399263014261393,-59818.333333333314,0.0,3.05383133966719,219605.33333333334,-0.0,2.969838709524576,159787.00000000003,0.0,True,945
SR-A,1,random_3,1b522b8967324985,8,33,29,3,3,3,3,0,3,-0.08826477885090522,-28422.666666666657,-1.5476508963274682e-13,4.9167085328504765,185284.33333333334,-0.7537666810158044,4.828443753999571,156861.6666666667,-0.7537666810159591,True,945
SR-A,2,spt,622f673f7b00de7d,6,104,0,2,1,2,2,0,2,-0.0008858965272855457,-1640.0,0.0,2.4841466660399814,145737.0,-0.0,2.483260769512696,144097.0,0.0,True,945
SR-A,2,random_0,af10a63c8f0d3d81,6,84,12,1,1,1,1,0,1,0.0,-6186.0,0.0,2.5640480322392314,111133.16666666666,-0.0,2.5640480322392314,104947.16666666666,0.0,True,945
SR-A,2,random_1,0da01ecea6eb06b7,9,115,24,2,2,2,2,0,2,-0.005679303805108837,-5158.0,0.0,2.489044972133083,163883.0,-0.0,2.4833656683279743,158725.0,0.0,True,945
SR-A,2,random_2,c9d2cca74e8698da,6,61,2,1,1,2,1,0,2,-0.0008858965272855457,-4940.0,0.0,2.4758635301835277,139913.0,-0.0,2.474977633656242,134973.0,0.0,True,945
SR-A,2,random_3,4356f2135ec35c26,6,76,41,2,1,2,2,0,2,-0.0008858965272855457,-4363.666666666657,0.0,2.484132290905677,141737.0,-0.0,2.4832463943783916,137373.33333333334,0.0,True,945
SR-A,3,spt,b716b2a11d675167,6,62,0,2,2,2,2,0,2,-0.0015062518333044395,167.33333333334303,0.0,3.0130766525961388,213451.33333333334,-0.0,3.0115704007628343,213618.6666666667,0.0,True,945
SR-A,3,random_0,153214b2a250d8eb,8,107,12,2,2,2,2,0,2,-0.0019413302808892752,-10885.333333333314,-0.6316583388324943,3.513693394577972,249493.83333333334,-0.0,3.5117520642970828,238608.50000000003,-0.6316583388324943,True,945
SR-A,3,random_1,6c92374b1baae84e,10,185,72,3,3,3,3,0,3,-0.1874294868302382,-59466.0,0.0,2.700123018455245,281958.6666666667,-0.0,2.5126935316250067,222492.6666666667,0.0,True,945
SR-A,3,random_2,b47c0b820f965c3e,8,159,68,3,3,3,3,0,3,-0.024339908571403335,-38430.0,0.0,2.974302356700222,224156.0,-0.0,2.9499624481288187,185726.0,0.0,True,945
SR-A,3,random_3,b7af423b91c30526,7,105,6,2,2,2,2,0,2,0.0003670420037060751,-16712.0,0.0,2.9834241946762505,232493.83333333334,-0.0,2.9837912366799566,215781.83333333334,0.0,True,945
SR-A,4,spt,c26d19ff5369f188,6,71,0,0,0,0,0,0,0,0.0,0.0,0.0,2.481190750005429,161492.0,-0.0,2.481190750005429,161492.0,0.0,False,945
SR-A,4,random_0,bf924fb194ff260d,10,43,10,1,1,1,1,0,1,0.0,-420.66666666665697,0.0,2.993072365833319,113500.0,-0.5243610172219633,2.993072365833319,113079.33333333334,-0.5243610172219633,True,945
SR-A,4,random_1,5bce398ed79397f9,9,51,22,0,0,0,0,0,0,0.0,0.0,0.0,2.8641505161389818,119286.66666666667,-0.0,2.8641505161389818,119286.66666666667,0.0,False,945
SR-A,4,random_2,22eb70e88771ff9f,7,100,6,0,1,0,1,0,1,0.0,-850.6666666666279,0.0,2.6033198984401125,138076.3333333333,-0.0,2.6033198984401125,137225.6666666667,0.0,True,945
SR-A,4,random_3,77624f239dfe55ac,9,30,16,2,2,3,3,0,3,-0.001771793054285986,-21216.333333333314,0.0,2.863880973870873,136247.0,-0.0,2.862109180816587,115030.66666666669,0.0,True,945
SR-A,5,spt,988685c8407823d5,6,95,0,1,1,1,1,0,1,0.0,2101.666666666657,0.0,2.4767248887105904,169466.33333333334,-0.0,2.4767248887105904,171568.0,0.0,True,945
SR-A,5,random_0,d5a44b566d57fa6d,6,94,6,0,0,0,0,0,0,0.0,0.0,0.0,2.468017821393497,174964.5,-0.0,2.468017821393497,174964.5,0.0,False,945
SR-A,5,random_1,d1a71c6f671ebfe6,10,92,42,4,4,3,4,0,4,-0.006276942450475609,2635.333333333314,0.0,2.5831019994291466,190665.83333333334,-0.0,2.576825056978671,193301.16666666666,0.0,True,945
SR-A,5,random_2,6f58935a216649c7,7,44,10,1,2,1,2,0,2,0.0,-4868.0,0.0,2.6479655773970983,145413.33333333334,-0.12471308339900133,2.6479655773970983,140545.33333333334,-0.12471308339900133,True,945
SR-A,5,random_3,9bbf5ec8f1c48ec3,10,92,12,1,1,1,1,0,1,0.0,-225.66666666665697,0.0,2.570197316903813,175550.33333333334,-0.0,2.570197316903813,175324.6666666667,0.0,True,945
SR-A,6,spt,47b09488c74e153a,6,87,0,0,0,0,0,0,0,0.0,0.0,0.0,2.520352698329882,144145.0,-0.0,2.520352698329882,144145.0,0.0,False,945
SR-A,6,random_0,96f9038aee9af154,4,15,6,1,1,1,1,0,1,0.0,48.666666666656965,0.0,2.479975751925327,168810.33333333334,-0.0,2.479975751925327,168859.0,0.0,True,945
SR-A,6,random_1,c53ea0d41d50e1e0,9,86,47,2,2,2,2,0,2,-0.05198895700441275,-34160.33333333334,0.0,3.633489269237138,178705.6666666667,-0.775885791791552,3.581500312232725,144545.33333333334,-0.775885791791552,True,945
SR-A,6,random_2,0f6af0f77f248cae,7,65,45,1,1,1,1,0,1,0.0,-15126.0,0.0,2.7237727003249734,149012.16666666666,-0.0,2.7237727003249734,133886.16666666666,0.0,True,945
SR-A,6,random_3,1fbc2eee7593dc9a,6,69,6,0,1,0,1,0,1,0.0,-2316.0,0.0,2.5881207812078433,148718.5,-0.0,2.5881207812078433,146402.5,0.0,True,945
SR-A,7,spt,538a35a05f9d7b32,6,76,0,1,0,1,1,0,1,0.0,-94.66666666667152,0.0,2.4765112784126053,128133.66666666667,-0.0,2.4765112784126053,128039.0,0.0,True,945
SR-A,7,random_0,cc14b50f63cf713a,9,41,21,1,2,3,3,0,3,-0.003544451419741357,-29378.66666666667,0.0,3.0141277435000937,147413.5,-0.0,3.0105832920803524,118034.83333333333,0.0,True,945
SR-A,7,random_1,60dfffaf29602fdf,11,105,24,2,2,2,2,0,2,0.0,-16806.333333333314,0.0,2.472265824543089,160711.3333333333,-0.0,2.472265824543089,143905.0,0.0,True,945
SR-A,7,random_2,7e08dd27379e64ad,9,56,17,1,2,3,3,0,3,-0.0008858965272855457,-591.3333333333576,0.0,2.6036072968333785,128833.00000000001,-0.0,2.602721400306093,128241.66666666666,0.0,True,945
SR-A,7,random_3,01b379291582a044,9,90,20,2,2,3,3,0,3,-0.0008858965272855457,-2631.6666666666715,0.0,2.6101435735339296,117422.66666666667,-0.0,2.609257677006644,114791.0,0.0,True,945
SR-A,8,spt,1f5a333e363fe800,6,105,0,1,1,1,1,0,1,0.0,-840.0,0.0,2.7843807970333287,165122.33333333334,-0.791772843101171,2.7843807970333287,164282.33333333334,-0.791772843101171,True,945
SR-A,8,random_0,d2830ced56cafd3c,7,85,32,2,2,2,2,0,2,-0.0008858965272855457,-915.9999999999709,0.0,2.583982326177285,171765.66666666666,-0.0,2.5830964296499994,170849.6666666667,0.0,True,945
SR-A,8,random_1,41bb8a5eee09a122,7,113,32,2,2,2,2,0,2,-0.009723651740168648,11106.333333333343,0.0,2.4889209842076045,153100.33333333334,-0.0,2.479197332467436,164206.6666666667,0.0,True,945
SR-A,8,random_2,ee9200228949bef3,10,101,48,3,3,3,3,0,3,-0.17359788928650577,-22788.333333333343,0.0,3.9152246648963436,163996.0,-0.6589531958379666,3.741626775609838,141207.66666666666,-0.6589531958379666,True,945
SR-A,8,random_3,bf8b85bee4e86ddd,7,105,46,2,2,2,2,0,2,-0.0028404889396602684,-39992.333333333314,0.0,2.4816079594669826,208819.0,-0.0,2.4787674705273224,168826.6666666667,0.0,True,945
SR-A,9,spt,8e8274f04833e410,6,107,0,2,2,2,2,0,2,0.002657689581856637,-3020.666666666657,0.0,2.4729388389987097,146679.33333333334,-0.0,2.4755965285805663,143658.6666666667,0.0,True,945
SR-A,9,random_0,57ab8fee3955b4fb,5,67,3,0,0,0,0,0,0,0.0,0.0,0.0,2.4694180396927212,193786.6666666667,-0.0,2.4694180396927212,193786.6666666667,0.0,False,945
SR-A,9,random_1,796433e468eae10e,6,33,11,2,2,2,2,0,2,0.0,-29400.00000000003,0.0,2.6211559343684403,229837.33333333334,-0.0,2.6211559343684403,200437.3333333333,0.0,True,945
SR-A,9,random_2,c2b019e7977b752f,8,62,24,1,3,1,3,0,3,0.0,-59962.666666666686,0.0,2.7966080006334098,235033.1666666667,-0.0,2.7966080006334098,175070.5,0.0,True,945
SR-A,9,random_3,e4a539af7733d375,6,77,21,1,2,1,2,0,2,0.0,-26442.666666666686,0.0,2.733975116152835,230761.33333333334,-0.0,2.733975116152835,204318.66666666666,0.0,True,945
SR-A,10,spt,6a60729c1c0ef994,6,62,0,0,0,0,0,0,0,0.0,0.0,0.0,3.0196932690188705,168328.0,-0.7789799072634196,3.0196932690188705,168328.0,-0.7789799072634196,False,945
SR-A,10,random_0,cb38da04270bc503,10,91,58,5,5,4,5,0,5,-0.00029453649038480023,-15872.50000000003,-0.07741935483954876,3.0703486362996264,188083.1666666667,-0.0,3.0700540998092416,172210.66666666666,-0.07741935483954876,True,945
SR-A,10,random_1,a000b40ddad1aef3,10,127,64,4,4,4,4,0,4,-0.16558997328327418,-53056.66666666666,0.5660972654904981,3.4591467556077466,220929.0,-0.5660972654904981,3.2935567823244725,167872.33333333334,0.0,True,945
SR-A,10,random_2,eff57d322f8baf7b,8,25,19,2,2,2,2,0,2,0.0,-10828.333333333314,0.0,3.6871255682969624,173089.0,-0.0,3.6871255682969624,162260.6666666667,0.0,True,945
SR-A,10,random_3,8a77b026e5c5fb76,6,84,55,4,4,4,4,0,4,-0.1984483994164412,-35340.0,0.0,3.4053316046508657,193903.6666666667,-0.0,3.2068832052344245,158563.6666666667,0.0,True,945
SR-A,11,spt,cef56bc6fcb1e9ce,6,104,0,1,1,1,1,0,1,0.0,-1758.0,0.0,2.8179889024522886,225390.83333333334,-0.7935577009830013,2.8179889024522886,223632.83333333334,-0.7935577009830013,True,945
SR-A,11,random_0,a13a7050478ea4ab,6,43,43,2,2,2,2,0,2,-0.20018845313485922,-11286.666666666657,0.0,3.8353596132277,196883.66666666666,-0.7541153399870382,3.635171160092841,185597.0,-0.7541153399870382,True,945
SR-A,11,random_1,0c20cfdebf12b4f5,7,20,10,0,1,0,1,0,1,0.0,-13309.333333333343,0.0,4.166693848650206,187695.6666666667,-0.6360870094467828,4.166693848650206,174386.33333333334,-0.6360870094467828,True,945
SR-A,11,random_2,9bb76b3255361aa1,8,106,26,2,2,2,2,0,2,0.0008858965274951558,-2929.500000000029,0.0,2.4686098806324486,201657.83333333334,-0.0,2.4694957771599437,198728.3333333333,0.0,True,945
SR-A,11,random_3,9ab9e91932d7ac17,10,128,52,3,3,3,3,0,3,-0.011860257189676204,-61604.66666666666,0.0,3.0592390714285136,261100.33333333334,-0.7935577009830013,3.0473788142388374,199495.6666666667,-0.7935577009830013,True,945
SR-A,12,spt,e43af2d3e636ea25,6,123,0,1,1,1,1,0,1,0.0,192.0,0.0,2.574808257357355,168064.6666666667,-0.0,2.574808257357355,168256.6666666667,0.0,True,945
SR-A,12,random_0,ce194482de7dfc90,8,148,75,3,3,3,3,0,3,-0.10139239709843251,-16881.333333333372,0.0,2.6778921672772666,198941.1666666667,-0.0,2.576499770178834,182059.8333333333,0.0,True,945
SR-A,12,random_1,650aab9f01457e32,9,155,56,3,3,3,3,0,3,-0.20729488778977379,-31382.0,0.30998672189980425,3.8543957745636566,256414.0,-0.3505156163164429,3.6471008867738828,225032.0,-0.04052889441663865,True,945
SR-A,12,random_2,c4ba05431873c5f3,7,59,8,0,0,0,0,0,0,0.0,0.0,0.0,3.4188518781006385,214943.0,-0.0,3.4188518781006385,214943.0,0.0,False,945
SR-A,12,random_3,7e06d1efcca451dd,6,53,16,0,0,0,0,0,0,0.0,0.0,0.0,3.1530829199149553,207464.0,-0.0,3.1530829199149553,207464.0,0.0,False,945
SR-A,13,spt,f88427c7f0d571c3,6,119,0,1,1,2,1,0,2,0.00044294826364321693,-1256.666666666657,0.0,2.476059617867187,217570.66666666666,-0.0,2.47650256613083,216314.0,0.0,True,945
SR-A,13,random_0,06047805cfc537da,9,114,51,2,2,2,2,0,2,-0.2001154398805447,5472.0,0.0,3.3006230630619147,192125.0,-0.0,3.10050762318137,197597.0,0.0,True,945
SR-A,13,random_1,1d690f3ee8aecbba,10,89,12,1,1,1,1,0,1,0.0,-5371.333333333343,0.0,3.367171622720094,181890.6666666667,-0.6268150107780457,3.367171622720094,176519.33333333334,-0.6268150107780457,True,945
SR-A,13,random_2,923a1f35d7abd410,4,47,4,0,0,0,0,0,0,0.0,0.0,0.0,3.9005642452328475,178290.0,-0.6256317814168142,3.9005642452328475,178290.0,-0.6256317814168142,False,945
SR-A,13,random_3,c51786c8f9c7ee0a,10,86,39,3,3,3,3,0,3,-0.007430892759888064,-81445.0,0.02608206389049883,3.2082305107492286,260265.33333333334,-0.3911251572480978,3.2007996179893405,178820.33333333334,-0.365043093357599,True,945
SR-A,14,spt,8431172774ae500a,6,102,0,1,1,1,1,0,1,0.0,1920.0,0.0,2.479105073823588,148287.33333333334,-0.0,2.479105073823588,150207.33333333334,0.0,True,945
SR-A,14,random_0,01f660e2c5b57294,6,57,7,1,1,1,1,0,1,0.0,-30669.0,0.0,2.842304292263492,191694.33333333334,-0.0,2.842304292263492,161025.33333333334,0.0,True,945
SR-A,14,random_1,650db6188cae9115,9,135,31,2,2,2,2,0,2,-0.07921668981214847,-10252.0,0.0,2.562569963723611,180225.0,-0.0,2.4833532739114625,169973.0,0.0,True,945
SR-A,14,random_2,744b17439b08f69c,7,74,32,3,3,3,3,0,3,-0.019418933219566448,-27771.33333333333,0.00031569768634653883,3.188138226709963,156535.5,-0.6770549982338707,3.1687192934903967,128764.16666666667,-0.6767393005475242,True,945
SR-A,14,random_3,22f92e362654cf94,10,92,47,1,1,1,1,0,1,0.0,-9768.333333333314,0.0,2.4862384884863094,151203.3333333333,-0.0,2.4862384884863094,141435.0,0.0,True,945
SR-A,15,spt,cadf7e85e405c2b3,6,100,0,0,0,0,0,0,0,0.0,0.0,0.0,2.8232636428065208,194256.0,-0.7928849461386562,2.8232636428065208,194256.0,-0.7928849461386562,False,945
SR-A,15,random_0,02a278948b930c50,7,85,52,4,4,4,4,0,4,-0.13690873942235715,-31396.166666666657,0.0,2.9822312057593887,163646.0,-0.0,2.8453224663370316,132249.83333333334,0.0,True,945
SR-A,15,random_1,f473a6b0fb953394,10,167,43,3,3,3,3,0,3,-0.11083193701920369,-40712.99999999997,0.0,2.958501580939793,216667.33333333334,-0.0,2.8476696439205895,175954.33333333337,0.0,True,945
SR-A,15,random_2,482d403b6fcb2a92,8,120,39,2,2,2,2,0,2,-0.0005889142605823849,-6798.666666666686,0.0,2.5250645067965722,196650.6666666667,-0.0,2.52447559253599,189852.0,0.0,True,945
SR-A,15,random_3,621bd66b7d413177,8,98,58,4,4,4,4,0,4,-0.10306594285698889,-47828.66666666666,0.0,3.056767427090877,211063.0,-0.0,2.9537014842338882,163234.33333333334,0.0,True,945
SR-A,16,spt,36a23992870890d5,6,147,0,0,0,0,0,0,0,0.0,0.0,0.0,2.4742299437885196,169487.0,-0.0,2.4742299437885196,169487.0,0.0,False,945
SR-A,16,random_0,4c8fcfe8c71b66a2,10,133,9,3,3,3,3,0,3,0.0,-12988.333333333314,0.0,2.5813249111980485,163859.0,-0.0,2.5813249111980485,150870.6666666667,0.0,True,945
SR-A,16,random_1,601dd97b54eb6732,7,76,15,2,2,2,2,0,2,0.0,-17280.0,0.0,2.697058271741171,153699.6666666667,-0.0,2.697058271741171,136419.6666666667,0.0,True,945
SR-A,16,random_2,ca00b230d5e38ba1,8,61,12,1,2,1,2,0,2,0.0,-4400.666666666657,0.0,2.990892512803134,139632.33333333334,-0.0,2.990892512803134,135231.6666666667,0.0,True,945
SR-A,16,random_3,ff20240b5d45fc61,8,101,30,1,2,2,2,0,3,-0.0002761970822557913,-1522.666666666686,0.0,2.710694011957081,156297.6666666667,-0.0,2.710417814874825,154775.0,0.0,True,945
SR-A,17,spt,4b3b867766903693,6,101,0,2,2,2,2,0,2,0.00044294826364232875,1347.333333333314,0.0,2.473222280078075,172418.33333333337,-0.0,2.4736652283417175,173765.6666666667,0.0,True,945
SR-A,17,random_0,d3a0bed4c4e6dbd0,8,89,12,1,1,2,2,0,2,-0.0008858965272864339,-5672.0,0.0,2.616859569841025,149730.0,-0.0,2.6159736733137384,144058.0,0.0,True,945
SR-A,17,random_1,b271ac628b281f6d,11,134,21,2,2,2,2,0,2,-0.0008858965272855457,-29439.666666666686,0.0,2.472763787765631,200723.33333333337,-0.0,2.4718778912383454,171283.6666666667,0.0,True,945
SR-A,17,random_2,40931fe8c3ed4587,8,102,23,2,2,2,2,0,2,0.0,-26753.0,0.0,2.7458496682415117,170899.6666666667,-0.0,2.7458496682415117,144146.6666666667,0.0,True,945
SR-A,17,random_3,4d578f33dbba5b7b,4,66,20,4,3,3,3,0,4,0.0,-9095.833333333343,0.0,2.809609444845597,147925.5,-0.0,2.809609444845597,138829.66666666666,0.0,True,945
SR-A,18,spt,ccdbd511c12cbef2,6,100,0,0,0,0,0,0,0,0.0,0.0,0.0,3.032506586960616,178647.5,-0.7318221015348172,3.032506586960616,178647.5,-0.7318221015348172,False,945
SR-A,18,random_0,6e5ac436d6ef0af8,8,10,5,2,2,2,2,0,2,0.0,-3752.666666666686,0.0,4.605155917789629,141588.6666666667,-0.7518168998803958,4.605155917789629,137836.0,-0.7518168998803958,True,945
SR-A,18,random_1,d0975edcb2e60d60,9,99,41,3,3,3,3,0,3,-0.10892236379492726,-12059.333333333343,0.0,4.6316013148941275,160234.6666666667,-0.761169102295753,4.5226789510992,148175.33333333334,-0.761169102295753,True,945
SR-A,18,random_2,0deb6378d69d8f2d,8,90,47,3,3,3,3,0,3,-0.1077041344222005,-12325.333333333314,0.0,4.438320718405329,162690.0,-0.761169102295753,4.3306165839831285,150364.6666666667,-0.761169102295753,True,945
SR-A,18,random_3,c451d2674741660a,8,57,11,0,0,0,0,0,0,0.0,0.0,0.0,4.330616583983165,144334.0,-0.0,4.330616583983165,144334.0,0.0,False,945
SR-A,19,spt,9bf33124c3312864,6,97,0,1,1,1,1,0,1,0.0,626.6666666666861,0.0,2.477237122039286,148064.66666666666,-0.0,2.477237122039286,148691.33333333334,0.0,True,945
SR-A,19,random_0,c81ae81ebc5e1733,9,83,44,2,2,2,2,0,2,0.0,-52894.00000000003,0.0,3.6928847724407294,188705.33333333337,-0.0,3.6928847724407294,135811.33333333334,0.0,True,945
SR-A,19,random_1,c18af238a154357f,7,103,12,1,1,1,1,0,1,0.0,-23849.666666666686,0.0,2.487318076683416,187707.6666666667,-0.0,2.487318076683416,163858.0,0.0,True,945
SR-A,19,random_2,a5e8629af7d34620,6,32,15,3,3,3,3,0,3,0.002657689581856637,-8406.666666666686,0.0,2.841919990634657,151558.33333333334,-0.0,2.8445776802165135,143151.66666666666,0.0,True,945
SR-A,19,random_3,9c2bf2f32f438631,10,119,76,3,3,3,3,0,3,-0.15493764289211676,-18299.666666666628,0.0,2.7521397382427253,186822.5,-0.0,2.5972020953506085,168522.83333333337,0.0,True,945
SR-A,20,spt,f0f65c2feb5e4a94,6,100,0,0,0,0,0,0,0,0.0,0.0,0.0,2.477354820402353,207443.0,-0.0,2.477354820402353,207443.0,0.0,False,945
SR-A,20,random_0,8a5e4afc93195970,8,24,10,1,1,1,1,0,1,0.0,-2492.666666666686,0.0,4.9537749969308775,156481.33333333334,-0.7726550079487424,4.9537749969308775,153988.66666666666,-0.7726550079487424,True,945
SR-A,20,random_1,0c0c06f27d8697f6,8,167,65,2,2,2,2,0,2,-0.15440642840425856,-16382.0,0.0,3.4149537895962894,196067.3333333333,-0.0,3.260547361192031,179685.3333333333,0.0,True,945
SR-A,20,random_2,b78a5b218f2091bd,9,127,7,2,2,2,2,0,2,-0.0008858965272855457,-5185.0,0.0,2.8441938544903422,168717.33333333334,-0.0,2.8433079579630567,163532.33333333334,0.0,True,945
SR-A,20,random_3,3bc306d2c2818fc3,7,96,12,1,1,1,1,0,1,0.0,-10975.00000000003,0.0,2.4705482425876495,201497.50000000003,-0.0,2.4705482425876495,190522.5,0.0,True,945
SR-B,1,spt,44477d374d33d2bc,6,17,3,0,0,0,0,0,0,0.0,0.0,0.0,2.4870218903995154,186159.0,-0.0,2.4870218903995154,186159.0,0.0,False,945
SR-B,1,random_0,ec5d738aca2dfe6b,6,29,3,0,0,0,0,0,0,0.0,0.0,0.0,2.578150491779292,171095.0,-0.0,2.578150491779292,171095.0,0.0,False,945
SR-B,1,random_1,98ecc6978464b61a,8,66,3,2,2,2,2,0,2,0.0008858965272855457,-1073.333333333314,0.0,2.486553181701284,189052.8333333333,-0.0,2.4874390782285696,187979.5,0.0,True,945
SR-B,1,random_2,fe53bbd210630cb1,10,132,39,2,2,2,2,0,2,-0.025521523349017805,-6532.0,0.0,2.5123255083460565,205331.0,-0.0,2.4868039849970387,198799.0,0.0,True,945
SR-B,1,random_3,f9fe56cd0558e8ee,5,54,3,1,1,1,1,0,1,0.0,-24950.0,0.0,2.576638015073045,183533.6666666667,-0.0,2.576638015073045,158583.6666666667,0.0,True,945
SR-B,2,spt,cfbee68a3a414085,6,65,49,2,1,2,2,0,2,0.00018055619411416757,-2496.0,0.0,2.484461148629797,142243.0,-0.7973068745568526,2.484641704823911,139747.0,-0.7973068745568526,True,945
SR-B,2,random_0,eef8312bebc0f60b,7,34,14,1,2,1,2,0,2,0.0,-38689.33333333334,0.0,2.5650130456409173,144343.83333333334,-0.0,2.5650130456409173,105654.5,0.0,True,945
SR-B,2,random_1,feb95d3af14c9cb8,6,24,6,0,0,0,0,0,0,0.0,0.0,0.0,2.475725780452313,124469.0,-0.0,2.475725780452313,124469.0,0.0,False,945
SR-B,2,random_2,23155a0930047ab2,8,34,16,2,1,2,2,0,2,0.0008858965272855457,-1284.0,0.0,2.480249198508357,131941.0,-0.0,2.4811350950356426,130657.0,0.0,True,945
SR-B,2,random_3,f8ee6500065ebb1f,7,53,35,2,1,2,2,0,2,-0.0005357069646074741,280.6666666666715,0.0,2.4761352738137115,125267.0,-0.0,2.475599566849104,125547.66666666667,0.0,True,945
SR-B,3,spt,4a34bd856bacf803,6,67,6,2,2,2,2,0,2,0.0,-4765.666666666657,0.0,2.488031728236722,170086.66666666666,-0.0,2.488031728236722,165321.0,0.0,True,945
SR-B,3,random_0,04ec327ec8941706,5,45,6,1,1,1,1,0,1,0.0,-985.3333333333139,0.0,2.611592863709568,151260.0,-0.6756071759491533,2.611592863709568,150274.6666666667,-0.6756071759491533,True,945
SR-B,3,random_1,d7e6705e063bcb3e,7,70,9,2,2,2,2,0,2,-0.0017717930545710914,-4199.333333333343,0.0,2.4879240275824195,152256.33333333334,-0.0,2.4861522345278484,148057.0,0.0,True,945
SR-B,3,random_2,efd92b6885282e53,9,181,45,2,2,2,2,0,2,0.0013288447909278744,-10635.333333333314,0.0,2.483760582703198,232486.0,-0.0,2.4850894274941258,221850.6666666667,0.0,True,945
SR-B,3,random_3,ee9510a581052450,5,72,38,2,2,2,2,0,2,0.0008858965272864339,-8949.333333333314,0.0,2.483481585005306,214226.66666666666,-0.0,2.4843674815325922,205277.33333333334,0.0,True,945
SR-B,4,spt,e41d09f69b179180,6,131,18,1,1,1,1,0,1,0.0,826.0000000000291,0.0,2.573567943596985,133997.66666666666,-0.0,2.573567943596985,134823.6666666667,0.0,True,945
SR-B,4,random_0,946151b739e07c7a,6,129,44,1,1,2,2,0,2,0.0017717930545710914,-3226.0,0.0,2.4809858047942184,210452.0,-0.0,2.4827575978487895,207226.0,0.0,True,945
SR-B,4,random_1,7ed08f81cf79f9f1,9,152,18,0,0,0,0,0,0,0.0,0.0,0.0,2.4801321620664654,195390.33333333334,-0.0,2.4801321620664654,195390.33333333334,0.0,False,945
SR-B,4,random_2,e737d1b19833d633,7,94,18,1,1,1,1,0,1,0.0,-10724.666666666686,0.0,2.529022745287156,226584.33333333334,-0.0,2.529022745287156,215859.66666666666,0.0,True,945
SR-B,4,random_3,91213e56e74ce9d5,8,154,42,2,2,2,2,0,2,0.0022147413182143083,-48002.66666666663,0.0,2.476742442629564,270815.3333333333,-0.0,2.478957183947778,222812.6666666667,0.0,True,945
SR-B,5,spt,53b87206ef4a21fe,6,16,6,0,0,0,0,0,0,0.0,0.0,0.0,2.4818672836181372,127581.0,-0.0,2.4818672836181372,127581.0,0.0,False,945
SR-B,5,random_0,00a516f3f46fa1af,7,33,6,2,2,2,2,0,2,-0.0008858965272855457,-2795.333333333343,0.0,2.4772362404215134,159519.5,-0.0,2.476350343894228,156724.16666666666,0.0,True,945
SR-B,5,random_1,470bc3aa1b98868a,8,24,6,1,1,1,1,0,1,0.0,-19232.666666666686,0.0,2.476551579130075,188871.33333333334,-0.0,2.476551579130075,169638.66666666666,0.0,True,945
SR-B,5,random_2,80bf72b05cfcb01e,7,17,6,1,1,1,1,0,1,0.0,-3950.0,0.0,2.474073690226053,167962.5,-0.6432936792371038,2.474073690226053,164012.5,-0.6432936792371038,True,945
SR-B,5,random_3,551bf068d13d0382,8,35,9,2,2,2,2,0,2,0.0,-2502.0,0.0,2.478888275472933,180350.33333333334,-0.0,2.478888275472933,177848.33333333334,0.0,True,945
SR-B,6,spt,d3f772548f36ac52,6,79,3,2,2,2,2,0,2,-0.00044294826328084014,-2135.000000000029,-1.4732659536775827e-13,2.4845745361474973,154795.33333333334,-0.7973068745568526,2.4841315878842165,152660.3333333333,-0.7973068745569999,True,945
SR-B,6,random_0,94b2167fd952f598,8,69,6,1,2,2,3,0,3,0.0008858965272855457,-918.0,0.0,2.491208075133841,178057.0,-0.0,2.4920939716611263,177139.0,0.0,True,945
SR-B,6,random_1,1cbac5ae662b1392,9,59,3,0,2,0,2,0,2,0.0,-4912.0,0.0,2.724715614970725,161893.83333333334,-0.19351427564379264,2.724715614970725,156981.83333333334,-0.19351427564379264,True,945
SR-B,6,random_2,f96c83cca5971cd4,8,95,3,0,1,0,1,0,1,0.0,-5151.0,0.0,2.5270056783362733,181774.0,-0.0,2.5270056783362733,176623.0,0.0,True,945
SR-B,6,random_3,10c33c1a813166f6,8,91,0,2,2,2,2,0,2,0.0,-14958.0,0.0,2.4834963970402795,220825.0,-0.0,2.4834963970402795,205867.0,0.0,True,945
SR-B,7,spt,39ca787b99b9439e,6,62,33,0,0,0,0,0,0,0.0,0.0,0.0,2.465630339673064,134675.0,-0.0,2.465630339673064,134675.0,0.0,False,945
SR-B,7,random_0,0ef7e5d266c98d1a,6,104,20,1,1,1,1,0,1,0.0,-11619.333333333328,0.0,2.7572387402979937,131609.0,-0.6330040248803925,2.7572387402979937,119989.66666666667,-0.6330040248803925,True,945
SR-B,7,random_1,71160115493e08fb,10,117,46,2,2,2,2,0,2,0.002213106146586874,-5093.999999999971,0.0,2.4688257835977465,140840.3333333333,-0.0,2.4710388897443334,135746.33333333334,0.0,True,945
SR-B,7,random_2,b999abec5b793add,10,81,21,2,2,2,2,0,2,0.0,-317.33333333331393,0.0,2.4724106470930085,134842.3333333333,-0.0,2.4724106470930085,134525.0,0.0,True,945
SR-B,7,random_3,9773252c18ec2740,8,73,53,1,2,2,3,0,3,-0.0017717930545710914,-3645.333333333343,0.0,2.501571497836525,150170.33333333334,-0.1859345869079334,2.499799704781954,146525.0,-0.1859345869079334,True,945
SR-B,8,spt,e18a5b600b241d5f,6,55,0,0,0,0,0,0,0,0.0,0.0,0.0,2.4787349730990362,130440.0,-0.0,2.4787349730990362,130440.0,0.0,False,945
SR-B,8,random_0,f81db1130e8b07ff,8,57,3,1,1,1,1,0,1,0.0,-385.33333333334303,0.0,2.485171154031697,144409.0,-0.0,2.485171154031697,144023.66666666666,0.0,True,945
SR-B,8,random_1,a4859927737af869,5,13,0,0,0,0,0,0,0,0.0,0.0,0.0,2.4818203965430943,164473.0,-0.0,2.4818203965430943,164473.0,0.0,False,945
SR-B,8,random_2,1911d2045ccecca7,9,57,6,0,0,0,0,0,0,0.0,0.0,0.0,2.483094927487068,147199.0,-0.0,2.483094927487068,147199.0,0.0,False,945
SR-B,8,random_3,c892831a53565e42,4,13,0,0,0,0,0,0,0,0.0,0.0,0.0,2.4809905651051904,169917.0,-0.0,2.4809905651051904,169917.0,0.0,False,945
SR-B,9,spt,743e9f1b31754b0b,6,48,15,2,1,2,2,0,2,-0.0008858965269515906,-2282.333333333343,0.0,2.4814758370225984,150321.33333333334,-0.0,2.480589940495647,148039.0,0.0,True,945
SR-B,9,random_0,b0625572faabfa2d,6,45,9,1,1,2,2,0,2,-0.0013288447909287626,-5882.666666666657,0.0,2.517018789961986,167682.33333333334,-0.0,2.515689945171057,161799.6666666667,0.0,True,945
SR-B,9,random_1,462495fa5ca25cf6,4,40,0,2,2,2,2,0,2,0.000885896527476504,1054.666666666686,0.0,2.483717709586001,156649.3333333333,-0.0,2.4846036061134775,157704.0,0.0,True,945
SR-B,9,random_2,887d9340fd35b0ac,10,80,18,0,1,1,1,0,1,0.0,-422.0,0.0,2.4773222504737813,156390.0,-0.0,2.4773222504737813,155968.0,0.0,True,945
SR-B,9,random_3,dd49aa8542842106,8,45,12,1,1,1,1,0,1,0.0,-2420.0,0.0,2.485629936300514,154597.33333333334,-0.0,2.485629936300514,152177.33333333334,0.0,True,945
SR-B,10,spt,93ecac0cd49a214e,6,63,0,0,1,2,2,0,2,0.0013288447909287626,884.333333333343,0.0,2.4753161903437215,158582.33333333334,-0.0,2.4766450351346503,159466.6666666667,0.0,True,945
SR-B,10,random_0,da7bcf88d09dba16,8,49,31,1,2,2,2,0,3,-0.0008858965273264019,-4856.666666666628,0.0,2.5699012829648646,187080.16666666666,-0.06802443992000917,2.5690153864375382,182223.50000000003,-0.06802443992000917,True,945
SR-B,10,random_1,115cd7a54c2c49fd,8,51,3,0,0,0,0,0,0,0.0,0.0,0.0,2.483227606977432,165513.0,-0.0,2.483227606977432,165513.0,0.0,False,945
SR-B,10,random_2,4b1b8bb66324a9b6,10,161,52,2,2,2,2,0,2,-0.002022321417524786,-19501.333333333314,0.0,2.4821314681597606,240583.66666666666,-0.0,2.480109146742236,221082.33333333334,0.0,True,945
SR-B,10,random_3,ff6de8f196d74c4f,9,54,6,2,2,2,2,0,2,0.0008858965272855457,-20176.0,0.0,2.476244340972464,223352.33333333337,-0.0,2.4771302374997495,203176.33333333337,0.0,True,945
SR-B,11,spt,91cc5b69456478fb,6,28,24,0,1,1,1,0,1,0.0,-23301.0,0.0,2.468117386915411,172120.33333333334,-0.0,2.468117386915411,148819.33333333334,0.0,True,945
SR-B,11,random_0,f249627b0915b0d9,9,85,69,2,2,2,2,0,2,-0.044208292922584214,-4572.0,0.0,2.519222595380879,205587.6666666667,-0.0,2.4750143024582947,201015.6666666667,0.0,True,945
SR-B,11,random_1,f7662e1ee6455bde,6,76,52,2,3,2,3,0,3,-0.050308339486668796,-3792.000000000029,0.0,2.645723916556254,176047.6666666667,-0.0,2.595415577069585,172255.66666666666,0.0,True,945
SR-B,11,random_2,c9f93bf0a7e780f7,9,116,68,2,3,2,3,0,3,0.0,-37110.333333333314,0.0,2.5528836881436936,208308.66666666666,-0.0,2.5528836881436936,171198.33333333334,0.0,True,945
SR-B,11,random_3,d5bb918153cb554a,10,107,70,3,3,3,3,0,3,-0.06860456393842096,-17887.333333333343,0.0,2.5375361531838214,198872.33333333334,-0.0,2.4689315892454005,180985.0,0.0,True,945
SR-B,12,spt,cd74d609a934d912,6,35,6,1,0,1,1,0,1,0.0,-856.6666666666861,0.0,2.4807766546536207,163700.6666666667,-0.0,2.4807766546536207,162844.0,0.0,True,945
SR-B,12,random_0,43c356366b9da066,8,51,12,1,2,2,2,0,2,0.0008858965272855457,-20620.333333333343,0.0,2.4740404491867674,176800.33333333334,-0.0,2.474926345714053,156180.0,0.0,True,945
SR-B,12,random_1,33d160513b81af63,8,41,6,1,0,2,1,0,2,-0.0004429482637093862,1493.999999999971,0.0,2.6510680683616616,141750.6666666667,-0.0,2.6506251200979523,143244.66666666666,0.0,True,945
SR-B,12,random_2,d6c391dd591eefb8,8,20,9,1,0,1,1,0,1,0.0,1612.666666666657,0.0,2.5833919648238384,124906.66666666667,-0.0,2.5833919648238384,126519.33333333333,0.0,True,945
SR-B,12,random_3,1a8c8e15cc2b2dad,4,13,9,1,1,1,1,0,1,0.0,-261.33333333334303,0.0,2.4794247870684085,153011.0,-0.0,2.4794247870684085,152749.66666666666,0.0,True,945
SR-B,13,spt,ad6c6265a490ceec,6,48,18,0,0,0,0,0,0,0.0,0.0,0.0,2.486551164464207,189733.0,-0.0,2.486551164464207,189733.0,0.0,False,945
SR-B,13,random_0,66f0e20ece89bcd0,9,55,18,1,1,2,2,0,2,-0.0017717930545710914,-1292.0,0.0,2.480891250163876,141943.0,-0.0,2.479119457109305,140651.0,0.0,True,945
SR-B,13,random_1,dfb0348eb65de54b,7,72,22,2,1,2,2,0,2,0.0,1788.666666666686,0.0,2.511649058913121,153111.66666666666,-0.0,2.511649058913121,154900.33333333334,0.0,True,945
SR-B,13,random_2,4b1ff24d6f048342,6,67,19,0,1,0,1,0,1,0.0,-8213.333333333314,0.0,2.75819142861858,140198.3333333333,-0.0,2.75819142861858,131985.0,0.0,True,945
SR-B,13,random_3,55e2a6416849033c,7,76,47,2,2,2,2,0,2,-0.04442359399796203,11599.333333333343,0.0,2.5524370669983014,173387.5,-0.0,2.5080134730003394,184986.83333333334,0.0,True,945
SR-B,14,spt,b53c2a1f151a77fd,6,104,0,2,2,2,2,0,2,5.834135129489937e-05,1386.000000000029,0.0,2.4735086335909475,143591.66666666666,-0.0,2.4735669749422424,144977.6666666667,0.0,True,945
SR-B,14,random_0,07b37a9d65ab4844,11,125,9,2,2,2,2,0,2,0.0022147413182143083,-25081.00000000003,0.0,2.4783967806178833,213033.33333333334,-0.0,2.4806115219360976,187952.3333333333,0.0,True,945
SR-B,14,random_1,f77a3c0b495618ef,8,113,47,2,2,2,2,0,2,0.0013288447909287626,-17137.666666666686,0.0,2.477049071900992,203202.33333333337,-0.0,2.4783779166919206,186064.6666666667,0.0,True,945
SR-B,14,random_2,60938afe64f17b2a,7,137,57,3,3,3,3,0,3,0.0008006486687461845,-31631.0,0.0,2.509956503797693,175155.0,-0.0,2.5107571524664394,143524.0,0.0,True,945
SR-B,14,random_3,597f2bbd5c3ff0ac,8,86,3,1,1,1,1,0,1,0.0,-962.6666666666861,0.0,2.52994065983071,140614.0,-0.0,2.52994065983071,139651.3333333333,0.0,True,945
SR-B,15,spt,9295f5e7dc217fb8,6,34,18,0,0,0,0,0,0,0.0,0.0,0.0,2.4982827843085778,119185.0,-0.0,2.4982827843085778,119185.0,0.0,False,945
SR-B,15,random_0,97e40a6394ab8785,7,62,48,1,2,2,3,0,3,0.0017717930546199412,1065.333333333343,0.0,2.562425703116265,156318.66666666666,-0.0,2.564197496170885,157384.0,0.0,True,945
SR-B,15,random_1,20582cac566ddc72,6,30,24,0,2,0,2,0,2,0.0,-4975.333333333343,0.0,2.5680521376848113,155836.6666666667,-0.0,2.5680521376848113,150861.33333333334,0.0,True,945
SR-B,15,random_2,c0dca6a6b6144d57,6,40,21,0,0,0,0,0,0,0.0,0.0,0.0,2.493820288224985,139027.6666666667,-0.0,2.493820288224985,139027.6666666667,0.0,False,945
SR-B,15,random_3,a0ebb33683e30fa1,9,43,24,1,1,1,1,0,1,0.0,-4616.666666666657,0.0,2.5459106202508703,179995.66666666666,-0.0,2.5459106202508703,175379.0,0.0,True,945
SR-B,16,spt,95979ad357776c60,6,65,9,2,2,2,2,0,2,-0.0008858965272855457,-496.66666666668607,0.0,2.4858766407975628,152755.6666666667,-0.7973068745568526,2.484990744270277,152259.0,-0.7973068745568526,True,945
SR-B,16,random_0,d40dc5919d1f70be,6,52,12,0,0,0,0,0,0,0.0,0.0,0.0,2.47492765182597,140890.0,-0.0,2.47492765182597,140890.0,0.0,False,945
SR-B,16,random_1,84e12f095b83f147,8,52,6,2,2,2,2,0,2,0.0008858965272855457,-1977.333333333314,0.0,2.4789178417153996,172708.0,-0.0,2.479803738242685,170730.6666666667,0.0,True,945
SR-B,16,random_2,14ef94bc512479f2,6,20,6,1,1,1,1,0,1,0.0,-2185.0,0.0,2.4777660687453817,156836.5,-0.0,2.4777660687453817,154651.5,0.0,True,945
SR-B,16,random_3,994f9d5c95b2521d,8,55,15,1,1,1,1,0,1,0.0,-1123.333333333314,0.0,2.4771991825894695,163422.0,-0.0,2.4771991825894695,162298.6666666667,0.0,True,945
SR-B,17,spt,d6c21d10cd2e6ebc,6,75,3,0,0,0,0,0,0,0.0,0.0,0.0,2.4786359294337856,175387.0,-0.0,2.4786359294337856,175387.0,0.0,False,945
SR-B,17,random_0,a533ca4721e05c13,8,73,9,2,3,3,3,0,3,-0.0026576895815497714,-15072.666666666657,0.0,2.565704036659036,199175.66666666666,-0.0,2.5630463470774862,184103.0,0.0,True,945
SR-B,17,random_1,fc723e18d1cdfd85,9,80,24,2,2,2,2,0,3,-0.0015718177010750622,-2063.333333333343,0.0,2.5185074327144292,185655.33333333334,-0.07779121322346327,2.516935615013354,183592.0,-0.07779121322346327,True,945
SR-B,17,random_2,baa7398a643f38c4,10,71,27,2,2,2,2,0,2,-0.00044294826364321693,-1389.333333333343,0.0,2.474339398320602,161762.33333333334,-0.0,2.4738964500569587,160373.0,0.0,True,945
SR-B,17,random_3,d672e6a0eadccda5,11,157,18,1,2,1,2,0,2,0.0,6912.666666666657,0.0,2.524837697579524,177465.6666666667,-0.0,2.524837697579524,184378.33333333334,0.0,True,945
SR-B,18,spt,ef41ec53706a1f33,6,42,3,0,0,0,0,0,0,0.0,0.0,0.0,2.4855867817769424,111132.33333333334,-0.0,2.4855867817769424,111132.33333333334,0.0,False,945
SR-B,18,random_0,32f41d70c5865df0,6,54,18,0,0,0,0,0,0,0.0,0.0,0.0,2.4817761512920606,133545.66666666666,-0.0,2.4817761512920606,133545.66666666666,0.0,False,945
SR-B,18,random_1,3f4f67e2bbfe6e59,11,107,24,2,2,2,2,0,2,-0.0008858965272855457,-24606.0,0.0,2.4783610308005306,184459.33333333334,-0.0,2.477475134273245,159853.33333333334,0.0,True,945
SR-B,18,random_2,42b323444c9fbb9c,8,57,12,2,2,2,2,0,2,-0.0008858965272864339,-17575.0,0.0,2.484437990992661,163706.66666666666,-0.0,2.4835520944653746,146131.66666666666,0.0,True,945
SR-B,18,random_3,71f352e7c069dcfc,8,49,6,1,1,2,2,0,2,-0.0017717930545710914,-1881.0,0.0,2.4801946432731885,133823.0,-0.0,2.4784228502186174,131942.0,0.0,True,945
SR-B,19,spt,a00ce0bad4b7efa1,6,38,12,1,1,1,1,0,1,0.0,-3074.333333333314,0.0,2.481517097667659,181379.0,-0.0,2.481517097667659,178304.6666666667,0.0,True,945
SR-B,19,random_0,68abb16c6a376c0b,9,87,6,1,1,2,2,0,2,0.0013288447909278744,-274.66666666668607,0.0,2.5487088936251006,185976.6666666667,-0.0,2.5500377384160284,185702.0,0.0,True,945
SR-B,19,random_1,da5e4b799a5e6f9a,7,88,18,2,2,2,3,0,3,0.0,-22305.99999999997,0.0,2.5456104370966015,203145.3333333333,-0.0,2.5456104370966015,180839.33333333334,0.0,True,945
SR-B,19,random_2,97be5a9f023b8c93,4,31,3,2,2,2,3,0,3,-0.0008858965273574881,-8338.00000000003,0.0,2.554333299138957,171882.0,-0.0,2.5534474026115994,163543.99999999997,0.0,True,945
SR-B,19,random_3,56a98a575fdbfbca,6,90,3,1,2,2,2,0,2,-0.0008858965272855457,4310.666666666686,0.0,2.481763607840609,204354.0,-0.0,2.4808777113133234,208664.6666666667,0.0,True,945
SR-B,20,spt,6c62adc10d6d706d,6,27,3,2,1,2,2,0,2,0.0,4754.0,0.0,2.4821645394512206,163592.6666666667,-0.5412521942653257,2.4821645394512206,168346.6666666667,-0.5412521942653257,True,945
SR-B,20,random_0,3636357e5dea6c15,7,30,15,1,1,1,1,0,1,0.0,-17270.0,0.0,2.5036016584423546,185933.5,-0.0,2.5036016584423546,168663.5,0.0,True,945
SR-B,20,random_1,3a17476ea94476c1,8,150,15,3,3,3,3,0,3,-0.006222598375497768,-11402.0,-9.094947017729282e-13,2.499851074069287,200357.66666666666,-0.0815658516385156,2.4936284756937894,188955.66666666666,-0.08156585163942509,True,945
SR-B,20,random_2,13c9e4ca7ebdebaf,8,65,21,2,2,2,2,0,2,-0.0062250746626197895,13770.5,-0.12886568396879738,2.481276188284917,167466.66666666666,-0.5717378048157116,2.475051113622297,181237.16666666666,-0.700603488784509,True,945
SR-B,20,random_3,8a2d27c7a9dfc7aa,8,73,3,1,1,1,1,0,1,0.0,2434.0,0.0,2.474937315447332,194374.33333333334,-0.0,2.474937315447332,196808.33333333334,0.0,True,945
SR-C,1,spt,091f24019f4b9a13,6,19,3,0,0,0,0,0,0,0.0,0.0,0.0,2.48152705462574,164549.0,-0.0,2.48152705462574,164549.0,0.0,False,945
SR-C,1,random_0,8d40d32635ded60e,6,71,3,1,1,1,1,0,1,0.0,90.33333333334303,0.0,2.4794273681710743,210024.0,-0.0,2.4794273681710743,210114.33333333334,0.0,True,945
SR-C,1,random_1,931983b1cfc56e73,8,54,3,0,0,0,0,0,0,0.0,0.0,0.0,2.4820112348186525,211453.5,-0.0,2.4820112348186525,211453.5,0.0,False,945
SR-C,1,random_2,9ba7f727ed7754d2,10,70,9,1,0,2,2,0,2,-0.0013288447909287626,-4652.666666666686,0.0,2.4856660423597594,202621.6666666667,-0.0,2.4843371975688306,197969.0,0.0,True,945
SR-C,1,random_3,1b522b8967324985,5,65,3,1,1,1,1,0,1,0.0,-799.333333333343,0.0,2.4795737695452598,208972.33333333334,-0.0,2.4795737695452598,208173.0,0.0,True,945
SR-C,2,spt,0f45b9619488b0f1,6,87,63,3,3,3,3,0,3,-0.13361508823615598,21568.0,0.0,2.7312320819851985,123000.33333333334,-0.7333644097416254,2.5976169937490425,144568.33333333334,-0.7333644097416254,True,945
SR-C,2,random_0,af10a63c8f0d3d81,7,36,19,0,0,0,0,0,0,0.0,0.0,0.0,2.8199409459782334,109947.0,-0.0,2.8199409459782334,109947.0,0.0,False,945
SR-C,2,random_1,0da01ecea6eb06b7,6,29,6,0,0,0,0,0,0,0.0,0.0,0.0,2.474283958716007,118315.0,-0.0,2.474283958716007,118315.0,0.0,False,945
SR-C,2,random_2,c9d2cca74e8698da,8,43,23,1,2,1,2,0,2,0.0,-5204.666666666657,0.0,2.6447825127950457,157499.0,-0.0,2.6447825127950457,152294.33333333334,0.0,True,945
SR-C,2,random_3,4356f2135ec35c26,7,58,41,2,2,2,2,0,2,-0.11171733904477943,-12466.666666666672,0.0,2.58336612607543,143363.0,-0.0,2.4716487870306505,130896.33333333333,0.0,True,945
SR-C,3,spt,c30083f3dc5743cf,6,106,6,2,2,2,2,0,2,-0.0033976211562380954,5810.333333333372,0.0,2.484564212563928,213040.0,-0.0,2.48116659140769,218850.33333333337,0.0,True,945
SR-C,3,random_0,153214b2a250d8eb,5,44,9,1,1,1,1,0,1,0.0,-1779.333333333343,0.0,2.4786237527250696,248369.33333333334,-0.0,2.4786237527250696,246590.0,0.0,True,945
SR-C,3,random_1,6c92374b1baae84e,7,95,9,1,1,1,1,0,1,0.0,-3014.0,0.0,2.4787700870741087,226841.66666666666,-0.0,2.4787700870741087,223827.66666666666,0.0,True,945
SR-C,3,random_2,b47c0b820f965c3e,9,110,27,2,2,2,2,0,2,-0.0008858965272855457,-12307.333333333372,0.0,2.483239638792238,262472.3333333334,-0.0,2.4823537422649524,250165.0,0.0,True,945
SR-C,3,random_3,b7af423b91c30526,5,50,21,2,2,2,2,0,2,-0.004872430900070945,-6849.333333333343,0.0,2.4783998345266207,246217.33333333334,-0.0,2.4735274036265498,239368.0,0.0,True,945
SR-C,4,spt,d8768143812ae8e9,6,86,40,2,2,2,2,0,2,-0.06586603186797646,-22344.0,0.692110275882137,2.8011153115306895,203366.6666666667,-0.7651647336542737,2.735249279662713,181022.6666666667,-0.0730544577721367,True,945
SR-C,4,random_0,bf924fb194ff260d,6,77,40,3,3,3,3,0,3,-0.0929016517789556,-20797.833333333372,0.7579141770474962,2.7284662476998482,172611.1666666667,-0.7579141770474962,2.6355645959208926,151813.3333333333,0.0,True,945
SR-C,4,random_1,5bce398ed79397f9,9,87,41,3,4,3,4,0,4,-0.06528956949239717,-24283.0,0.10509814917917593,3.0606516136526727,176471.6666666667,-0.7651647336544926,2.9953620441602755,152188.6666666667,-0.6600665844753166,True,945
SR-C,4,random_2,22eb70e88771ff9f,7,70,41,1,2,3,3,0,3,-0.0008858965272855457,-6221.0,-0.001065643648871628,3.0033452155449325,172380.6666666667,-0.7640901474624116,3.002459319017647,166159.6666666667,-0.7651557911112832,True,945
SR-C,4,random_3,77624f239dfe55ac,8,105,38,3,3,3,3,0,3,-0.0955102377020447,-23999.0,0.0,2.5772595041175492,186686.6666666667,-0.0,2.4817492664155045,162687.6666666667,0.0,True,945
SR-C,5,spt,39fc41ca2464649c,6,18,6,0,0,0,0,0,0,0.0,0.0,0.0,2.4870558327820307,148124.0,-0.0,2.4870558327820307,148124.0,0.0,False,945
SR-C,5,random_0,d5a44b566d57fa6d,7,26,5,2,1,2,2,0,2,0.0,-707.666666666657,0.0,3.1070505183890367,171565.8333333333,-0.0,3.1070505183890367,170858.16666666666,0.0,True,945
SR-C,5,random_1,d1a71c6f671ebfe6,8,26,6,1,1,1,1,0,1,0.0,-20201.666666666686,0.0,2.48956751395684,184744.6666666667,-0.0,2.48956751395684,164543.0,0.0,True,945
SR-C,5,random_2,6f58935a216649c7,7,18,6,0,0,0,0,0,0,0.0,0.0,0.0,2.491118098446374,165363.16666666666,-0.7973068745570278,2.491118098446374,165363.16666666666,-0.7973068745570278,False,945
SR-C,5,random_3,9bbf5ec8f1c48ec3,8,93,38,1,1,1,1,0,1,0.0,-694.666666666657,0.0,2.5190471316538288,212405.33333333334,-0.0,2.5190471316538288,211710.6666666667,0.0,True,945
SR-C,6,spt,2e35455c9f99ed37,6,63,3,2,2,2,2,0,2,-0.0013288447909287626,-887.3333333333139,2.8910207561239076e-13,2.4857083417644947,165763.0,-0.7973068745569581,2.484379496973566,164875.6666666667,-0.797306874556669,True,945
SR-C,6,random_0,96f9038aee9af154,8,50,4,0,0,0,0,0,0,0.0,0.0,0.0,3.279895971359734,133700.0,-0.0,3.279895971359734,133700.0,0.0,False,945
SR-C,6,random_1,c53ea0d41d50e1e0,9,49,3,0,0,0,0,0,0,0.0,0.0,0.0,2.941273395643801,148233.0,-0.0,2.941273395643801,148233.0,0.0,False,945
SR-C,6,random_2,0f6af0f77f248cae,8,108,3,0,0,0,0,0,0,0.0,0.0,0.0,2.4783803882213107,171990.1666666667,-0.0,2.4783803882213107,171990.1666666667,0.0,False,945
SR-C,6,random_3,1fbc2eee7593dc9a,8,111,0,2,2,2,2,0,2,0.0008858965272855457,-10029.0,0.0,2.486530898647625,169062.0,-0.0,2.4874167951749104,159033.0,0.0,True,945
SR-C,7,spt,58a6f153f8ebfb71,6,72,10,0,2,0,1,0,2,0.0,-60.0,0.0,2.608589490434655,124354.83333333333,-0.7646001382472605,2.608589490434655,124294.83333333333,-0.7646001382472605,True,945
SR-C,7,random_0,cc14b50f63cf713a,6,87,42,1,1,1,1,0,1,0.0,-32321.333333333314,0.0,2.7415826324905295,147975.66666666666,-0.41211851191746973,2.7415826324905295,115654.33333333334,-0.41211851191746973,True,945
SR-C,7,random_1,60dfffaf29602fdf,10,112,42,3,3,4,4,0,4,-0.07286877049226526,-35517.99999999997,0.0,2.949587127365511,182919.66666666666,-0.6626487309476943,2.876718356873246,147401.6666666667,-0.6626487309476943,True,945
SR-C,7,random_2,7e08dd27379e64ad,10,110,42,2,3,3,3,0,3,0.0017717930545710914,-22199.333333333343,0.0,2.7510051212945212,168486.33333333334,-0.766339869280273,2.7527769143490923,146287.0,-0.766339869280273,True,945
SR-C,7,random_3,01b379291582a044,8,98,52,2,2,3,3,0,3,-0.0013288447909287626,-40121.333333333314,0.0,2.61488134464986,204578.66666666666,-0.6578954443584735,2.6135524998589315,164457.33333333334,-0.6578954443584735,True,945
SR-C,8,spt,35e21ecc2d21d94c,6,53,0,0,0,0,0,0,0,0.0,0.0,0.0,2.4874832728903264,150962.0,-0.0,2.4874832728903264,150962.0,0.0,False,945
SR-C,8,random_0,d2830ced56cafd3c,8,44,3,1,0,1,1,0,1,0.0,-167.33333333334303,0.0,2.481838872655385,167372.33333333334,-0.0,2.481838872655385,167205.0,0.0,True,945
SR-C,8,random_1,41bb8a5eee09a122,5,36,0,0,0,0,0,0,0,0.0,0.0,0.0,2.4898911164987796,174830.0,-0.0,2.4898911164987796,174830.0,0.0,False,945
SR-C,8,random_2,ee9200228949bef3,9,49,6,1,1,1,1,0,1,0.0,-3140.0,0.0,2.4787930275061685,162910.33333333334,-0.0,2.4787930275061685,159770.33333333334,0.0,True,945
SR-C,8,random_3,bf8b85bee4e86ddd,4,24,0,1,1,1,1,0,1,0.0,-14735.333333333314,0.0,2.4844433746097803,153918.0,-0.0,2.4844433746097803,139182.6666666667,0.0,True,945
SR-C,9,spt,1d59520d6ab73f38,6,95,41,2,2,2,2,0,2,-0.005891879510399711,-3556.333333333314,0.0,2.4866531676893846,186131.0,-0.0,2.480761288178985,182574.6666666667,0.0,True,945
SR-C,9,random_0,57ab8fee3955b4fb,6,68,9,1,1,2,2,0,2,0.00044294826364232875,-7346.666666666657,0.0,2.5208108251121732,195378.0,-0.0,2.5212537733758156,188031.33333333334,0.0,True,945
SR-C,9,random_1,796433e468eae10e,4,64,0,1,1,2,1,0,2,0.00044294826364232875,1718.333333333314,0.0,2.486156725879276,171832.6666666667,-0.0,2.4865996741429184,173551.0,0.0,True,945
SR-C,9,random_2,c2b019e7977b752f,10,122,44,3,3,3,3,0,3,-0.18144543093510634,-5601.666666666657,0.0,2.974161353643466,206467.33333333334,-0.0,2.7927159227083598,200865.6666666667,0.0,True,945
SR-C,9,random_3,e4a539af7733d375,8,67,12,1,1,1,1,0,1,0.0,-1325.666666666686,0.0,2.4855636438900195,163734.33333333334,-0.0,2.4855636438900195,162408.66666666666,0.0,True,945
SR-C,10,spt,da63d2485775dfee,6,79,0,1,1,2,1,0,2,0.0008858965272855457,3128.666666666686,0.0,2.4762433363466334,232877.0,-0.0,2.477129232873919,236005.6666666667,0.0,True,945
SR-C,10,random_0,cb38da04270bc503,8,37,12,1,2,2,2,0,3,-0.0008858965274494146,-1677.333333333343,0.0,2.55655123976364,205329.6666666667,-0.03784693019588303,2.5556653432361904,203652.33333333334,-0.03784693019588303,True,945
SR-C,10,random_1,a000b40ddad1aef3,8,63,3,0,0,0,0,0,0,0.0,0.0,0.0,2.4739208615767128,226198.0,-0.0,2.4739208615767128,226198.0,0.0,False,945
SR-C,10,random_2,eff57d322f8baf7b,10,125,33,2,2,2,2,0,2,-0.004429482636428617,-32239.99999999994,0.0,2.4834966059830474,263860.3333333333,-0.0,2.479067123346619,231620.33333333337,0.0,True,945
SR-C,10,random_3,8a77b026e5c5fb76,9,68,6,2,2,2,2,0,2,-0.0008858965272855457,-24731.333333333343,0.0,2.4749144915557046,249225.00000000003,-0.0,2.474028595028419,224493.6666666667,0.0,True,945
SR-C,11,spt,bc3b685e5ca587d2,6,23,18,1,1,1,1,0,1,0.0,-404.0,0.0,2.9626245862742477,164330.33333333334,-0.0,2.9626245862742477,163926.33333333334,0.0,True,945
SR-C,11,random_0,a13a7050478ea4ab,9,131,91,4,4,4,4,0,4,-0.13323668641414255,-41513.33333333334,0.11076516312004969,3.6661127048409154,250906.33333333337,-0.7410496172396961,3.532876018426773,209393.00000000003,-0.6302844541196464,True,945
SR-C,11,random_1,0c20cfdebf12b4f5,6,119,69,3,3,3,3,0,3,-0.09484125744512051,-25827.333333333314,0.0,2.861718065524619,227787.0,-0.0,2.7668768080794983,201959.6666666667,0.0,True,945
SR-C,11,random_2,9bb76b3255361aa1,9,111,54,2,2,2,2,0,2,0.0,-51354.0,0.0,4.204996456414385,222034.0,-0.6926383664695095,4.204996456414385,170680.0,-0.6926383664695095,True,945
SR-C,11,random_3,9ab9e91932d7ac17,10,116,87,4,4,4,4,0,4,-0.27600295085461024,-43813.333333333314,0.6775403135352462,4.055128447990885,259732.3333333333,-0.6775403135352462,3.779125497136275,215919.0,0.0,True,945
SR-C,12,spt,c42712e1158061ae,6,35,6,0,0,0,0,0,0,0.0,0.0,0.0,2.481717612073796,165883.0,-0.0,2.481717612073796,165883.0,0.0,False,945
SR-C,12,random_0,ce194482de7dfc90,8,55,39,2,2,2,2,0,2,-0.17372505821753936,-16566.833333333343,0.0,2.716133487361965,214988.83333333334,-0.0,2.5424084291444258,198422.0,0.0,True,945
SR-C,12,random_1,650aab9f01457e32,8,39,6,1,1,2,1,0,2,0.0004429482636987281,-1078.666666666657,0.0,2.6153095096306704,159928.83333333334,-0.0,2.615752457894369,158850.1666666667,0.0,True,945
SR-C,12,random_2,c4ba05431873c5f3,8,22,9,0,0,0,0,0,0,0.0,0.0,0.0,2.632952402044607,143754.0,-0.0,2.632952402044607,143754.0,0.0,False,945
SR-C,12,random_3,7e06d1efcca451dd,4,13,9,1,1,1,1,0,1,0.0,-387.0,0.0,2.48263919460262,170138.33333333334,-0.0,2.48263919460262,169751.33333333334,0.0,True,945
SR-C,13,spt,2b7b72e06fc6bcdb,6,44,18,0,0,0,0,0,0,0.0,0.0,0.0,2.4721443223004727,170095.0,-0.0,2.4721443223004727,170095.0,0.0,False,945
SR-C,13,random_0,06047805cfc537da,9,43,18,1,1,1,1,0,1,0.0,-770.0,0.0,2.4741357266071757,156143.0,-0.0,2.4741357266071757,155373.0,0.0,True,945
SR-C,13,random_1,1d690f3ee8aecbba,7,50,21,1,1,1,1,0,1,0.0,-1746.0,0.0,2.471341303513059,153913.0,-0.0,2.471341303513059,152167.0,0.0,True,945
SR-C,13,random_2,923a1f35d7abd410,6,45,18,0,0,0,0,0,0,0.0,0.0,0.0,2.510855330488893,148663.0,-0.0,2.510855330488893,148663.0,0.0,False,945
SR-C,13,random_3,c51786c8f9c7ee0a,7,44,24,1,1,2,2,0,2,-0.00044294826364321693,-9631.333333333343,0.0,2.4702168098516264,165310.1666666667,-0.0,2.469773861587983,155678.83333333334,0.0,True,945
SR-C,14,spt,5e673ac5de8f354a,6,61,0,2,2,2,2,0,2,-0.003878304198766891,-6979.333333333314,0.0,2.4785355603790276,151910.0,-0.0,2.4746572561802607,144930.6666666667,0.0,True,945
SR-C,14,random_0,01f660e2c5b57294,11,74,9,2,2,2,2,0,2,0.0,-5290.333333333343,0.0,2.4743237183061515,191946.0,-0.0,2.4743237183061515,186655.66666666666,0.0,True,945
SR-C,14,random_1,650db6188cae9115,8,69,47,2,2,2,2,0,2,0.0044294826364277284,-4752.333333333314,0.0,2.473214259163396,192507.0,-0.0,2.477643741799824,187754.6666666667,0.0,True,945
SR-C,14,random_2,744b17439b08f69c,7,109,57,3,3,3,3,0,3,-0.002197577033995035,-9624.000000000015,0.0,2.4978815972531097,139750.6666666667,-0.0,2.4956840202191146,130126.66666666667,0.0,True,945
SR-C,14,random_3,22f92e362654cf94,8,84,3,1,1,1,1,0,1,0.0,-617.3333333333139,0.0,2.532103150987486,140111.0,-0.0,2.532103150987486,139493.6666666667,0.0,True,945
SR-C,15,spt,2e3cf97455d8de04,6,43,18,0,0,0,0,0,0,0.0,0.0,0.0,2.46993707353391,151745.0,-0.0,2.46993707353391,151745.0,0.0,False,945
SR-C,15,random_0,02a278948b930c50,7,80,48,1,2,1,2,0,2,0.0,2795.999999999971,0.0,2.490505509773203,174137.33333333334,-0.0,2.490505509773203,176933.3333333333,0.0,True,945
SR-C,15,random_1,f473a6b0fb953394,6,29,24,1,2,1,2,0,2,0.0,-2066.666666666657,0.0,2.4827504301233034,168302.66666666666,-0.0,2.4827504301233034,166236.0,0.0,True,945
SR-C,15,random_2,482d403b6fcb2a92,6,54,21,0,0,0,0,0,0,0.0,0.0,0.0,2.4797975475063367,142507.0,-0.0,2.4797975475063367,142507.0,0.0,False,945
SR-C,15,random_3,621bd66b7d413177,9,63,24,0,1,0,1,0,1,0.0,-2754.666666666686,0.0,2.5145696715221484,181018.33333333334,-0.0,2.5145696715221484,178263.66666666666,0.0,True,945
SR-C,16,spt,a5087c29ceb1a31d,6,75,9,1,0,1,1,0,1,0.0,-754.6666666666861,0.0,2.485137334186777,149090.6666666667,-0.7973068745568526,2.485137334186777,148336.0,-0.7973068745568526,True,945
SR-C,16,random_0,4c8fcfe8c71b66a2,6,62,12,2,1,2,2,0,2,-0.0017717930545710914,-216.33333333334303,0.0,2.478917576380765,144401.6666666667,-0.0,2.477145783326194,144185.33333333334,0.0,True,945
SR-C,16,random_1,601dd97b54eb6732,8,68,6,1,1,2,2,0,2,0.0004269688057290111,-1934.666666666657,0.0,2.4825167714509373,170951.0,-0.0,2.4829437402566663,169016.33333333334,0.0,True,945
SR-C,16,random_2,ca00b230d5e38ba1,6,29,6,1,1,2,1,0,2,-0.0008858965272859898,-360.0,0.0,2.4805680818919034,158888.5,-0.0,2.4796821853646174,158528.5,0.0,True,945
SR-C,16,random_3,ff20240b5d45fc61,8,71,15,1,1,1,1,0,1,0.0,-1599.0,0.0,2.471388652854281,152163.33333333334,-0.0,2.471388652854281,150564.33333333334,0.0,True,945
SR-C,17,spt,ddae15214f6b9fbf,6,83,3,0,0,0,0,0,0,0.0,0.0,0.0,2.482048053464097,185490.0,-0.0,2.482048053464097,185490.0,0.0,False,945
SR-C,17,random_0,d3a0bed4c4e6dbd0,8,85,9,2,3,2,3,0,3,-0.003376412841173959,-11489.333333333343,0.0,2.5097724951317923,180795.66666666666,-0.0,2.5063960822906184,169306.3333333333,0.0,True,945
SR-C,17,random_1,b271ac628b281f6d,9,90,24,2,1,2,2,0,2,0.0017717930545719796,-3012.666666666657,0.0,2.4767048218916976,164559.66666666666,-0.0,2.4784766149462696,161547.0,0.0,True,945
SR-C,17,random_2,40931fe8c3ed4587,10,79,27,2,2,2,2,0,2,0.0010036204464176635,-2194.666666666657,0.0,2.4831115505289807,178567.0,-0.0,2.4841151709753984,176372.33333333334,0.0,True,945
SR-C,17,random_3,4d578f33dbba5b7b,11,114,18,1,2,2,3,0,3,-0.0013288447909283185,-20066.0,0.0,2.519676975804773,204185.66666666666,-0.0,2.5183481310138447,184119.66666666666,0.0,True,945
SR-C,18,spt,43b65d71c40dbb4e,6,48,30,3,3,3,3,0,3,-0.18708511291911645,29114.166666666657,0.0,2.854426063054089,154768.1666666667,-0.0,2.6673409501349727,183882.33333333334,0.0,True,945
SR-C,18,random_0,6e5ac436d6ef0af8,6,79,69,4,4,4,4,0,4,-0.1418414940363828,-10330.0,0.7698883636721803,3.1004940440825672,205146.6666666667,-0.7698883636721803,2.9586525500461844,194816.6666666667,0.0,True,945
SR-C,18,random_1,d0975edcb2e60d60,11,104,73,2,2,2,2,0,2,-0.007853206017070846,-37688.0,0.0,2.5273152738998528,218797.6666666667,-0.0,2.519462067882782,181109.6666666667,0.0,True,945
SR-C,18,random_2,0deb6378d69d8f2d,8,27,9,1,0,1,1,0,1,0.0,-567.0,0.0,2.802002126151666,165694.0,-0.0,2.802002126151666,165127.0,0.0,True,945
SR-C,18,random_3,c451d2674741660a,8,15,3,0,1,0,1,0,1,0.0,-3000.0,0.0,3.7758681785969466,161731.6666666667,-0.0,3.7758681785969466,158731.6666666667,0.0,True,945
SR-C,19,spt,b36a32c10a4acdaa,6,81,39,2,2,2,2,0,2,-0.042346217210278425,-32215.666666666657,0.7205162335485511,2.549402409993185,200976.0,-0.7205162335485511,2.5070561927829065,168760.33333333334,0.0,True,945
SR-C,19,random_0,c81ae81ebc5e1733,9,80,9,1,1,2,1,0,2,-0.0008858965272855457,934.0,0.0,2.7295412646418784,173517.0,-0.0,2.728655368114593,174451.0,0.0,True,945
SR-C,19,random_1,c18af238a154357f,7,91,38,3,3,3,3,0,3,-0.05896471003102555,-30855.0,0.5899750503040195,2.687519158322865,179125.83333333334,-0.5899750503040195,2.6285544482918395,148270.83333333334,0.0,True,945
SR-C,19,random_2,a5e8629af7d34620,4,19,2,1,1,1,1,0,1,0.0,-482.66666666665697,0.0,3.4415570440225522,144708.33333333334,-0.0,3.4415570440225522,144225.6666666667,0.0,True,945
SR-C,19,random_3,9c2bf2f32f438631,6,90,2,1,1,2,2,0,2,-0.00044294826364321693,-8941.666666666657,0.0,2.488928415876357,184604.0,-0.0,2.4884854676127137,175662.33333333334,0.0,True,945
SR-C,20,spt,b389e7e5489e910d,6,18,3,1,1,2,2,0,2,0.00044294826364232875,-149.0,0.0,2.4645334401689,197586.0,-0.7903836755849625,2.464976388432542,197437.0,-0.7903836755849625,True,945
SR-C,20,random_0,8a5e4afc93195970,7,7,5,0,1,0,1,0,1,0.0,-250.0,0.0,5.685387192950207,48397.5,-0.0,5.685387192950207,48147.5,0.0,True,945
SR-C,20,random_1,0c0c06f27d8697f6,8,84,5,0,0,0,0,0,0,0.0,0.0,0.0,3.2537461889343158,174186.0,-0.0,3.2537461889343158,174186.0,0.0,False,945
SR-C,20,random_2,b78a5b218f2091bd,8,34,9,1,2,1,2,0,2,0.0,-7071.666666666657,0.0,2.830344826720305,158630.0,-0.0,2.830344826720305,151558.33333333334,0.0,True,945
SR-C,20,random_3,3bc306d2c2818fc3,8,20,3,0,0,0,0,0,0,0.0,0.0,0.0,2.460377343304083,175273.0,-0.0,2.460377343304083,175273.0,0.0,False,945
