case_id,scenario_family,zone,instance_seed,solver_seed,solver_repeat,model_id,model,run_key,physical_instance_hash,algorithm,evaluations,termination_reason,saved_front_size,execution_front_size,representative_hash,representative_F1,representative_F2,representative_F3,final_total_satisfaction,final_min_satisfaction,zero_service_ratio,remaining_supply,hypervolume,igd
WEN38,benchmark,original,1,60000,0,PR0_HT1_EC1,No-PR,WEN38:i1:nsga2:s60000:r0:PR0_HT1_EC1:b9f998d6cc5d,cf9bc95d906238978e0c5ab26a1947d4104e026d3bac972323bf05453ec86ca7,nsga2,500,budget_exhausted,33,12,741f40313babe82b,2.6575653862140713,160089.83333333334,-0.1825652018596884,0.7973068745570517,0.1825652018596884,0.0,0.0,0.31030499097632513,0.31623520023591045
WEN38,benchmark,original,1,60000,0,PR1_HT0_EC1,No-HT,WEN38:i1:nsga2:s60000:r0:PR1_HT0_EC1:ed89f90c2cee,cf9bc95d906238978e0c5ab26a1947d4104e026d3bac972323bf05453ec86ca7,nsga2,500,budget_exhausted,28,18,823b3154a1b29d06,2.462430999719607,143920.33333333334,-0.445542109163398,0.7973068745570517,0.445542109163398,0.0,0.0,0.9082839914892142,0.08170786873114214
WEN38,benchmark,original,1,60000,0,PR1_HT1_EC0,No-EC,WEN38:i1:nsga2:s60000:r0:PR1_HT1_EC0:233634bab1fc,cf9bc95d906238978e0c5ab26a1947d4104e026d3bac972323bf05453ec86ca7,nsga2,500,budget_exhausted,18,18,b12291b3eff8fca1,2.6443045238338136,115276.66666666669,-0.4349222030141391,0.7973068745570517,0.4349222030141391,0.0,0.0,0.7587133722673284,0.21440182344661587
WEN38,benchmark,original,1,60000,0,PR1_HT1_EC1,Full,WEN38:i1:nsga2:s60000:r0:PR1_HT1_EC1:ac79a73486e1,cf9bc95d906238978e0c5ab26a1947d4104e026d3bac972323bf05453ec86ca7,nsga2,500,budget_exhausted,18,18,b12291b3eff8fca1,2.6443045238338136,115276.66666666669,-0.4349222030141391,0.7973068745570517,0.4349222030141391,0.0,0.0,0.7587133722673284,0.21440182344661587
WEN38,benchmark,original,1,60001,1,PR0_HT1_EC1,No-PR,WEN38:i1:nsga2:s60001:r1:PR0_HT1_EC1:2aca52bb3fb1,cf9bc95d906238978e0c5ab26a1947d4104e026d3bac972323bf05453ec86ca7,nsga2,500,budget_exhausted,33,9,7660a3b94feb8f4b,2.7759439230948706,157169.66666666666,-0.0,0.7973068745570211,0.0,0.17142857142857143,3.4515323932282627e-10,0.25494176784590655,0.3422558265705055
WEN38,benchmark,original,1,60001,1,PR1_HT0_EC1,No-HT,WEN38:i1:nsga2:s60001:r1:PR1_HT0_EC1:810cc032fd7d,cf9bc95d906238978e0c5ab26a1947d4104e026d3bac972323bf05453ec86ca7,nsga2,500,budget_exhausted,19,13,e51cc80a803239cc,2.7652941711196948,145185.33333333334,-0.33313902652480465,0.7973068745570037,0.33313902652480465,0.0,5.411493475548923e-10,0.4924320179438447,0.2651269882044447
WEN38,benchmark,original,1,60001,1,PR1_HT1_EC0,No-EC,WEN38:i1:nsga2:s60001:r1:PR1_HT1_EC0:f2ee064e9de3,cf9bc95d906238978e0c5ab26a1947d4104e026d3bac972323bf05453ec86ca7,nsga2,500,budget_exhausted,27,27,aacc90007cf45364,2.6287423963597236,149233.6666666667,-0.4430379746845574,0.7973068745570517,0.4430379746845574,0.0,0.0,0.7835471063531014,0.101906519547606
WEN38,benchmark,original,1,60001,1,PR1_HT1_EC1,Full,WEN38:i1:nsga2:s60001:r1:PR1_HT1_EC1:ceb9ada93d38,cf9bc95d906238978e0c5ab26a1947d4104e026d3bac972323bf05453ec86ca7,nsga2,500,budget_exhausted,27,27,aacc90007cf45364,2.6287423963597236,149233.6666666667,-0.4430379746845574,0.7973068745570517,0.4430379746845574,0.0,0.0,0.7835471063531014,0.101906519547606
S025,corridor,binding,101,1060000,0,PR0_HT1_EC1,No-PR,S025@corridor@binding:i101:nsga2:s1060000:r0:PR0_HT1_EC1:8353cfdc536a,645b3a3c554829d2bd7eb3bdb04173d87542d672d7bd6ed69c292de4d1047953,nsga2,500,budget_exhausted,5,3,30a22335100b69a9,7.270942586699128,1140.7646644974393,-0.0,0.2712519981416009,0.0,0.5,413.71618522282665,0.5413159998332784,0.14217197906223283
S025,corridor,binding,101,1060000,0,PR1_HT0_EC1,No-HT,S025@corridor@binding:i101:nsga2:s1060000:r0:PR1_HT0_EC1:3856e2908251,645b3a3c554829d2bd7eb3bdb04173d87542d672d7bd6ed69c292de4d1047953,nsga2,500,budget_exhausted,5,5,dc514ff044302fc4,7.244965805471879,1033.6498264992122,-0.0,0.26595744680840283,0.0,0.5,417.200000000071,0.6490640469973182,0.0
S025,corridor,binding,101,1060000,0,PR1_HT1_EC0,No-EC,S025@corridor@binding:i101:nsga2:s1060000:r0:PR1_HT1_EC0:854b0a538e45,645b3a3c554829d2bd7eb3bdb04173d87542d672d7bd6ed69c292de4d1047953,nsga2,500,budget_exhausted,40,4,1cf0727b6e4aef4b,7.258018366288641,1267.2267994305632,-0.0,0.2811550151975684,0.0,0.5,407.20000000000005,0.6289698098824731,0.07810337796605006
S025,corridor,binding,101,1060000,0,PR1_HT1_EC1,Full,S025@corridor@binding:i101:nsga2:s1060000:r0:PR1_HT1_EC1:6abe6f291736,645b3a3c554829d2bd7eb3bdb04173d87542d672d7bd6ed69c292de4d1047953,nsga2,500,budget_exhausted,5,5,dc514ff044302fc4,7.244965805471879,1033.6498264992122,-0.0,0.26595744680840283,0.0,0.5,417.200000000071,0.6490640469973182,0.0
S025,corridor,binding,101,1060001,1,PR0_HT1_EC1,No-PR,S025@corridor@binding:i101:nsga2:s1060001:r1:PR0_HT1_EC1:4b9ec6e4ad81,645b3a3c554829d2bd7eb3bdb04173d87542d672d7bd6ed69c292de4d1047953,nsga2,500,budget_exhausted,5,3,bbb6154797241ada,7.270942586699128,1140.7646644974393,-0.0,0.2712519981416009,0.0,0.5,413.71618522282665,0.5413159998332784,0.14217197906223283
S025,corridor,binding,101,1060001,1,PR1_HT0_EC1,No-HT,S025@corridor@binding:i101:nsga2:s1060001:r1:PR1_HT0_EC1:9b2b37d019cc,645b3a3c554829d2bd7eb3bdb04173d87542d672d7bd6ed69c292de4d1047953,nsga2,500,budget_exhausted,5,5,07394de1f8455fb2,7.244965805471879,1033.6498264992122,-0.0,0.26595744680840283,0.0,0.5,417.200000000071,0.6490640469973182,0.0
S025,corridor,binding,101,1060001,1,PR1_HT1_EC0,No-EC,S025@corridor@binding:i101:nsga2:s1060001:r1:PR1_HT1_EC0:41a513b2b48a,645b3a3c554829d2bd7eb3bdb04173d87542d672d7bd6ed69c292de4d1047953,nsga2,500,budget_exhausted,39,4,cde6c0b29343e286,7.258018366288641,1258.272908587462,-0.0,0.2811550151975684,0.0,0.5,407.20000000000005,0.6289698098824731,0.07810337796605006
S025,corridor,binding,101,1060001,1,PR1_HT1_EC1,Full,S025@corridor@binding:i101:nsga2:s1060001:r1:PR1_HT1_EC1:a1f1bd291f41,645b3a3c554829d2bd7eb3bdb04173d87542d672d7bd6ed69c292de4d1047953,nsga2,500,budget_exhausted,5,5,07394de1f8455fb2,7.244965805471879,1033.6498264992122,-0.0,0.26595744680840283,0.0,0.5,417.200000000071,0.6490640469973182,0.0
S025,corridor,binding,102,1070000,0,PR0_HT1_EC1,No-PR,S025@corridor@binding:i102:nsga2:s1070000:r0:PR0_HT1_EC1:e5cad6c85852,25e7b74fd7208cd542569f2bc9871358dcab9b95f9b86f53900f2c41ac0c7e8c,nsga2,500,budget_exhausted,25,17,5ffdde9becab8ce4,4.592384595940473,4292.594230759734,-0.837696335078534,0.8905291424978491,0.837696335078534,0.0,7.226264274141286,0.3809078059027811,0.052057245510885745
S025,corridor,binding,102,1070000,0,PR1_HT0_EC1,No-HT,S025@corridor@binding:i102:nsga2:s1070000:r0:PR1_HT0_EC1:75cc4e2aff9b,25e7b74fd7208cd542569f2bc9871358dcab9b95f9b86f53900f2c41ac0c7e8c,nsga2,500,budget_exhausted,42,24,32ebd783f4016e89,4.6399876922545555,4343.630723446337,-0.7853403141361257,0.8774229826026985,0.7853403141361257,0.0,17.226264274141272,0.3679644086516365,0.03081751114319282
S025,corridor,binding,102,1070000,0,PR1_HT1_EC0,No-EC,S025@corridor@binding:i102:nsga2:s1070000:r0:PR1_HT1_EC0:6d64fbb47f71,25e7b74fd7208cd542569f2bc9871358dcab9b95f9b86f53900f2c41ac0c7e8c,nsga2,500,budget_exhausted,50,23,0d9d3152bdf41867,4.85163066150409,4185.63722400587,-0.6353591160220995,0.8082286132293023,0.6353591160220995,0.0,70.02156810604248,0.32229900527323163,0.049707141658041375
S025,corridor,binding,102,1070000,0,PR1_HT1_EC1,Full,S025@corridor@binding:i102:nsga2:s1070000:r0:PR1_HT1_EC1:d5a7da3e9b05,25e7b74fd7208cd542569f2bc9871358dcab9b95f9b86f53900f2c41ac0c7e8c,nsga2,500,budget_exhausted,36,36,bd3f4ce24defb3a5,4.667452695887644,4306.980980790693,-0.7853403141361257,0.877422982602798,0.7853403141361257,0.0,17.226264274065073,0.3905277721767664,0.011735662429922933
S025,corridor,binding,102,1070001,1,PR0_HT1_EC1,No-PR,S025@corridor@binding:i102:nsga2:s1070001:r1:PR0_HT1_EC1:e7f73c353cd1,25e7b74fd7208cd542569f2bc9871358dcab9b95f9b86f53900f2c41ac0c7e8c,nsga2,500,budget_exhausted,23,17,ed538a0f27a004be,4.568214100407843,4307.993124762185,-0.8638743455497382,0.8970822224453796,0.8638743455497382,0.0,2.2262642741754632,0.37618914455133073,0.05049019931508457
S025,corridor,binding,102,1070001,1,PR1_HT0_EC1,No-HT,S025@corridor@binding:i102:nsga2:s1070001:r1:PR1_HT0_EC1:d952fda92850,25e7b74fd7208cd542569f2bc9871358dcab9b95f9b86f53900f2c41ac0c7e8c,nsga2,500,budget_exhausted,43,24,5e4396a853cb724f,4.6399876922545555,4291.815698551742,-0.7853403141361257,0.8774229826026985,0.7853403141361257,0.0,17.226264274141272,0.3842986486042102,0.022261460312344085
S025,corridor,binding,102,1070001,1,PR1_HT1_EC0,No-EC,S025@corridor@binding:i102:nsga2:s1070001:r1:PR1_HT1_EC0:1400af4ac24c,25e7b74fd7208cd542569f2bc9871358dcab9b95f9b86f53900f2c41ac0c7e8c,nsga2,500,budget_exhausted,42,23,bd0f9cccf9ba143f,4.85163066150409,4185.63722400587,-0.6353591160220995,0.8082286132293023,0.6353591160220995,0.0,70.02156810604248,0.3390151445551114,0.029766432278675436
S025,corridor,binding,102,1070001,1,PR1_HT1_EC1,Full,S025@corridor@binding:i102:nsga2:s1070001:r1:PR1_HT1_EC1:4bf2708ae859,25e7b74fd7208cd542569f2bc9871358dcab9b95f9b86f53900f2c41ac0c7e8c,nsga2,500,budget_exhausted,36,36,f887ecb5eae402f6,4.568214100407843,4307.993124762185,-0.8638743455497382,0.8970822224453796,0.8638743455497382,0.0,2.2262642741754632,0.39223458226244157,0.012957484475353017
S025,corridor,inactive,101,1060000,0,PR0_HT1_EC1,No-PR,S025@corridor@inactive:i101:nsga2:s1060000:r0:PR0_HT1_EC1:695392aa124e,1efe1d1907c2fa4b02522f8fdf5dd2f7ca474637751fc5d683586fd07890f5aa,nsga2,500,budget_exhausted,13,6,446d1119ac6df040,4.746839354476592,5339.731050489486,-0.823170731707317,0.888858778579279,0.823170731707317,0.0,7.330923694834496,0.23978687528752854,0.24122784167212816
S025,corridor,inactive,101,1060000,0,PR1_HT0_EC1,No-HT,S025@corridor@inactive:i101:nsga2:s1060000:r0:PR1_HT0_EC1:b339f64ad983,1efe1d1907c2fa4b02522f8fdf5dd2f7ca474637751fc5d683586fd07890f5aa,nsga2,500,budget_exhausted,29,20,7d342e706d518418,4.532757880055506,5028.442881516384,-0.8678714859437232,0.8999999999998745,0.8678714859437232,0.0,8.262190931418445e-11,0.2772103024112065,0.030173726828484196
S025,corridor,inactive,101,1060000,0,PR1_HT1_EC0,No-EC,S025@corridor@inactive:i101:nsga2:s1060000:r0:PR1_HT1_EC0:a86ce6b22107,1efe1d1907c2fa4b02522f8fdf5dd2f7ca474637751fc5d683586fd07890f5aa,nsga2,500,budget_exhausted,40,40,1cf0727b6e4aef4b,4.528251717410251,5050.013104580583,-0.8678714859436998,0.8999999999998567,0.8678714859436998,0.0,9.43387590268685e-11,0.3014076967568872,0.010373754643336449
S025,corridor,inactive,101,1060000,0,PR1_HT1_EC1,Full,S025@corridor@inactive:i101:nsga2:s1060000:r0:PR1_HT1_EC1:936edd1f2272,1efe1d1907c2fa4b02522f8fdf5dd2f7ca474637751fc5d683586fd07890f5aa,nsga2,500,budget_exhausted,40,40,1cf0727b6e4aef4b,4.528251717410251,5050.013104580583,-0.8678714859436998,0.8999999999998567,0.8678714859436998,0.0,9.43387590268685e-11,0.3014076967568872,0.010373754643336449
S025,corridor,inactive,101,1060001,1,PR0_HT1_EC1,No-PR,S025@corridor@inactive:i101:nsga2:s1060001:r1:PR0_HT1_EC1:4033821e0b6c,1efe1d1907c2fa4b02522f8fdf5dd2f7ca474637751fc5d683586fd07890f5aa,nsga2,500,budget_exhausted,13,6,b14bac020e17e995,4.746839354476592,5339.731050489486,-0.823170731707317,0.888858778579279,0.823170731707317,0.0,7.330923694834496,0.23978687528752854,0.24122784167212816
S025,corridor,inactive,101,1060001,1,PR1_HT0_EC1,No-HT,S025@corridor@inactive:i101:nsga2:s1060001:r1:PR1_HT0_EC1:6b766fe2ff8b,1efe1d1907c2fa4b02522f8fdf5dd2f7ca474637751fc5d683586fd07890f5aa,nsga2,500,budget_exhausted,29,18,2f5eeafea146cb41,4.532757880055506,5028.442881516384,-0.8678714859437232,0.8999999999998745,0.8678714859437232,0.0,8.262190931418445e-11,0.2826451989533604,0.038778401065599204
S025,corridor,inactive,101,1060001,1,PR1_HT1_EC0,No-EC,S025@corridor@inactive:i101:nsga2:s1060001:r1:PR1_HT1_EC0:8bbc9a1f3321,1efe1d1907c2fa4b02522f8fdf5dd2f7ca474637751fc5d683586fd07890f5aa,nsga2,500,budget_exhausted,39,39,cde6c0b29343e286,4.528251717410251,5033.3811674421795,-0.8678714859436998,0.8999999999998567,0.8678714859436998,0.0,9.43387590268685e-11,0.308205226163428,0.008957367375431693
S025,corridor,inactive,101,1060001,1,PR1_HT1_EC1,Full,S025@corridor@inactive:i101:nsga2:s1060001:r1:PR1_HT1_EC1:67564d14e5f7,1efe1d1907c2fa4b02522f8fdf5dd2f7ca474637751fc5d683586fd07890f5aa,nsga2,500,budget_exhausted,39,39,cde6c0b29343e286,4.528251717410251,5033.3811674421795,-0.8678714859436998,0.8999999999998567,0.8678714859436998,0.0,9.43387590268685e-11,0.308205226163428,0.008957367375431693
S025,corridor,inactive,102,1070000,0,PR0_HT1_EC1,No-PR,S025@corridor@inactive:i102:nsga2:s1070000:r0:PR0_HT1_EC1:b000292d4414,2e814cd9fcac3903c94a188170ea145cdf0012758210e24bec0ee8270490ed48,nsga2,500,budget_exhausted,11,10,ec28acedbe95bb7e,4.390306411130979,4093.0598151529225,-0.8755301794452158,0.8999999999998918,0.8755301794452158,0.0,8.267875273304526e-11,0.39285926122749193,0.07912812678363103
S025,corridor,inactive,102,1070000,0,PR1_HT0_EC1,No-HT,S025@corridor@inactive:i102:nsga2:s1070000:r0:PR1_HT0_EC1:d467400fa28a,2e814cd9fcac3903c94a188170ea145cdf0012758210e24bec0ee8270490ed48,nsga2,500,budget_exhausted,11,10,bdef86effae56540,4.390306411130979,4093.0598151529225,-0.8755301794452158,0.8999999999998918,0.8755301794452158,0.0,8.267875273304526e-11,0.4087965106238793,0.04669368312578605
S025,corridor,inactive,102,1070000,0,PR1_HT1_EC0,No-EC,S025@corridor@inactive:i102:nsga2:s1070000:r0:PR1_HT1_EC0:bac39318c609,2e814cd9fcac3903c94a188170ea145cdf0012758210e24bec0ee8270490ed48,nsga2,500,budget_exhausted,50,50,0d9d3152bdf41867,4.211523217373897,4285.524384253617,-0.8755301794451508,0.8999999999998395,0.8755301794451508,0.0,1.2255441106390208e-10,0.43990772685628654,0.0030218365231072224
S025,corridor,inactive,102,1070000,0,PR1_HT1_EC1,Full,S025@corridor@inactive:i102:nsga2:s1070000:r0:PR1_HT1_EC1:5ea31455e620,2e814cd9fcac3903c94a188170ea145cdf0012758210e24bec0ee8270490ed48,nsga2,500,budget_exhausted,50,50,0d9d3152bdf41867,4.211523217373897,4285.524384253617,-0.8755301794451508,0.8999999999998395,0.8755301794451508,0.0,1.2255441106390208e-10,0.43990772685628654,0.0030218365231072224
S025,corridor,inactive,102,1070001,1,PR0_HT1_EC1,No-PR,S025@corridor@inactive:i102:nsga2:s1070001:r1:PR0_HT1_EC1:058a193aaa0a,2e814cd9fcac3903c94a188170ea145cdf0012758210e24bec0ee8270490ed48,nsga2,500,budget_exhausted,8,7,1ef01e5e00d2b089,4.390306411130979,4093.0598151529225,-0.8755301794452158,0.8999999999998918,0.8755301794452158,0.0,8.267875273304526e-11,0.38830434481083576,0.09472606635125098
S025,corridor,inactive,102,1070001,1,PR1_HT0_EC1,No-HT,S025@corridor@inactive:i102:nsga2:s1070001:r1:PR1_HT0_EC1:2dd37455a867,2e814cd9fcac3903c94a188170ea145cdf0012758210e24bec0ee8270490ed48,nsga2,500,budget_exhausted,8,8,a1ec65e0f543a200,4.390306411130979,4093.0598151529225,-0.8755301794452158,0.8999999999998918,0.8755301794452158,0.0,8.267875273304526e-11,0.4000151293259779,0.07187890225347533
S025,corridor,inactive,102,1070001,1,PR1_HT1_EC0,No-EC,S025@corridor@inactive:i102:nsga2:s1070001:r1:PR1_HT1_EC0:a0d4a79acbb1,2e814cd9fcac3903c94a188170ea145cdf0012758210e24bec0ee8270490ed48,nsga2,500,budget_exhausted,42,42,bd0f9cccf9ba143f,4.211523217373897,4285.524384253617,-0.8755301794451508,0.8999999999998395,0.8755301794451508,0.0,1.2255441106390208e-10,0.4402350895494101,0.0074925219282595806
S025,corridor,inactive,102,1070001,1,PR1_HT1_EC1,Full,S025@corridor@inactive:i102:nsga2:s1070001:r1:PR1_HT1_EC1:92d9f9fb0c34,2e814cd9fcac3903c94a188170ea145cdf0012758210e24bec0ee8270490ed48,nsga2,500,budget_exhausted,42,42,bd0f9cccf9ba143f,4.211523217373897,4285.524384253617,-0.8755301794451508,0.8999999999998395,0.8755301794451508,0.0,1.2255441106390208e-10,0.4402350895494101,0.0074925219282595806
S025,corridor,transition,101,1060000,0,PR0_HT1_EC1,No-PR,S025@corridor@transition:i101:nsga2:s1060000:r0:PR0_HT1_EC1:e4e07a86b37e,79c24d8b68c20dd6cc4f88b5fd4815d867fd618cb4ef402aacd5d34ea36f9c84,nsga2,500,budget_exhausted,11,11,12107015ae80e154,6.819450198209346,1242.6058387527426,-0.0,0.332881678690351,0.0,0.5,373.1638554217491,0.7506731925597324,0.06380527012784146
S025,corridor,transition,101,1060000,0,PR1_HT0_EC1,No-HT,S025@corridor@transition:i101:nsga2:s1060000:r0:PR1_HT0_EC1:0d714d56d220,79c24d8b68c20dd6cc4f88b5fd4815d867fd618cb4ef402aacd5d34ea36f9c84,nsga2,500,budget_exhausted,16,13,b3a9e7a7ecd8442b,6.819450198209346,1370.0391294884269,-0.0,0.332881678690351,0.0,0.5,373.1638554217491,0.812237548759159,0.024966384556827505
S025,corridor,transition,101,1060000,0,PR1_HT1_EC0,No-EC,S025@corridor@transition:i101:nsga2:s1060000:r0:PR1_HT1_EC0:7d29063592f4,79c24d8b68c20dd6cc4f88b5fd4815d867fd618cb4ef402aacd5d34ea36f9c84,nsga2,500,budget_exhausted,40,9,1cf0727b6e4aef4b,6.829874618268658,1390.9736550980047,-0.0,0.3331596426352784,0.0,0.3333333333333333,372.98095514598685,0.6098227283274894,0.1158379943954216
S025,corridor,transition,101,1060000,0,PR1_HT1_EC1,Full,S025@corridor@transition:i101:nsga2:s1060000:r0:PR1_HT1_EC1:85955ada0066,79c24d8b68c20dd6cc4f88b5fd4815d867fd618cb4ef402aacd5d34ea36f9c84,nsga2,500,budget_exhausted,13,13,0547a617834a41d6,6.811851414014816,1381.5544924120095,-0.0,0.3404804628848799,0.0,0.3333333333333333,368.1638554217491,0.8128590080160949,0.019736127022327337
S025,corridor,transition,101,1060001,1,PR0_HT1_EC1,No-PR,S025@corridor@transition:i101:nsga2:s1060001:r1:PR0_HT1_EC1:ff8fa5c2dc8c,79c24d8b68c20dd6cc4f88b5fd4815d867fd618cb4ef402aacd5d34ea36f9c84,nsga2,500,budget_exhausted,11,11,101258b2a0fcf51e,6.819450198209346,1242.6058387527426,-0.0,0.332881678690351,0.0,0.5,373.1638554217491,0.7494320001659011,0.064226215794602
S025,corridor,transition,101,1060001,1,PR1_HT0_EC1,No-HT,S025@corridor@transition:i101:nsga2:s1060001:r1:PR1_HT0_EC1:7bff5436b0c7,79c24d8b68c20dd6cc4f88b5fd4815d867fd618cb4ef402aacd5d34ea36f9c84,nsga2,500,budget_exhausted,17,16,144b581acdad7514,6.811851414014816,1381.5544924120095,-0.0,0.3404804628848799,0.0,0.3333333333333333,368.1638554217491,0.8169340936867945,0.009562721918117481
S025,corridor,transition,101,1060001,1,PR1_HT1_EC0,No-EC,S025@corridor@transition:i101:nsga2:s1060001:r1:PR1_HT1_EC0:fcee649143dd,79c24d8b68c20dd6cc4f88b5fd4815d867fd618cb4ef402aacd5d34ea36f9c84,nsga2,500,budget_exhausted,39,7,cde6c0b29343e286,6.8374734024631865,1206.9257661145189,-0.0,0.32556085844074956,0.0,0.3333333333333333,377.98095514598685,0.7220866682579201,0.07578387227104577
S025,corridor,transition,101,1060001,1,PR1_HT1_EC1,Full,S025@corridor@transition:i101:nsga2:s1060001:r1:PR1_HT1_EC1:5981db62a04a,79c24d8b68c20dd6cc4f88b5fd4815d867fd618cb4ef402aacd5d34ea36f9c84,nsga2,500,budget_exhausted,16,16,90ef2f3fe6865887,6.811851414014816,1381.5544924120095,-0.0,0.3404804628848799,0.0,0.3333333333333333,368.1638554217491,0.8182205366866854,0.0020654806659000757
S025,corridor,transition,102,1070000,0,PR0_HT1_EC1,No-PR,S025@corridor@transition:i102:nsga2:s1070000:r0:PR0_HT1_EC1:9d86b7f399ae,99da49bc5facfcdb946cf238748a769dea3acd25be847396ffc15775a1845096,nsga2,500,budget_exhausted,11,10,ec28acedbe95bb7e,4.390306411130979,4093.0598151529225,-0.8755301794452158,0.8999999999998918,0.8755301794452158,0.0,8.267875273304526e-11,0.4031967383316682,0.07832417467386377
S025,corridor,transition,102,1070000,0,PR1_HT0_EC1,No-HT,S025@corridor@transition:i102:nsga2:s1070000:r0:PR1_HT0_EC1:0f8ad9cd5a7c,99da49bc5facfcdb946cf238748a769dea3acd25be847396ffc15775a1845096,nsga2,500,budget_exhausted,19,16,f8f445298b19c215,4.41475627668421,4308.805944621714,-0.8755301794452233,0.8999999999998975,0.8755301794452233,0.0,7.818812264304142e-11,0.41648580857576895,0.05646409890332173
S025,corridor,transition,102,1070000,0,PR1_HT1_EC0,No-EC,S025@corridor@transition:i102:nsga2:s1070000:r0:PR1_HT1_EC0:8fbc426fe68e,99da49bc5facfcdb946cf238748a769dea3acd25be847396ffc15775a1845096,nsga2,500,budget_exhausted,50,48,0d9d3152bdf41867,4.211523217373897,4285.524384253617,-0.8755301794451508,0.8999999999998395,0.8755301794451508,0.0,1.2255441106390208e-10,0.45083319664043264,0.0050899914997345344
S025,corridor,transition,102,1070000,0,PR1_HT1_EC1,Full,S025@corridor@transition:i102:nsga2:s1070000:r0:PR1_HT1_EC1:53750258a23e,99da49bc5facfcdb946cf238748a769dea3acd25be847396ffc15775a1845096,nsga2,500,budget_exhausted,45,45,9c3658b2a0db775f,4.2033467442665,4335.258567662476,-0.8755301794452136,0.89999999999989,0.8755301794452136,0.0,8.404299478570465e-11,0.44941013616587333,0.00865140093437308
S025,corridor,transition,102,1070001,1,PR0_HT1_EC1,No-PR,S025@corridor@transition:i102:nsga2:s1070001:r1:PR0_HT1_EC1:fdeb76700c41,99da49bc5facfcdb946cf238748a769dea3acd25be847396ffc15775a1845096,nsga2,500,budget_exhausted,8,7,1ef01e5e00d2b089,4.390306411130979,4093.0598151529225,-0.8755301794452158,0.8999999999998918,0.8755301794452158,0.0,8.267875273304526e-11,0.39871217341821624,0.09346965512614726
S025,corridor,transition,102,1070001,1,PR1_HT0_EC1,No-HT,S025@corridor@transition:i102:nsga2:s1070001:r1:PR1_HT0_EC1:55440403c437,99da49bc5facfcdb946cf238748a769dea3acd25be847396ffc15775a1845096,nsga2,500,budget_exhausted,20,16,2e46223950d8d453,4.396422619082056,4188.194043667476,-0.8755301794452158,0.8999999999998918,0.8755301794452158,0.0,8.267875273304526e-11,0.42686524552556687,0.06468515774732798
S025,corridor,transition,102,1070001,1,PR1_HT1_EC0,No-EC,S025@corridor@transition:i102:nsga2:s1070001:r1:PR1_HT1_EC0:4fe4758377fe,99da49bc5facfcdb946cf238748a769dea3acd25be847396ffc15775a1845096,nsga2,500,budget_exhausted,42,42,bd0f9cccf9ba143f,4.211523217373897,4285.524384253617,-0.8755301794451508,0.8999999999998395,0.8755301794451508,0.0,1.2255441106390208e-10,0.45097692943506557,0.008542989881236099
S025,corridor,transition,102,1070001,1,PR1_HT1_EC1,Full,S025@corridor@transition:i102:nsga2:s1070001:r1:PR1_HT1_EC1:f7b5fefe44d6,99da49bc5facfcdb946cf238748a769dea3acd25be847396ffc15775a1845096,nsga2,500,budget_exhausted,44,44,c2a0702cdaeae475,4.211523217373897,4285.524384253617,-0.8755301794451508,0.8999999999998395,0.8755301794451508,0.0,1.2255441106390208e-10,0.4509775821275058,0.007541630519952362
