run_key,origin_budget,solver_seed,decision_hash,max_edge_utilization,capacity_blocked_tons
WEN38:i1:nsga2:s60000:r0:PR1_HT1_EC1:ac79a73486e1,500,60000,b12291b3eff8fca1,0.03135416666666667,0.0
WEN38:i1:nsga2:s60000:r0:PR1_HT1_EC1:ac79a73486e1,500,60000,b9ceedab27d79900,0.028645833333333332,0.0
WEN38:i1:nsga2:s60000:r0:PR1_HT1_EC1:ac79a73486e1,500,60000,2a6c2e9b4479abf8,0.05173611111111111,0.0
WEN38:i1:nsga2:s60000:r0:PR1_HT1_EC1:ac79a73486e1,500,60000,d97db80c03b86b82,0.0425,0.0
WEN38:i1:nsga2:s60000:r0:PR1_HT1_EC1:ac79a73486e1,500,60000,31f1b5fa3437d22a,0.0425,0.0
WEN38:i1:nsga2:s60000:r0:PR1_HT1_EC1:ac79a73486e1,500,60000,3dbdfbe22eaee946,0.06927083333333334,0.0
WEN38:i1:nsga2:s60000:r0:PR1_HT1_EC1:ac79a73486e1,500,60000,68541049b5f8a9b2,0.07708333333333334,0.0
WEN38:i1:nsga2:s60000:r0:PR1_HT1_EC1:ac79a73486e1,500,60000,3fbe934d389c7f0d,0.060833333333333336,0.0
WEN38:i1:nsga2:s60000:r0:PR1_HT1_EC1:ac79a73486e1,500,60000,0673595e0e591a1c,0.0361875,0.0
WEN38:i1:nsga2:s60000:r0:PR1_HT1_EC1:ac79a73486e1,500,60000,1f27e716b21bfc54,0.03260416666666666,0.0
WEN38:i1:nsga2:s60000:r0:PR1_HT1_EC1:ac79a73486e1,500,60000,5c1d5d2bb7805c0b,0.03270833333333333,0.0
WEN38:i1:nsga2:s60000:r0:PR1_HT1_EC1:ac79a73486e1,500,60000,44371d7b0456c749,0.03225,0.0
WEN38:i1:nsga2:s60000:r0:PR1_HT1_EC1:ac79a73486e1,500,60000,1e0183d0006cdbdd,0.0278125,0.0
WEN38:i1:nsga2:s60000:r0:PR1_HT1_EC1:ac79a73486e1,500,60000,0aafa43267a398c2,0.033,0.0
WEN38:i1:nsga2:s60000:r0:PR1_HT1_EC1:ac79a73486e1,500,60000,9186667fc2356080,0.052395833333333336,0.0
WEN38:i1:nsga2:s60000:r0:PR1_HT1_EC1:ac79a73486e1,500,60000,b91d277d8c4017fa,0.03729166666666667,0.0
WEN38:i1:nsga2:s60000:r0:PR1_HT1_EC1:ac79a73486e1,500,60000,106af5df51248833,0.045234375,0.0
WEN38:i1:nsga2:s60000:r0:PR1_HT1_EC1:ac79a73486e1,500,60000,a37353b90ee72f34,0.045703125,0.0
WEN38:i1:nsga2:s60001:r1:PR1_HT1_EC1:ceb9ada93d38,500,60001,aacc90007cf45364,0.060833333333333336,0.0
WEN38:i1:nsga2:s60001:r1:PR1_HT1_EC1:ceb9ada93d38,500,60001,6d58023f9c397599,0.04125,0.0
WEN38:i1:nsga2:s60001:r1:PR1_HT1_EC1:ceb9ada93d38,500,60001,2030112ba4cbed7e,0.051145833333333335,0.0
WEN38:i1:nsga2:s60001:r1:PR1_HT1_EC1:ceb9ada93d38,500,60001,497d705823d73103,0.04666666666666667,0.0
WEN38:i1:nsga2:s60001:r1:PR1_HT1_EC1:ceb9ada93d38,500,60001,1a3d4381bc2072ec,0.04666666666666667,0.0
WEN38:i1:nsga2:s60001:r1:PR1_HT1_EC1:ceb9ada93d38,500,60001,e66ddf489ef000ca,0.05017361111111111,0.0
WEN38:i1:nsga2:s60001:r1:PR1_HT1_EC1:ceb9ada93d38,500,60001,f49b9520ad8e9d04,0.050694444444444445,0.0
WEN38:i1:nsga2:s60001:r1:PR1_HT1_EC1:ceb9ada93d38,500,60001,2aa9af2c016c5edb,0.04125,0.0
WEN38:i1:nsga2:s60001:r1:PR1_HT1_EC1:ceb9ada93d38,500,60001,e061df229fe6cf88,0.05017361111111111,0.0
WEN38:i1:nsga2:s60001:r1:PR1_HT1_EC1:ceb9ada93d38,500,60001,e6ae7ee2b46a0c4e,0.03979166666666667,0.0
WEN38:i1:nsga2:s60001:r1:PR1_HT1_EC1:ceb9ada93d38,500,60001,87193ecce38089c2,0.03979166666666667,0.0
WEN38:i1:nsga2:s60001:r1:PR1_HT1_EC1:ceb9ada93d38,500,60001,e17fec6192053e3d,0.050729166666666665,0.0
WEN38:i1:nsga2:s60001:r1:PR1_HT1_EC1:ceb9ada93d38,500,60001,8b2ffa4dccdbdf35,0.02575,0.0
WEN38:i1:nsga2:s60001:r1:PR1_HT1_EC1:ceb9ada93d38,500,60001,d55ec2113cd562c9,0.025104166666666667,0.0
WEN38:i1:nsga2:s60001:r1:PR1_HT1_EC1:ceb9ada93d38,500,60001,1d4d6d9f25601fe0,0.036875,0.0
WEN38:i1:nsga2:s60001:r1:PR1_HT1_EC1:ceb9ada93d38,500,60001,2e5ac41dc3e2e4c8,0.03979166666666667,0.0
WEN38:i1:nsga2:s60001:r1:PR1_HT1_EC1:ceb9ada93d38,500,60001,746738a84f30be00,0.058020833333333334,0.0
WEN38:i1:nsga2:s60001:r1:PR1_HT1_EC1:ceb9ada93d38,500,60001,a2fca10043e88480,0.060833333333333336,0.0
WEN38:i1:nsga2:s60001:r1:PR1_HT1_EC1:ceb9ada93d38,500,60001,f6c98589ec07e127,0.056354166666666664,0.0
WEN38:i1:nsga2:s60001:r1:PR1_HT1_EC1:ceb9ada93d38,500,60001,a9ede19b7d0ed823,0.0428125,0.0
WEN38:i1:nsga2:s60001:r1:PR1_HT1_EC1:ceb9ada93d38,500,60001,03f4e7afdac5c284,0.049479166666666664,0.0
WEN38:i1:nsga2:s60001:r1:PR1_HT1_EC1:ceb9ada93d38,500,60001,5ca364720b7007ee,0.06927083333333334,0.0
WEN38:i1:nsga2:s60001:r1:PR1_HT1_EC1:ceb9ada93d38,500,60001,1350bc637d0ac81f,0.044583333333333336,0.0
WEN38:i1:nsga2:s60001:r1:PR1_HT1_EC1:ceb9ada93d38,500,60001,de94e6bcba7d4aff,0.0625,0.0
WEN38:i1:nsga2:s60001:r1:PR1_HT1_EC1:ceb9ada93d38,500,60001,870ae6c51b8652c7,0.041979166666666665,0.0
WEN38:i1:nsga2:s60001:r1:PR1_HT1_EC1:ceb9ada93d38,500,60001,6066f33572ce6fc4,0.0453125,0.0
WEN38:i1:nsga2:s60001:r1:PR1_HT1_EC1:ceb9ada93d38,500,60001,1e699834ec4ff0d7,0.0275,0.0
WEN38:i1:nsga2:s60000:r0:PR1_HT1_EC1:ee51f2059906,5000,60000,db03657b9124fc2a,0.0425,0.0
WEN38:i1:nsga2:s60000:r0:PR1_HT1_EC1:ee51f2059906,5000,60000,1e6bea6ca0ebf9bf,0.03770833333333334,0.0
WEN38:i1:nsga2:s60000:r0:PR1_HT1_EC1:ee51f2059906,5000,60000,9b28c35fb8712573,0.0384375,0.0
WEN38:i1:nsga2:s60000:r0:PR1_HT1_EC1:ee51f2059906,5000,60000,07d9d68de1531dca,0.040546875,0.0
WEN38:i1:nsga2:s60000:r0:PR1_HT1_EC1:ee51f2059906,5000,60000,4d3d26f4c6462f70,0.034270833333333334,0.0
WEN38:i1:nsga2:s60000:r0:PR1_HT1_EC1:ee51f2059906,5000,60000,e4454b05e2e9023e,0.0425,0.0
WEN38:i1:nsga2:s60000:r0:PR1_HT1_EC1:ee51f2059906,5000,60000,526fc34fa5d620e9,0.0425,0.0
WEN38:i1:nsga2:s60000:r0:PR1_HT1_EC1:ee51f2059906,5000,60000,abc5bbc8f0da2691,0.032916666666666664,0.0
WEN38:i1:nsga2:s60000:r0:PR1_HT1_EC1:ee51f2059906,5000,60000,581439a8fc8722ce,0.034583333333333334,0.0
WEN38:i1:nsga2:s60000:r0:PR1_HT1_EC1:ee51f2059906,5000,60000,540408d122a7a509,0.033541666666666664,0.0
WEN38:i1:nsga2:s60000:r0:PR1_HT1_EC1:ee51f2059906,5000,60000,edce75ee35c1ea1d,0.033,0.0
WEN38:i1:nsga2:s60000:r0:PR1_HT1_EC1:ee51f2059906,5000,60000,a0ada14cba9d2373,0.033625,0.0
WEN38:i1:nsga2:s60000:r0:PR1_HT1_EC1:ee51f2059906,5000,60000,74289d664275c345,0.03425,0.0
WEN38:i1:nsga2:s60000:r0:PR1_HT1_EC1:ee51f2059906,5000,60000,3d61687220eacfa8,0.05458333333333333,0.0
WEN38:i1:nsga2:s60000:r0:PR1_HT1_EC1:ee51f2059906,5000,60000,817ae349c84c4664,0.041354166666666664,0.0
WEN38:i1:nsga2:s60000:r0:PR1_HT1_EC1:ee51f2059906,5000,60000,15ed6fe6ff5d8ab4,0.0281875,0.0
WEN38:i1:nsga2:s60000:r0:PR1_HT1_EC1:ee51f2059906,5000,60000,a44d2634cbc84c17,0.03333333333333333,0.0
WEN38:i1:nsga2:s60000:r0:PR1_HT1_EC1:ee51f2059906,5000,60000,6593a7e547f28d80,0.0328125,0.0
WEN38:i1:nsga2:s60000:r0:PR1_HT1_EC1:ee51f2059906,5000,60000,5f15f7166a893d35,0.0328125,0.0
WEN38:i1:nsga2:s60000:r0:PR1_HT1_EC1:ee51f2059906,5000,60000,4c73e371548cdae8,0.035,0.0
WEN38:i1:nsga2:s60000:r0:PR1_HT1_EC1:ee51f2059906,5000,60000,ff4c76b43a3cefae,0.0286875,0.0
WEN38:i1:nsga2:s60000:r0:PR1_HT1_EC1:ee51f2059906,5000,60000,3c950aed3d0d3001,0.0318125,0.0
WEN38:i1:nsga2:s60000:r0:PR1_HT1_EC1:ee51f2059906,5000,60000,d52e1a4dd88d77d4,0.0334375,0.0
WEN38:i1:nsga2:s60000:r0:PR1_HT1_EC1:ee51f2059906,5000,60000,e7b47b81f88b86b8,0.03175,0.0
WEN38:i1:nsga2:s60000:r0:PR1_HT1_EC1:ee51f2059906,5000,60000,701a1b7a84db2069,0.023125,0.0
WEN38:i1:nsga2:s60000:r0:PR1_HT1_EC1:ee51f2059906,5000,60000,583955f14fc757f1,0.033125,0.0
WEN38:i1:nsga2:s60000:r0:PR1_HT1_EC1:ee51f2059906,5000,60000,ce4bb6ede1926b5b,0.023125,0.0
WEN38:i1:nsga2:s60000:r0:PR1_HT1_EC1:ee51f2059906,5000,60000,62724347b2e70938,0.023125,0.0
WEN38:i1:nsga2:s60000:r0:PR1_HT1_EC1:ee51f2059906,5000,60000,739f529a35888698,0.04583333333333333,0.0
WEN38:i1:nsga2:s60000:r0:PR1_HT1_EC1:ee51f2059906,5000,60000,cf6933d38a9da15f,0.023125,0.0
WEN38:i1:nsga2:s60000:r0:PR1_HT1_EC1:ee51f2059906,5000,60000,2a9fc5306a8b8f14,0.023125,0.0
WEN38:i1:nsga2:s60000:r0:PR1_HT1_EC1:ee51f2059906,5000,60000,9c2fb0a915583810,0.023125,0.0
WEN38:i1:nsga2:s60000:r0:PR1_HT1_EC1:ee51f2059906,5000,60000,7dffd0da458f218e,0.023125,0.0
WEN38:i1:nsga2:s60000:r0:PR1_HT1_EC1:ee51f2059906,5000,60000,70e8e15ed24c29e4,0.02625,0.0
WEN38:i1:nsga2:s60000:r0:PR1_HT1_EC1:ee51f2059906,5000,60000,415b5172743f99ad,0.025833333333333333,0.0
WEN38:i1:nsga2:s60000:r0:PR1_HT1_EC1:ee51f2059906,5000,60000,92520e96d205ce50,0.06579861111111111,0.0
WEN38:i1:nsga2:s60000:r0:PR1_HT1_EC1:ee51f2059906,5000,60000,810923802c80103c,0.050694444444444445,0.0
WEN38:i1:nsga2:s60000:r0:PR1_HT1_EC1:ee51f2059906,5000,60000,9ad270fe0e39d820,0.023125,0.0
WEN38:i1:nsga2:s60000:r0:PR1_HT1_EC1:ee51f2059906,5000,60000,d8794cf01ecd2e85,0.050694444444444445,0.0
WEN38:i1:nsga2:s60000:r0:PR1_HT1_EC1:ee51f2059906,5000,60000,33ae6e030f162f54,0.029166666666666667,0.0
WEN38:i1:nsga2:s60000:r0:PR1_HT1_EC1:ee51f2059906,5000,60000,31ba676e431102e9,0.02875,0.0
WEN38:i1:nsga2:s60000:r0:PR1_HT1_EC1:ee51f2059906,5000,60000,f6fb8d690ec83776,0.029166666666666667,0.0
WEN38:i1:nsga2:s60000:r0:PR1_HT1_EC1:ee51f2059906,5000,60000,a685e1d6f0f4eceb,0.029166666666666667,0.0
WEN38:i1:nsga2:s60000:r0:PR1_HT1_EC1:ee51f2059906,5000,60000,3dd54c6922e38a9b,0.028125,0.0
WEN38:i1:nsga2:s60000:r0:PR1_HT1_EC1:ee51f2059906,5000,60000,0dcbd0cb6b48d3c8,0.029166666666666667,0.0
WEN38:i1:nsga2:s60000:r0:PR1_HT1_EC1:ee51f2059906,5000,60000,01535fefaa25aad1,0.029166666666666667,0.0
WEN38:i1:nsga2:s60000:r0:PR1_HT1_EC1:ee51f2059906,5000,60000,e9fd76d9a543698f,0.029895833333333333,0.0
WEN38:i1:nsga2:s60000:r0:PR1_HT1_EC1:ee51f2059906,5000,60000,b3d453cf2b82fa21,0.02875,0.0
WEN38:i1:nsga2:s60000:r0:PR1_HT1_EC1:ee51f2059906,5000,60000,7c893f4090eebca8,0.029270833333333333,0.0
WEN38:i1:nsga2:s60000:r0:PR1_HT1_EC1:ee51f2059906,5000,60000,cc71d30e3ebf97be,0.0331875,0.0
WEN38:i1:nsga2:s60000:r0:PR1_HT1_EC1:ee51f2059906,5000,60000,fa6bf7dec09aa181,0.0265625,0.0
WEN38:i1:nsga2:s60000:r0:PR1_HT1_EC1:ee51f2059906,5000,60000,9e3e345000b556f1,0.0324375,0.0
WEN38:i1:nsga2:s60000:r0:PR1_HT1_EC1:ee51f2059906,5000,60000,efa720a9976d5bd4,0.029166666666666667,0.0
WEN38:i1:nsga2:s60000:r0:PR1_HT1_EC1:ee51f2059906,5000,60000,23d1983bb21fbea4,0.029296875,0.0
WEN38:i1:nsga2:s60000:r0:PR1_HT1_EC1:ee51f2059906,5000,60000,e117643cc589709b,0.025,0.0
WEN38:i1:nsga2:s60000:r0:PR1_HT1_EC1:ee51f2059906,5000,60000,20aa3d0277bd2f0f,0.027604166666666666,0.0
WEN38:i1:nsga2:s60000:r0:PR1_HT1_EC1:ee51f2059906,5000,60000,a8a3bbca6c562e6a,0.0314375,0.0
WEN38:i1:nsga2:s60000:r0:PR1_HT1_EC1:ee51f2059906,5000,60000,4425275e59504c86,0.02875,0.0
WEN38:i1:nsga2:s60001:r1:PR1_HT1_EC1:23ae88380adf,5000,60001,06b313e6efdd4414,0.034375,0.0
WEN38:i1:nsga2:s60001:r1:PR1_HT1_EC1:23ae88380adf,5000,60001,fb63a77bc9ea0dad,0.0415625,0.0
WEN38:i1:nsga2:s60001:r1:PR1_HT1_EC1:23ae88380adf,5000,60001,712647257d0a0299,0.03260416666666666,0.0
WEN38:i1:nsga2:s60001:r1:PR1_HT1_EC1:23ae88380adf,5000,60001,2ffc8118c0c79101,0.03239583333333333,0.0
WEN38:i1:nsga2:s60001:r1:PR1_HT1_EC1:23ae88380adf,5000,60001,87f9b126443fe3a9,0.03270833333333333,0.0
WEN38:i1:nsga2:s60001:r1:PR1_HT1_EC1:23ae88380adf,5000,60001,d6dcb5d07a4e4684,0.0428125,0.0
WEN38:i1:nsga2:s60001:r1:PR1_HT1_EC1:23ae88380adf,5000,60001,826277ee213b3836,0.0546875,0.0
WEN38:i1:nsga2:s60001:r1:PR1_HT1_EC1:23ae88380adf,5000,60001,6fb827ffc6803fd0,0.05510416666666667,0.0
WEN38:i1:nsga2:s60001:r1:PR1_HT1_EC1:23ae88380adf,5000,60001,4641ae63f79062ea,0.05416666666666667,0.0
WEN38:i1:nsga2:s60001:r1:PR1_HT1_EC1:23ae88380adf,5000,60001,3573b2231a294d2e,0.05614583333333333,0.0
WEN38:i1:nsga2:s60001:r1:PR1_HT1_EC1:23ae88380adf,5000,60001,09665536e23585be,0.04833333333333333,0.0
WEN38:i1:nsga2:s60001:r1:PR1_HT1_EC1:23ae88380adf,5000,60001,8e773e565944ce90,0.04833333333333333,0.0
WEN38:i1:nsga2:s60001:r1:PR1_HT1_EC1:23ae88380adf,5000,60001,003e4ba4f5b89879,0.04833333333333333,0.0
WEN38:i1:nsga2:s60001:r1:PR1_HT1_EC1:23ae88380adf,5000,60001,b774200dfdbe8894,0.035416666666666666,0.0
WEN38:i1:nsga2:s60001:r1:PR1_HT1_EC1:23ae88380adf,5000,60001,3d8afcc1a261f3d3,0.0359375,0.0
WEN38:i1:nsga2:s60001:r1:PR1_HT1_EC1:23ae88380adf,5000,60001,6740e324879eff51,0.04833333333333333,0.0
WEN38:i1:nsga2:s60001:r1:PR1_HT1_EC1:23ae88380adf,5000,60001,37a9c606dacc7f67,0.0575,0.0
WEN38:i1:nsga2:s60001:r1:PR1_HT1_EC1:23ae88380adf,5000,60001,2a40bddf85186d61,0.0575,0.0
WEN38:i1:nsga2:s60001:r1:PR1_HT1_EC1:23ae88380adf,5000,60001,c66be9cec1f4e30c,0.0575,0.0
WEN38:i1:nsga2:s60001:r1:PR1_HT1_EC1:23ae88380adf,5000,60001,30c91fce8e42819d,0.0246875,0.0
WEN38:i1:nsga2:s60001:r1:PR1_HT1_EC1:23ae88380adf,5000,60001,32c914e93c550b78,0.031041666666666665,0.0
WEN38:i1:nsga2:s60001:r1:PR1_HT1_EC1:23ae88380adf,5000,60001,5fa50f3be7c58ba8,0.060833333333333336,0.0
WEN38:i1:nsga2:s60001:r1:PR1_HT1_EC1:23ae88380adf,5000,60001,9d0315536c5b9f7d,0.025625,0.0
WEN38:i1:nsga2:s60001:r1:PR1_HT1_EC1:23ae88380adf,5000,60001,9fc683751478a31b,0.0329375,0.0
WEN38:i1:nsga2:s60001:r1:PR1_HT1_EC1:23ae88380adf,5000,60001,51089f829b90eeee,0.0246875,0.0
WEN38:i1:nsga2:s60001:r1:PR1_HT1_EC1:23ae88380adf,5000,60001,308210d8551d659d,0.031145833333333334,0.0
WEN38:i1:nsga2:s60001:r1:PR1_HT1_EC1:23ae88380adf,5000,60001,89c91c0166c01262,0.03302083333333333,0.0
WEN38:i1:nsga2:s60001:r1:PR1_HT1_EC1:23ae88380adf,5000,60001,ee768b67bfd18852,0.034270833333333334,0.0
WEN38:i1:nsga2:s60001:r1:PR1_HT1_EC1:23ae88380adf,5000,60001,37f50ececd2250a8,0.0285,0.0
WEN38:i1:nsga2:s60001:r1:PR1_HT1_EC1:23ae88380adf,5000,60001,8bd3439b97fae05c,0.05625,0.0
WEN38:i1:nsga2:s60001:r1:PR1_HT1_EC1:23ae88380adf,5000,60001,cff206094c31b718,0.03145833333333333,0.0
WEN38:i1:nsga2:s60001:r1:PR1_HT1_EC1:23ae88380adf,5000,60001,8ef9ef24f0d7e54b,0.060833333333333336,0.0
WEN38:i1:nsga2:s60001:r1:PR1_HT1_EC1:23ae88380adf,5000,60001,a49232993e2c2987,0.060833333333333336,0.0
WEN38:i1:nsga2:s60001:r1:PR1_HT1_EC1:23ae88380adf,5000,60001,0a1e6f8941194bec,0.060833333333333336,0.0
WEN38:i1:nsga2:s60001:r1:PR1_HT1_EC1:23ae88380adf,5000,60001,0ae693f2c8977589,0.02875,0.0
WEN38:i1:nsga2:s60001:r1:PR1_HT1_EC1:23ae88380adf,5000,60001,50a22082612a144e,0.03760416666666667,0.0
WEN38:i1:nsga2:s60001:r1:PR1_HT1_EC1:23ae88380adf,5000,60001,d22206464ad82a6d,0.034895833333333334,0.0
WEN38:i1:nsga2:s60001:r1:PR1_HT1_EC1:23ae88380adf,5000,60001,9650f9c9164bca39,0.02578125,0.0
WEN38:i1:nsga2:s60001:r1:PR1_HT1_EC1:23ae88380adf,5000,60001,46e0a08354d8f714,0.027291666666666665,0.0
WEN38:i1:nsga2:s60001:r1:PR1_HT1_EC1:23ae88380adf,5000,60001,1116f173915edb03,0.02328125,0.0
WEN38:i1:nsga2:s60001:r1:PR1_HT1_EC1:23ae88380adf,5000,60001,75831725056bb934,0.049652777777777775,0.0
WEN38:i1:nsga2:s60001:r1:PR1_HT1_EC1:23ae88380adf,5000,60001,ac4058df6454d904,0.03333333333333333,0.0
WEN38:i1:nsga2:s60001:r1:PR1_HT1_EC1:23ae88380adf,5000,60001,a4313cb5c805898b,0.036375,0.0
WEN38:i1:nsga2:s60001:r1:PR1_HT1_EC1:23ae88380adf,5000,60001,eab0fde3ebaa71d6,0.040729166666666664,0.0
WEN38:i1:nsga2:s60001:r1:PR1_HT1_EC1:23ae88380adf,5000,60001,01721f86dbfbed8a,0.051215277777777776,0.0
WEN38:i1:nsga2:s60001:r1:PR1_HT1_EC1:23ae88380adf,5000,60001,1917898167b9ba57,0.05017361111111111,0.0
WEN38:i1:nsga2:s60001:r1:PR1_HT1_EC1:23ae88380adf,5000,60001,b14a723491291e5a,0.050694444444444445,0.0
WEN38:i1:nsga2:s60001:r1:PR1_HT1_EC1:23ae88380adf,5000,60001,ebaa6c569f4ae1bd,0.05017361111111111,0.0
WEN38:i1:nsga2:s60001:r1:PR1_HT1_EC1:23ae88380adf,5000,60001,8c810b8289c9febf,0.031875,0.0
WEN38:i1:nsga2:s60001:r1:PR1_HT1_EC1:23ae88380adf,5000,60001,b1e6079e9481c976,0.029583333333333333,0.0
WEN38:i1:nsga2:s60001:r1:PR1_HT1_EC1:23ae88380adf,5000,60001,72903c5d5d27587c,0.03375,0.0
WEN38:i1:nsga2:s60001:r1:PR1_HT1_EC1:23ae88380adf,5000,60001,54719aa023e08083,0.0300625,0.0
WEN38:i1:nsga2:s60001:r1:PR1_HT1_EC1:23ae88380adf,5000,60001,25439cf7f877fa1a,0.036875,0.0
WEN38:i1:nsga2:s60001:r1:PR1_HT1_EC1:23ae88380adf,5000,60001,bd9544069e5739f4,0.036,0.0
WEN38:i1:nsga2:s60001:r1:PR1_HT1_EC1:23ae88380adf,5000,60001,8ff05438cc78b8b4,0.0314375,0.0
WEN38:i1:nsga2:s60001:r1:PR1_HT1_EC1:23ae88380adf,5000,60001,f3308e847d59b246,0.0375,0.0
WEN38:i1:nsga2:s60001:r1:PR1_HT1_EC1:23ae88380adf,5000,60001,b89ac720cab7864b,0.03723958333333333,0.0
WEN38:i1:nsga2:s60001:r1:PR1_HT1_EC1:23ae88380adf,5000,60001,b3eaedc3f6175fb1,0.0408125,0.0
WEN38:i1:nsga2:s60001:r1:PR1_HT1_EC1:23ae88380adf,5000,60001,f0aa4fc07ca2db3c,0.0278125,0.0
WEN38:i1:nsga2:s60001:r1:PR1_HT1_EC1:23ae88380adf,5000,60001,96d0ce193dbe3749,0.060833333333333336,0.0
WEN38:i1:nsga2:s60001:r1:PR1_HT1_EC1:23ae88380adf,5000,60001,5deb9f50860c3266,0.0405,0.0
WEN38:i1:nsga2:s60001:r1:PR1_HT1_EC1:23ae88380adf,5000,60001,dc49b776f588ca97,0.060833333333333336,0.0
WEN38:i1:nsga2:s60001:r1:PR1_HT1_EC1:23ae88380adf,5000,60001,79662cf4c06e181d,0.03658854166666667,0.0
WEN38:i1:nsga2:s60001:r1:PR1_HT1_EC1:23ae88380adf,5000,60001,62a7de56e839a935,0.029583333333333333,0.0
WEN38:i1:nsga2:s60001:r1:PR1_HT1_EC1:23ae88380adf,5000,60001,e6330e77d81537dc,0.060833333333333336,0.0
WEN38:i1:nsga2:s60001:r1:PR1_HT1_EC1:23ae88380adf,5000,60001,ab55c637361f6b35,0.04475,0.0
WEN38:i1:nsga2:s60001:r1:PR1_HT1_EC1:23ae88380adf,5000,60001,948e469350a0c618,0.034505208333333336,0.0
WEN38:i1:nsga2:s60001:r1:PR1_HT1_EC1:23ae88380adf,5000,60001,b2b99c8a55c73035,0.027890625,0.0
WEN38:i1:nsga2:s60001:r1:PR1_HT1_EC1:23ae88380adf,5000,60001,079703184e56b9cf,0.026875,0.0
WEN38:i1:nsga2:s60001:r1:PR1_HT1_EC1:23ae88380adf,5000,60001,5899378876459464,0.0255,0.0
WEN38:i1:nsga2:s60001:r1:PR1_HT1_EC1:23ae88380adf,5000,60001,891696c0d1440fea,0.032875,0.0
WEN38:i1:nsga2:s60001:r1:PR1_HT1_EC1:23ae88380adf,5000,60001,8c921962d09dfffc,0.045208333333333336,0.0
WEN38:i1:nsga2:s60001:r1:PR1_HT1_EC1:23ae88380adf,5000,60001,e81652d6bb6d2b12,0.0390625,0.0
WEN38:i1:nsga2:s60001:r1:PR1_HT1_EC1:23ae88380adf,5000,60001,b2979012220063e4,0.03075,0.0
WEN38:i1:nsga2:s60001:r1:PR1_HT1_EC1:23ae88380adf,5000,60001,cacf1ef786f59fd5,0.026875,0.0
WEN38:i1:nsga2:s60001:r1:PR1_HT1_EC1:23ae88380adf,5000,60001,9c6fc610e700b9fc,0.02875,0.0
WEN38:i1:nsga2:s60001:r1:PR1_HT1_EC1:23ae88380adf,5000,60001,2751be9383b9a830,0.037125,0.0
WEN38:i1:nsga2:s60001:r1:PR1_HT1_EC1:23ae88380adf,5000,60001,75e6e091c26d9b8c,0.04822916666666666,0.0
WEN38:i1:nsga2:s60001:r1:PR1_HT1_EC1:23ae88380adf,5000,60001,09cf483491156d01,0.030625,0.0
WEN38:i1:nsga2:s60001:r1:PR1_HT1_EC1:23ae88380adf,5000,60001,d826d876e91db1bc,0.0271875,0.0
WEN38:i1:nsga2:s60001:r1:PR1_HT1_EC1:23ae88380adf,5000,60001,72763dd6aae423b6,0.031125,0.0
WEN38:i1:nsga2:s60001:r1:PR1_HT1_EC1:23ae88380adf,5000,60001,aafbda4768d3882e,0.03828125,0.0
WEN38:i1:nsga2:s60001:r1:PR1_HT1_EC1:23ae88380adf,5000,60001,404e9547b69c3adf,0.03828125,0.0
WEN38:i1:nsga2:s60001:r1:PR1_HT1_EC1:23ae88380adf,5000,60001,f96366e0b6c61c9d,0.03145833333333333,0.0
WEN38:i1:nsga2:s60001:r1:PR1_HT1_EC1:23ae88380adf,5000,60001,73683208df95bd95,0.037,0.0
WEN38:i1:nsga2:s60001:r1:PR1_HT1_EC1:23ae88380adf,5000,60001,0c0719200deac0e8,0.029791666666666668,0.0
WEN38:i1:nsga2:s60002:r2:PR1_HT1_EC1:fcbd0dabd7d4,5000,60002,d98b0392f9d0978c,0.042291666666666665,0.0
WEN38:i1:nsga2:s60002:r2:PR1_HT1_EC1:fcbd0dabd7d4,5000,60002,6c31b938521002fd,0.035,0.0
WEN38:i1:nsga2:s60002:r2:PR1_HT1_EC1:fcbd0dabd7d4,5000,60002,e4915694a7443e70,0.03125,0.0
WEN38:i1:nsga2:s60002:r2:PR1_HT1_EC1:fcbd0dabd7d4,5000,60002,c64b0b5c4f287283,0.04083333333333333,0.0
WEN38:i1:nsga2:s60002:r2:PR1_HT1_EC1:fcbd0dabd7d4,5000,60002,96f7a14360a05619,0.0315625,0.0
WEN38:i1:nsga2:s60002:r2:PR1_HT1_EC1:fcbd0dabd7d4,5000,60002,fc5166631ed1e0db,0.04083333333333333,0.0
WEN38:i1:nsga2:s60002:r2:PR1_HT1_EC1:fcbd0dabd7d4,5000,60002,930e6a6a4be14dc1,0.04083333333333333,0.0
WEN38:i1:nsga2:s60002:r2:PR1_HT1_EC1:fcbd0dabd7d4,5000,60002,469bbd4324d7ea52,0.03854166666666667,0.0
WEN38:i1:nsga2:s60002:r2:PR1_HT1_EC1:fcbd0dabd7d4,5000,60002,8fd3ad9a415dc86f,0.0340625,0.0
WEN38:i1:nsga2:s60002:r2:PR1_HT1_EC1:fcbd0dabd7d4,5000,60002,a99c7034927e40f2,0.042083333333333334,0.0
WEN38:i1:nsga2:s60002:r2:PR1_HT1_EC1:fcbd0dabd7d4,5000,60002,046063d697f3c997,0.029791666666666668,0.0
WEN38:i1:nsga2:s60002:r2:PR1_HT1_EC1:fcbd0dabd7d4,5000,60002,871999fc585d1099,0.042395833333333334,0.0
WEN38:i1:nsga2:s60002:r2:PR1_HT1_EC1:fcbd0dabd7d4,5000,60002,b79ba45a9b22124d,0.0475,0.0
WEN38:i1:nsga2:s60002:r2:PR1_HT1_EC1:fcbd0dabd7d4,5000,60002,5e172414e9d7c0d3,0.03666666666666667,0.0
WEN38:i1:nsga2:s60002:r2:PR1_HT1_EC1:fcbd0dabd7d4,5000,60002,a3d0f7fb788a7105,0.042083333333333334,0.0
WEN38:i1:nsga2:s60002:r2:PR1_HT1_EC1:fcbd0dabd7d4,5000,60002,c1abc676a98ab691,0.0475,0.0
WEN38:i1:nsga2:s60002:r2:PR1_HT1_EC1:fcbd0dabd7d4,5000,60002,0506db24b9fcfb18,0.025625,0.0
WEN38:i1:nsga2:s60002:r2:PR1_HT1_EC1:fcbd0dabd7d4,5000,60002,d1e299e3862314bc,0.052083333333333336,0.0
WEN38:i1:nsga2:s60002:r2:PR1_HT1_EC1:fcbd0dabd7d4,5000,60002,431de09ed88de89b,0.052083333333333336,0.0
WEN38:i1:nsga2:s60002:r2:PR1_HT1_EC1:fcbd0dabd7d4,5000,60002,122c79243dc4db5d,0.023125,0.0
WEN38:i1:nsga2:s60002:r2:PR1_HT1_EC1:fcbd0dabd7d4,5000,60002,a17b1a8022de3ef0,0.055,0.0
WEN38:i1:nsga2:s60002:r2:PR1_HT1_EC1:fcbd0dabd7d4,5000,60002,6d0cddf8692017b6,0.02625,0.0
WEN38:i1:nsga2:s60002:r2:PR1_HT1_EC1:fcbd0dabd7d4,5000,60002,8bfaa016c94ecd76,0.023125,0.0
WEN38:i1:nsga2:s60002:r2:PR1_HT1_EC1:fcbd0dabd7d4,5000,60002,c59b6bab983d6ff9,0.024583333333333332,0.0
WEN38:i1:nsga2:s60002:r2:PR1_HT1_EC1:fcbd0dabd7d4,5000,60002,25fe844657a660e1,0.04791666666666667,0.0
WEN38:i1:nsga2:s60002:r2:PR1_HT1_EC1:fcbd0dabd7d4,5000,60002,cdd88c23ce2add9d,0.027916666666666666,0.0
WEN38:i1:nsga2:s60002:r2:PR1_HT1_EC1:fcbd0dabd7d4,5000,60002,019bd8f53f2ee1ce,0.050694444444444445,0.0
WEN38:i1:nsga2:s60002:r2:PR1_HT1_EC1:fcbd0dabd7d4,5000,60002,9110c6a9f78aa5ce,0.02802083333333333,0.0
WEN38:i1:nsga2:s60002:r2:PR1_HT1_EC1:fcbd0dabd7d4,5000,60002,23e7e7d7540290f7,0.02802083333333333,0.0
WEN38:i1:nsga2:s60002:r2:PR1_HT1_EC1:fcbd0dabd7d4,5000,60002,008166afb7c42ea4,0.050694444444444445,0.0
WEN38:i1:nsga2:s60002:r2:PR1_HT1_EC1:fcbd0dabd7d4,5000,60002,28c6746115b2535a,0.02802083333333333,0.0
WEN38:i1:nsga2:s60002:r2:PR1_HT1_EC1:fcbd0dabd7d4,5000,60002,e47845aec081656c,0.028541666666666667,0.0
WEN38:i1:nsga2:s60002:r2:PR1_HT1_EC1:fcbd0dabd7d4,5000,60002,fea8abcc8085e958,0.0296875,0.0
WEN38:i1:nsga2:s60002:r2:PR1_HT1_EC1:fcbd0dabd7d4,5000,60002,f5ed30251363d399,0.028541666666666667,0.0
WEN38:i1:nsga2:s60002:r2:PR1_HT1_EC1:fcbd0dabd7d4,5000,60002,ce1f5c4c09e77caa,0.029375,0.0
WEN38:i1:nsga2:s60002:r2:PR1_HT1_EC1:fcbd0dabd7d4,5000,60002,136e2f0474fe30b9,0.02802083333333333,0.0
WEN38:i1:nsga2:s60002:r2:PR1_HT1_EC1:fcbd0dabd7d4,5000,60002,a8ceafbf53fc319e,0.02802083333333333,0.0
WEN38:i1:nsga2:s60002:r2:PR1_HT1_EC1:fcbd0dabd7d4,5000,60002,080ad88f80b784cd,0.029375,0.0
WEN38:i1:nsga2:s60002:r2:PR1_HT1_EC1:fcbd0dabd7d4,5000,60002,27de7c9fced54593,0.027864583333333335,0.0
WEN38:i1:nsga2:s60002:r2:PR1_HT1_EC1:fcbd0dabd7d4,5000,60002,1f6a173720d09432,0.026875,0.0
WEN38:i1:nsga2:s60002:r2:PR1_HT1_EC1:fcbd0dabd7d4,5000,60002,53ba7fa7a1b2fc28,0.0271875,0.0
WEN38:i1:nsga2:s60002:r2:PR1_HT1_EC1:fcbd0dabd7d4,5000,60002,c756d1e8d2b9b3a5,0.03625,0.0
WEN38:i1:nsga2:s60002:r2:PR1_HT1_EC1:fcbd0dabd7d4,5000,60002,edc5ba91a6487618,0.025729166666666668,0.0
WEN38:i1:nsga2:s60002:r2:PR1_HT1_EC1:fcbd0dabd7d4,5000,60002,cbaaa7ac02267484,0.029166666666666667,0.0
WEN38:i1:nsga2:s60002:r2:PR1_HT1_EC1:fcbd0dabd7d4,5000,60002,73f782f5920b9f34,0.029375,0.0
WEN38:i1:nsga2:s60002:r2:PR1_HT1_EC1:fcbd0dabd7d4,5000,60002,1907bb631f92322c,0.027291666666666665,0.0
WEN38:i1:nsga2:s60002:r2:PR1_HT1_EC1:fcbd0dabd7d4,5000,60002,848f8e4214921916,0.057291666666666664,0.0
WEN38:i1:nsga2:s60002:r2:PR1_HT1_EC1:fcbd0dabd7d4,5000,60002,fa1f4ed629c65752,0.05739583333333333,0.0
WEN38:i1:nsga2:s60002:r2:PR1_HT1_EC1:fcbd0dabd7d4,5000,60002,491f04d2ffb9236e,0.059375,0.0
WEN38:i1:nsga2:s60002:r2:PR1_HT1_EC1:fcbd0dabd7d4,5000,60002,49ad3d5fc77fbcc3,0.050625,0.0
WEN38:i1:nsga2:s60002:r2:PR1_HT1_EC1:fcbd0dabd7d4,5000,60002,3da6ba11a46e4189,0.0270625,0.0
WEN38:i1:nsga2:s60002:r2:PR1_HT1_EC1:fcbd0dabd7d4,5000,60002,35f98447cb9a09f4,0.036328125,0.0
WEN38:i1:nsga2:s60002:r2:PR1_HT1_EC1:fcbd0dabd7d4,5000,60002,5d18dabe70098857,0.050694444444444445,0.0
WEN38:i1:nsga2:s60002:r2:PR1_HT1_EC1:fcbd0dabd7d4,5000,60002,5d8dc39bba1c55ce,0.03770833333333334,0.0
WEN38:i1:nsga2:s60002:r2:PR1_HT1_EC1:fcbd0dabd7d4,5000,60002,c58f4ff107874b5a,0.029375,0.0
WEN38:i1:nsga2:s60002:r2:PR1_HT1_EC1:fcbd0dabd7d4,5000,60002,efed85e08e0a77ae,0.0296875,0.0
WEN38:i1:nsga2:s60002:r2:PR1_HT1_EC1:fcbd0dabd7d4,5000,60002,c155352ff2996b43,0.02802083333333333,0.0
WEN38:i1:nsga2:s60002:r2:PR1_HT1_EC1:fcbd0dabd7d4,5000,60002,a2a62d58f73c2ee1,0.029375,0.0
WEN38:i1:nsga2:s60003:r3:PR1_HT1_EC1:e6fe7a604964,5000,60003,2690897201e9bfa4,0.03635416666666667,0.0
WEN38:i1:nsga2:s60003:r3:PR1_HT1_EC1:e6fe7a604964,5000,60003,8d463607f79d3bff,0.045,0.0
WEN38:i1:nsga2:s60003:r3:PR1_HT1_EC1:e6fe7a604964,5000,60003,eee036f12251e8ff,0.04791666666666667,0.0
WEN38:i1:nsga2:s60003:r3:PR1_HT1_EC1:e6fe7a604964,5000,60003,fd70bb57636f2d43,0.04791666666666667,0.0
WEN38:i1:nsga2:s60003:r3:PR1_HT1_EC1:e6fe7a604964,5000,60003,21a1fdf39f8c3c15,0.04791666666666667,0.0
WEN38:i1:nsga2:s60003:r3:PR1_HT1_EC1:e6fe7a604964,5000,60003,ad36adc4994e63d3,0.06145833333333333,0.0
WEN38:i1:nsga2:s60003:r3:PR1_HT1_EC1:e6fe7a604964,5000,60003,28544a7438b91c55,0.04791666666666667,0.0
WEN38:i1:nsga2:s60003:r3:PR1_HT1_EC1:e6fe7a604964,5000,60003,6a1230ac2b3dc491,0.04875,0.0
WEN38:i1:nsga2:s60003:r3:PR1_HT1_EC1:e6fe7a604964,5000,60003,7e94494a85c1d5ac,0.028625,0.0
WEN38:i1:nsga2:s60003:r3:PR1_HT1_EC1:e6fe7a604964,5000,60003,9d46a8e4b39352d8,0.0375,0.0
WEN38:i1:nsga2:s60003:r3:PR1_HT1_EC1:e6fe7a604964,5000,60003,cecdacf5a4a9979f,0.0295,0.0
WEN38:i1:nsga2:s60003:r3:PR1_HT1_EC1:e6fe7a604964,5000,60003,8b6aa2ddea01b523,0.0301875,0.0
WEN38:i1:nsga2:s60003:r3:PR1_HT1_EC1:e6fe7a604964,5000,60003,31ccbb1834c5afee,0.0301875,0.0
WEN38:i1:nsga2:s60003:r3:PR1_HT1_EC1:e6fe7a604964,5000,60003,82ce390e6a114890,0.0309375,0.0
WEN38:i1:nsga2:s60003:r3:PR1_HT1_EC1:e6fe7a604964,5000,60003,2646688c79a9a3b2,0.0305,0.0
WEN38:i1:nsga2:s60003:r3:PR1_HT1_EC1:e6fe7a604964,5000,60003,5a926de67bfe2d08,0.0305,0.0
WEN38:i1:nsga2:s60003:r3:PR1_HT1_EC1:e6fe7a604964,5000,60003,0c6cd1501346dc65,0.029791666666666668,0.0
WEN38:i1:nsga2:s60003:r3:PR1_HT1_EC1:e6fe7a604964,5000,60003,5eacded3bcf1701f,0.03260416666666666,0.0
WEN38:i1:nsga2:s60003:r3:PR1_HT1_EC1:e6fe7a604964,5000,60003,b4f0721017757205,0.033854166666666664,0.0
WEN38:i1:nsga2:s60003:r3:PR1_HT1_EC1:e6fe7a604964,5000,60003,eda66f1b20c80eb5,0.03239583333333333,0.0
WEN38:i1:nsga2:s60003:r3:PR1_HT1_EC1:e6fe7a604964,5000,60003,5c4a0aa2436ad256,0.028125,0.0
WEN38:i1:nsga2:s60003:r3:PR1_HT1_EC1:e6fe7a604964,5000,60003,875cfe5386624436,0.03125,0.0
WEN38:i1:nsga2:s60003:r3:PR1_HT1_EC1:e6fe7a604964,5000,60003,1340b1b1d7cd8bce,0.023125,0.0
WEN38:i1:nsga2:s60003:r3:PR1_HT1_EC1:e6fe7a604964,5000,60003,4bc3674c3b4ca62c,0.026979166666666665,0.0
WEN38:i1:nsga2:s60003:r3:PR1_HT1_EC1:e6fe7a604964,5000,60003,946af3bbfa9dc093,0.028229166666666666,0.0
WEN38:i1:nsga2:s60003:r3:PR1_HT1_EC1:e6fe7a604964,5000,60003,323d3fa82c967a3b,0.019947916666666666,0.0
WEN38:i1:nsga2:s60003:r3:PR1_HT1_EC1:e6fe7a604964,5000,60003,dd59982aa58677c6,0.027604166666666666,0.0
WEN38:i1:nsga2:s60003:r3:PR1_HT1_EC1:e6fe7a604964,5000,60003,a4c16daad11dcbf8,0.023125,0.0
WEN38:i1:nsga2:s60003:r3:PR1_HT1_EC1:e6fe7a604964,5000,60003,289f18c74a4bf0d2,0.024375,0.0
WEN38:i1:nsga2:s60003:r3:PR1_HT1_EC1:e6fe7a604964,5000,60003,37c011fa5f139373,0.060833333333333336,0.0
WEN38:i1:nsga2:s60003:r3:PR1_HT1_EC1:e6fe7a604964,5000,60003,d472557fcf0bef54,0.02625,0.0
WEN38:i1:nsga2:s60003:r3:PR1_HT1_EC1:e6fe7a604964,5000,60003,dfb832e10804300a,0.027604166666666666,0.0
WEN38:i1:nsga2:s60003:r3:PR1_HT1_EC1:e6fe7a604964,5000,60003,4ff144532508c819,0.023645833333333335,0.0
WEN38:i1:nsga2:s60003:r3:PR1_HT1_EC1:e6fe7a604964,5000,60003,3c7978b2a91fd0e3,0.024166666666666666,0.0
WEN38:i1:nsga2:s60003:r3:PR1_HT1_EC1:e6fe7a604964,5000,60003,8e3494bd870c8c3e,0.0232421875,0.0
WEN38:i1:nsga2:s60003:r3:PR1_HT1_EC1:e6fe7a604964,5000,60003,264e9a86748a0aba,0.025208333333333333,0.0
WEN38:i1:nsga2:s60003:r3:PR1_HT1_EC1:e6fe7a604964,5000,60003,ff94a99d8183cf15,0.023125,0.0
WEN38:i1:nsga2:s60003:r3:PR1_HT1_EC1:e6fe7a604964,5000,60003,9d2fe936a867362c,0.024791666666666667,0.0
WEN38:i1:nsga2:s60003:r3:PR1_HT1_EC1:e6fe7a604964,5000,60003,c3a7707b2576259e,0.02078125,0.0
WEN38:i1:nsga2:s60003:r3:PR1_HT1_EC1:e6fe7a604964,5000,60003,7c13adcc0655ab17,0.028125,0.0
WEN38:i1:nsga2:s60003:r3:PR1_HT1_EC1:e6fe7a604964,5000,60003,cf91b605795beb99,0.025729166666666668,0.0
WEN38:i1:nsga2:s60003:r3:PR1_HT1_EC1:e6fe7a604964,5000,60003,345177068fa1b90a,0.023125,0.0
WEN38:i1:nsga2:s60003:r3:PR1_HT1_EC1:e6fe7a604964,5000,60003,6045d209f46e9378,0.023125,0.0
WEN38:i1:nsga2:s60003:r3:PR1_HT1_EC1:e6fe7a604964,5000,60003,aa3a422f12498f34,0.060833333333333336,0.0
WEN38:i1:nsga2:s60003:r3:PR1_HT1_EC1:e6fe7a604964,5000,60003,798efb713ef1907e,0.024270833333333332,0.0
WEN38:i1:nsga2:s60003:r3:PR1_HT1_EC1:e6fe7a604964,5000,60003,b1d4473684aae9cd,0.02125,0.0
WEN38:i1:nsga2:s60003:r3:PR1_HT1_EC1:e6fe7a604964,5000,60003,1e651863035f31a5,0.04125,0.0
WEN38:i1:nsga2:s60003:r3:PR1_HT1_EC1:e6fe7a604964,5000,60003,c1533b800028a424,0.02125,0.0
WEN38:i1:nsga2:s60003:r3:PR1_HT1_EC1:e6fe7a604964,5000,60003,b4b94bbc8027767f,0.02125,0.0
WEN38:i1:nsga2:s60003:r3:PR1_HT1_EC1:e6fe7a604964,5000,60003,9fd84dc70390fc6a,0.02078125,0.0
WEN38:i1:nsga2:s60003:r3:PR1_HT1_EC1:e6fe7a604964,5000,60003,837d06baa4e3535c,0.050694444444444445,0.0
WEN38:i1:nsga2:s60003:r3:PR1_HT1_EC1:e6fe7a604964,5000,60003,4096b6836e189d51,0.050694444444444445,0.0
WEN38:i1:nsga2:s60003:r3:PR1_HT1_EC1:e6fe7a604964,5000,60003,baf9344f5710bfdc,0.05017361111111111,0.0
WEN38:i1:nsga2:s60003:r3:PR1_HT1_EC1:e6fe7a604964,5000,60003,0404720310c772f0,0.049652777777777775,0.0
WEN38:i1:nsga2:s60003:r3:PR1_HT1_EC1:e6fe7a604964,5000,60003,7fdf6c2b4bb78378,0.030833333333333334,0.0
WEN38:i1:nsga2:s60003:r3:PR1_HT1_EC1:e6fe7a604964,5000,60003,f875af9bfe3d4c17,0.050694444444444445,0.0
WEN38:i1:nsga2:s60003:r3:PR1_HT1_EC1:e6fe7a604964,5000,60003,44485e4f48e167cd,0.050694444444444445,0.0
WEN38:i1:nsga2:s60003:r3:PR1_HT1_EC1:e6fe7a604964,5000,60003,e25085bd208b7414,0.029791666666666668,0.0
WEN38:i1:nsga2:s60003:r3:PR1_HT1_EC1:e6fe7a604964,5000,60003,ce60fb784df8bbb3,0.029270833333333333,0.0
WEN38:i1:nsga2:s60003:r3:PR1_HT1_EC1:e6fe7a604964,5000,60003,259e471b22b5950b,0.0303125,0.0
WEN38:i1:nsga2:s60003:r3:PR1_HT1_EC1:e6fe7a604964,5000,60003,92fa2d11cc3ac2dd,0.038802083333333334,0.0
WEN38:i1:nsga2:s60003:r3:PR1_HT1_EC1:e6fe7a604964,5000,60003,4508dbcbf9c57928,0.03815104166666667,0.0
WEN38:i1:nsga2:s60003:r3:PR1_HT1_EC1:e6fe7a604964,5000,60003,b96713aae14a2261,0.029479166666666667,0.0
WEN38:i1:nsga2:s60003:r3:PR1_HT1_EC1:e6fe7a604964,5000,60003,a572918c90854ae8,0.02515625,0.0
WEN38:i1:nsga2:s60003:r3:PR1_HT1_EC1:e6fe7a604964,5000,60003,d2fa64230476fbbf,0.060833333333333336,0.0
WEN38:i1:nsga2:s60003:r3:PR1_HT1_EC1:e6fe7a604964,5000,60003,d8562105f5feb0f3,0.031302083333333335,0.0
WEN38:i1:nsga2:s60003:r3:PR1_HT1_EC1:e6fe7a604964,5000,60003,74c9f95e226551f6,0.03203125,0.0
WEN38:i1:nsga2:s60003:r3:PR1_HT1_EC1:e6fe7a604964,5000,60003,f73c48270d9a5afd,0.0321875,0.0
WEN38:i1:nsga2:s60003:r3:PR1_HT1_EC1:e6fe7a604964,5000,60003,6156a7edd2d290a8,0.03697916666666667,0.0
WEN38:i1:nsga2:s60003:r3:PR1_HT1_EC1:e6fe7a604964,5000,60003,042b930ecd659095,0.026979166666666665,0.0
WEN38:i1:nsga2:s60003:r3:PR1_HT1_EC1:e6fe7a604964,5000,60003,4b53c89e779b719a,0.0246875,0.0
WEN38:i1:nsga2:s60003:r3:PR1_HT1_EC1:e6fe7a604964,5000,60003,c2225295044faa0c,0.02796875,0.0
WEN38:i1:nsga2:s60003:r3:PR1_HT1_EC1:e6fe7a604964,5000,60003,1901b231c6c70b7c,0.026979166666666665,0.0
WEN38:i1:nsga2:s60003:r3:PR1_HT1_EC1:e6fe7a604964,5000,60003,b872d98416d5b569,0.037395833333333336,0.0
WEN38:i1:nsga2:s60003:r3:PR1_HT1_EC1:e6fe7a604964,5000,60003,78385a890599564f,0.03453125,0.0
WEN38:i1:nsga2:s60003:r3:PR1_HT1_EC1:e6fe7a604964,5000,60003,811c70cece5c5c60,0.0346875,0.0
WEN38:i1:nsga2:s60004:r4:PR1_HT1_EC1:412ad82c5ece,5000,60004,2d78a963f9487e52,0.044375,0.0
WEN38:i1:nsga2:s60004:r4:PR1_HT1_EC1:412ad82c5ece,5000,60004,947021183a9d8093,0.04802083333333333,0.0
WEN38:i1:nsga2:s60004:r4:PR1_HT1_EC1:412ad82c5ece,5000,60004,8884b034c69c3ff8,0.04572916666666667,0.0
WEN38:i1:nsga2:s60004:r4:PR1_HT1_EC1:412ad82c5ece,5000,60004,343f9c53ba135a65,0.04875,0.0
WEN38:i1:nsga2:s60004:r4:PR1_HT1_EC1:412ad82c5ece,5000,60004,402d4576f9b5f53c,0.0415625,0.0
WEN38:i1:nsga2:s60004:r4:PR1_HT1_EC1:412ad82c5ece,5000,60004,20165467d8264ae5,0.066875,0.0
WEN38:i1:nsga2:s60004:r4:PR1_HT1_EC1:412ad82c5ece,5000,60004,e59dc3941ee6488b,0.065625,0.0
WEN38:i1:nsga2:s60004:r4:PR1_HT1_EC1:412ad82c5ece,5000,60004,bfffa60754f46c43,0.049375,0.0
WEN38:i1:nsga2:s60004:r4:PR1_HT1_EC1:412ad82c5ece,5000,60004,95d135b64b822707,0.054375,0.0
WEN38:i1:nsga2:s60004:r4:PR1_HT1_EC1:412ad82c5ece,5000,60004,707a34386d8e3418,0.04802083333333333,0.0
WEN38:i1:nsga2:s60004:r4:PR1_HT1_EC1:412ad82c5ece,5000,60004,da3eddb4f6fc0524,0.07666666666666666,0.0
WEN38:i1:nsga2:s60004:r4:PR1_HT1_EC1:412ad82c5ece,5000,60004,ed7600d439d6cb56,0.052083333333333336,0.0
WEN38:i1:nsga2:s60004:r4:PR1_HT1_EC1:412ad82c5ece,5000,60004,ad8b670e1b6c8782,0.04625,0.0
WEN38:i1:nsga2:s60004:r4:PR1_HT1_EC1:412ad82c5ece,5000,60004,879b9839c7a34aa0,0.04544270833333333,0.0
WEN38:i1:nsga2:s60004:r4:PR1_HT1_EC1:412ad82c5ece,5000,60004,f87fbaeaf168cc42,0.0453125,0.0
WEN38:i1:nsga2:s60004:r4:PR1_HT1_EC1:412ad82c5ece,5000,60004,cea6f40222cd3fb1,0.04770833333333333,0.0
WEN38:i1:nsga2:s60004:r4:PR1_HT1_EC1:412ad82c5ece,5000,60004,2c7cdf8b8371f4be,0.04479166666666667,0.0
WEN38:i1:nsga2:s60004:r4:PR1_HT1_EC1:412ad82c5ece,5000,60004,6af1401d0a119d51,0.0425,0.0
WEN38:i1:nsga2:s60004:r4:PR1_HT1_EC1:412ad82c5ece,5000,60004,ee462eec45234b4d,0.04283854166666667,0.0
WEN38:i1:nsga2:s60004:r4:PR1_HT1_EC1:412ad82c5ece,5000,60004,f33f028e3f3c8744,0.0403125,0.0
WEN38:i1:nsga2:s60004:r4:PR1_HT1_EC1:412ad82c5ece,5000,60004,1ba7c60cbce932ea,0.0425,0.0
WEN38:i1:nsga2:s60004:r4:PR1_HT1_EC1:412ad82c5ece,5000,60004,6726af251ac335c6,0.04296875,0.0
WEN38:i1:nsga2:s60004:r4:PR1_HT1_EC1:412ad82c5ece,5000,60004,101f0e82d9197dc7,0.034583333333333334,0.0
WEN38:i1:nsga2:s60004:r4:PR1_HT1_EC1:412ad82c5ece,5000,60004,065c0b397104f524,0.026458333333333334,0.0
WEN38:i1:nsga2:s60004:r4:PR1_HT1_EC1:412ad82c5ece,5000,60004,fd6fdf62be17113b,0.059166666666666666,0.0
WEN38:i1:nsga2:s60004:r4:PR1_HT1_EC1:412ad82c5ece,5000,60004,4b3750133af7c12a,0.02875,0.0
WEN38:i1:nsga2:s60004:r4:PR1_HT1_EC1:412ad82c5ece,5000,60004,636d8ac98c5495d9,0.04010416666666667,0.0
WEN38:i1:nsga2:s60004:r4:PR1_HT1_EC1:412ad82c5ece,5000,60004,66cdef08391c2ee2,0.054375,0.0
WEN38:i1:nsga2:s60004:r4:PR1_HT1_EC1:412ad82c5ece,5000,60004,7984c915135cd04e,0.04770833333333333,0.0
WEN38:i1:nsga2:s60004:r4:PR1_HT1_EC1:412ad82c5ece,5000,60004,48195e2316e54126,0.048125,0.0
WEN38:i1:nsga2:s60004:r4:PR1_HT1_EC1:412ad82c5ece,5000,60004,2a9e79e9d713dbaa,0.0244375,0.0
WEN38:i1:nsga2:s60004:r4:PR1_HT1_EC1:412ad82c5ece,5000,60004,781451248ecfe35d,0.0625,0.0
WEN38:i1:nsga2:s60004:r4:PR1_HT1_EC1:412ad82c5ece,5000,60004,03f4c78aa19a5ce8,0.0251875,0.0
WEN38:i1:nsga2:s60004:r4:PR1_HT1_EC1:412ad82c5ece,5000,60004,4a8732ae23293713,0.023697916666666666,0.0
WEN38:i1:nsga2:s60004:r4:PR1_HT1_EC1:412ad82c5ece,5000,60004,933eecdd185f3d2c,0.023333333333333334,0.0
WEN38:i1:nsga2:s60004:r4:PR1_HT1_EC1:412ad82c5ece,5000,60004,03fc4dcab7ed43b2,0.026927083333333334,0.0
WEN38:i1:nsga2:s60004:r4:PR1_HT1_EC1:412ad82c5ece,5000,60004,001e5ed87e4fa2e4,0.029166666666666667,0.0
WEN38:i1:nsga2:s60004:r4:PR1_HT1_EC1:412ad82c5ece,5000,60004,56c0834acebedee6,0.023541666666666666,0.0
WEN38:i1:nsga2:s60004:r4:PR1_HT1_EC1:412ad82c5ece,5000,60004,17d85fe54a66a397,0.023333333333333334,0.0
WEN38:i1:nsga2:s60004:r4:PR1_HT1_EC1:412ad82c5ece,5000,60004,ee18ee8d467286c8,0.025,0.0
WEN38:i1:nsga2:s60004:r4:PR1_HT1_EC1:412ad82c5ece,5000,60004,9fbff24d96e39ec6,0.023333333333333334,0.0
WEN38:i1:nsga2:s60004:r4:PR1_HT1_EC1:412ad82c5ece,5000,60004,05ae7a9da312bc66,0.023385416666666665,0.0
WEN38:i1:nsga2:s60004:r4:PR1_HT1_EC1:412ad82c5ece,5000,60004,0019e751de10709b,0.0315625,0.0
WEN38:i1:nsga2:s60004:r4:PR1_HT1_EC1:412ad82c5ece,5000,60004,be74ae47e4eb963c,0.06666666666666667,0.0
WEN38:i1:nsga2:s60004:r4:PR1_HT1_EC1:412ad82c5ece,5000,60004,f9d01a2ba0f72122,0.029166666666666667,0.0
WEN38:i1:nsga2:s60004:r4:PR1_HT1_EC1:412ad82c5ece,5000,60004,e3d2b2abac274a63,0.0431640625,0.0
WEN38:i1:nsga2:s60004:r4:PR1_HT1_EC1:412ad82c5ece,5000,60004,d01d608512834638,0.06736111111111111,0.0
WEN38:i1:nsga2:s60004:r4:PR1_HT1_EC1:412ad82c5ece,5000,60004,fa01290225fa0374,0.029583333333333333,0.0
WEN38:i1:nsga2:s60004:r4:PR1_HT1_EC1:412ad82c5ece,5000,60004,8ad1c5638793b9d3,0.03239583333333333,0.0
WEN38:i1:nsga2:s60004:r4:PR1_HT1_EC1:412ad82c5ece,5000,60004,3f8918acc1e17ba7,0.06736111111111111,0.0
WEN38:i1:nsga2:s60004:r4:PR1_HT1_EC1:412ad82c5ece,5000,60004,137e59bfee0cfb74,0.03125,0.0
WEN38:i1:nsga2:s60004:r4:PR1_HT1_EC1:412ad82c5ece,5000,60004,e3121c99d04b2f5a,0.029166666666666667,0.0
WEN38:i1:nsga2:s60004:r4:PR1_HT1_EC1:412ad82c5ece,5000,60004,3e70311993405843,0.036458333333333336,0.0
WEN38:i1:nsga2:s60004:r4:PR1_HT1_EC1:412ad82c5ece,5000,60004,b334613cd94c64b2,0.0359375,0.0
WEN38:i1:nsga2:s60004:r4:PR1_HT1_EC1:412ad82c5ece,5000,60004,0e50cf5c8fa87efe,0.0515625,0.0
WEN38:i1:nsga2:s60004:r4:PR1_HT1_EC1:412ad82c5ece,5000,60004,202b6107eaa1a16b,0.0296875,0.0
WEN38:i1:nsga2:s60004:r4:PR1_HT1_EC1:412ad82c5ece,5000,60004,4b411acbbef9c5d3,0.05625,0.0
WEN38:i1:nsga2:s60004:r4:PR1_HT1_EC1:412ad82c5ece,5000,60004,72096b3eb4ac5108,0.03697916666666667,0.0
WEN38:i1:nsga2:s60004:r4:PR1_HT1_EC1:412ad82c5ece,5000,60004,1b273c01b5bb3f15,0.06666666666666667,0.0
WEN38:i1:nsga2:s60004:r4:PR1_HT1_EC1:412ad82c5ece,5000,60004,b29736cd0a615ace,0.0503125,0.0
WEN38:i1:nsga2:s60004:r4:PR1_HT1_EC1:412ad82c5ece,5000,60004,3e04c2999ff6fd0b,0.030833333333333334,0.0
WEN38:i1:nsga2:s60004:r4:PR1_HT1_EC1:412ad82c5ece,5000,60004,640fd41b4a1c9953,0.033680555555555554,0.0
WEN38:i1:nsga2:s60004:r4:PR1_HT1_EC1:412ad82c5ece,5000,60004,512d3a22553da466,0.027291666666666665,0.0
WEN38:i1:nsga2:s60004:r4:PR1_HT1_EC1:412ad82c5ece,5000,60004,0196b4bc63f32dc8,0.039375,0.0
WEN38:i1:nsga2:s60004:r4:PR1_HT1_EC1:412ad82c5ece,5000,60004,87a553846be9d4f6,0.036458333333333336,0.0
WEN38:i1:nsga2:s60004:r4:PR1_HT1_EC1:412ad82c5ece,5000,60004,6f3375c5fc798ceb,0.02375,0.0
WEN38:i1:nsga2:s60004:r4:PR1_HT1_EC1:412ad82c5ece,5000,60004,cc4576e8e9734e67,0.0298125,0.0
WEN38:i1:nsga2:s60004:r4:PR1_HT1_EC1:412ad82c5ece,5000,60004,c46fd9f585f4452b,0.045,0.0
WEN38:i1:nsga2:s60004:r4:PR1_HT1_EC1:412ad82c5ece,5000,60004,e9217d0b2c840a25,0.060833333333333336,0.0
WEN38:i1:nsga2:s60004:r4:PR1_HT1_EC1:412ad82c5ece,5000,60004,d8b4e08c22fef673,0.030104166666666668,0.0
WEN38:i1:nsga2:s60004:r4:PR1_HT1_EC1:412ad82c5ece,5000,60004,3a6bb964de24e94e,0.036458333333333336,0.0
WEN38:i1:nsga2:s60004:r4:PR1_HT1_EC1:412ad82c5ece,5000,60004,8e5bcbb55420c9a1,0.0359375,0.0
WEN38:i1:nsga2:s60004:r4:PR1_HT1_EC1:412ad82c5ece,5000,60004,f696cb9f806c68e2,0.03125,0.0
WEN38:i1:nsga2:s60000:r0:PR1_HT1_EC1:ed30a9d4a9ff,2000,60000,02ba78d345248a7f,0.04666666666666667,0.0
WEN38:i1:nsga2:s60000:r0:PR1_HT1_EC1:ed30a9d4a9ff,2000,60000,f8b29186095ce311,0.0425,0.0
WEN38:i1:nsga2:s60000:r0:PR1_HT1_EC1:ed30a9d4a9ff,2000,60000,1d7a950fe1d7fcb4,0.0375,0.0
WEN38:i1:nsga2:s60000:r0:PR1_HT1_EC1:ed30a9d4a9ff,2000,60000,8d018327638d8dfb,0.0271875,0.0
WEN38:i1:nsga2:s60000:r0:PR1_HT1_EC1:ed30a9d4a9ff,2000,60000,93559415605eee85,0.03125,0.0
WEN38:i1:nsga2:s60000:r0:PR1_HT1_EC1:ed30a9d4a9ff,2000,60000,e4fde1b2416b298c,0.065625,0.0
WEN38:i1:nsga2:s60000:r0:PR1_HT1_EC1:ed30a9d4a9ff,2000,60000,a952b871592281ae,0.026145833333333333,0.0
WEN38:i1:nsga2:s60000:r0:PR1_HT1_EC1:ed30a9d4a9ff,2000,60000,3c3d5eac0e112bb7,0.023307291666666667,0.0
WEN38:i1:nsga2:s60000:r0:PR1_HT1_EC1:ed30a9d4a9ff,2000,60000,af16800be0da70cd,0.0338125,0.0
WEN38:i1:nsga2:s60000:r0:PR1_HT1_EC1:ed30a9d4a9ff,2000,60000,0f2f425acb508766,0.025416666666666667,0.0
WEN38:i1:nsga2:s60000:r0:PR1_HT1_EC1:ed30a9d4a9ff,2000,60000,fd76d071e27b458c,0.028645833333333332,0.0
WEN38:i1:nsga2:s60000:r0:PR1_HT1_EC1:ed30a9d4a9ff,2000,60000,75b4fb0beaae5f45,0.023125,0.0
WEN38:i1:nsga2:s60000:r0:PR1_HT1_EC1:ed30a9d4a9ff,2000,60000,fb70f2fefd89fab3,0.060833333333333336,0.0
WEN38:i1:nsga2:s60000:r0:PR1_HT1_EC1:ed30a9d4a9ff,2000,60000,e55407dd6986850a,0.024895833333333332,0.0
WEN38:i1:nsga2:s60000:r0:PR1_HT1_EC1:ed30a9d4a9ff,2000,60000,3582e8b62c00aa7f,0.025833333333333333,0.0
WEN38:i1:nsga2:s60000:r0:PR1_HT1_EC1:ed30a9d4a9ff,2000,60000,1401b347de90884c,0.024895833333333332,0.0
WEN38:i1:nsga2:s60000:r0:PR1_HT1_EC1:ed30a9d4a9ff,2000,60000,49a6cfa5b339cb8e,0.030729166666666665,0.0
WEN38:i1:nsga2:s60000:r0:PR1_HT1_EC1:ed30a9d4a9ff,2000,60000,ee02154a24154f38,0.03145833333333333,0.0
WEN38:i1:nsga2:s60000:r0:PR1_HT1_EC1:ed30a9d4a9ff,2000,60000,c6c72cf284a3ce27,0.049652777777777775,0.0
WEN38:i1:nsga2:s60000:r0:PR1_HT1_EC1:ed30a9d4a9ff,2000,60000,606e9bccc1402d6b,0.029166666666666667,0.0
WEN38:i1:nsga2:s60000:r0:PR1_HT1_EC1:ed30a9d4a9ff,2000,60000,fa1aa40e8b0c5350,0.027916666666666666,0.0
WEN38:i1:nsga2:s60000:r0:PR1_HT1_EC1:ed30a9d4a9ff,2000,60000,66ab4fa95ccbd6d2,0.033,0.0
WEN38:i1:nsga2:s60000:r0:PR1_HT1_EC1:ed30a9d4a9ff,2000,60000,0ec8f657339d090f,0.05125,0.0
WEN38:i1:nsga2:s60000:r0:PR1_HT1_EC1:ed30a9d4a9ff,2000,60000,acbc80bccb869534,0.0341875,0.0
WEN38:i1:nsga2:s60000:r0:PR1_HT1_EC1:ed30a9d4a9ff,2000,60000,5c1d5d2bb7805c0b,0.03270833333333333,0.0
WEN38:i1:nsga2:s60000:r0:PR1_HT1_EC1:ed30a9d4a9ff,2000,60000,26869bda03d427cc,0.045,0.0
WEN38:i1:nsga2:s60000:r0:PR1_HT1_EC1:ed30a9d4a9ff,2000,60000,ad5c2eb505d07662,0.026822916666666665,0.0
WEN38:i1:nsga2:s60000:r0:PR1_HT1_EC1:ed30a9d4a9ff,2000,60000,9c0eab9ffe3c001e,0.029,0.0
WEN38:i1:nsga2:s60000:r0:PR1_HT1_EC1:ed30a9d4a9ff,2000,60000,e14f0255e7685a73,0.0271875,0.0
WEN38:i1:nsga2:s60000:r0:PR1_HT1_EC1:ed30a9d4a9ff,2000,60000,5b110632fb91bb0e,0.0274375,0.0
WEN38:i1:nsga2:s60000:r0:PR1_HT1_EC1:ed30a9d4a9ff,2000,60000,9bbbbee3e6b0feb0,0.029625,0.0
WEN38:i1:nsga2:s60000:r0:PR1_HT1_EC1:ed30a9d4a9ff,2000,60000,172fb50584b7152d,0.029947916666666668,0.0
WEN38:i1:nsga2:s60000:r0:PR1_HT1_EC1:ed30a9d4a9ff,2000,60000,0aafa43267a398c2,0.033,0.0
WEN38:i1:nsga2:s60000:r0:PR1_HT1_EC1:ed30a9d4a9ff,2000,60000,86e51ff86dfe5e27,0.03729166666666667,0.0
WEN38:i1:nsga2:s60000:r0:PR1_HT1_EC1:ed30a9d4a9ff,2000,60000,04f70830d24cb65d,0.060833333333333336,0.0
WEN38:i1:nsga2:s60000:r0:PR1_HT1_EC1:ed30a9d4a9ff,2000,60000,b099c3f2158c581e,0.03525,0.0
WEN38:i1:nsga2:s60001:r1:PR1_HT1_EC1:742a07617751,2000,60001,f3b8077a89655cbc,0.0425,0.0
WEN38:i1:nsga2:s60001:r1:PR1_HT1_EC1:742a07617751,2000,60001,39168a7829c39442,0.038411458333333336,0.0
WEN38:i1:nsga2:s60001:r1:PR1_HT1_EC1:742a07617751,2000,60001,dd45e868c247efea,0.03424479166666667,0.0
WEN38:i1:nsga2:s60001:r1:PR1_HT1_EC1:742a07617751,2000,60001,500ba94f9645b581,0.0403125,0.0
WEN38:i1:nsga2:s60001:r1:PR1_HT1_EC1:742a07617751,2000,60001,1f6f8b2084c4fd32,0.03729166666666667,0.0
WEN38:i1:nsga2:s60001:r1:PR1_HT1_EC1:742a07617751,2000,60001,7698d14fa306d634,0.0484375,0.0
WEN38:i1:nsga2:s60001:r1:PR1_HT1_EC1:742a07617751,2000,60001,602ea62e0f5c17f5,0.04604166666666667,0.0
WEN38:i1:nsga2:s60001:r1:PR1_HT1_EC1:742a07617751,2000,60001,49be1adc95dfbbcf,0.049479166666666664,0.0
WEN38:i1:nsga2:s60001:r1:PR1_HT1_EC1:742a07617751,2000,60001,efe2d37579f55954,0.05708333333333333,0.0
WEN38:i1:nsga2:s60001:r1:PR1_HT1_EC1:742a07617751,2000,60001,3590a4c172fa6abd,0.0575,0.0
WEN38:i1:nsga2:s60001:r1:PR1_HT1_EC1:742a07617751,2000,60001,37a9c606dacc7f67,0.0575,0.0
WEN38:i1:nsga2:s60001:r1:PR1_HT1_EC1:742a07617751,2000,60001,cb4f5a32ed7f6490,0.05333333333333334,0.0
WEN38:i1:nsga2:s60001:r1:PR1_HT1_EC1:742a07617751,2000,60001,dce9b0838fa3d6e2,0.0290625,0.0
WEN38:i1:nsga2:s60001:r1:PR1_HT1_EC1:742a07617751,2000,60001,9a37230e282693ce,0.035625,0.0
WEN38:i1:nsga2:s60001:r1:PR1_HT1_EC1:742a07617751,2000,60001,bc341990bb42f90b,0.051145833333333335,0.0
WEN38:i1:nsga2:s60001:r1:PR1_HT1_EC1:742a07617751,2000,60001,53027706746b61aa,0.0293125,0.0
WEN38:i1:nsga2:s60001:r1:PR1_HT1_EC1:742a07617751,2000,60001,8f1894600f41d142,0.03208333333333333,0.0
WEN38:i1:nsga2:s60001:r1:PR1_HT1_EC1:742a07617751,2000,60001,af8ffb7161461e7c,0.048854166666666664,0.0
WEN38:i1:nsga2:s60001:r1:PR1_HT1_EC1:742a07617751,2000,60001,938725abed52d120,0.03729166666666667,0.0
WEN38:i1:nsga2:s60001:r1:PR1_HT1_EC1:742a07617751,2000,60001,4c305a23196a552f,0.03208333333333333,0.0
WEN38:i1:nsga2:s60001:r1:PR1_HT1_EC1:742a07617751,2000,60001,50a22082612a144e,0.03760416666666667,0.0
WEN38:i1:nsga2:s60001:r1:PR1_HT1_EC1:742a07617751,2000,60001,fdcdbe71bf39c6f7,0.025625,0.0
WEN38:i1:nsga2:s60001:r1:PR1_HT1_EC1:742a07617751,2000,60001,5aece3c5238b6d80,0.032916666666666664,0.0
WEN38:i1:nsga2:s60001:r1:PR1_HT1_EC1:742a07617751,2000,60001,a4a8213ce686f6d8,0.06125,0.0
WEN38:i1:nsga2:s60001:r1:PR1_HT1_EC1:742a07617751,2000,60001,8c810b8289c9febf,0.031875,0.0
WEN38:i1:nsga2:s60001:r1:PR1_HT1_EC1:742a07617751,2000,60001,09a0b293612294ae,0.04125,0.0
WEN38:i1:nsga2:s60001:r1:PR1_HT1_EC1:742a07617751,2000,60001,a357598898f89cbb,0.04125,0.0
WEN38:i1:nsga2:s60001:r1:PR1_HT1_EC1:742a07617751,2000,60001,4f7763344e8ec255,0.04734375,0.0
WEN38:i1:nsga2:s60001:r1:PR1_HT1_EC1:742a07617751,2000,60001,8b03ee9ccd7307dd,0.034895833333333334,0.0
WEN38:i1:nsga2:s60001:r1:PR1_HT1_EC1:742a07617751,2000,60001,679c4b56ef6abc18,0.029166666666666667,0.0
WEN38:i1:nsga2:s60001:r1:PR1_HT1_EC1:742a07617751,2000,60001,a01bb307a155e6dc,0.050694444444444445,0.0
WEN38:i1:nsga2:s60001:r1:PR1_HT1_EC1:742a07617751,2000,60001,195dd97758bf61bb,0.05458333333333333,0.0
WEN38:i1:nsga2:s60001:r1:PR1_HT1_EC1:742a07617751,2000,60001,eed1d46da85a7200,0.0321875,0.0
WEN38:i1:nsga2:s60001:r1:PR1_HT1_EC1:742a07617751,2000,60001,d451e7ab321b964a,0.049652777777777775,0.0
WEN38:i1:nsga2:s60001:r1:PR1_HT1_EC1:742a07617751,2000,60001,47050eb9a267ffb5,0.050694444444444445,0.0
WEN38:i1:nsga2:s60001:r1:PR1_HT1_EC1:742a07617751,2000,60001,62a7de56e839a935,0.029583333333333333,0.0
WEN38:i1:nsga2:s60001:r1:PR1_HT1_EC1:742a07617751,2000,60001,35ecf8f105b5d6f8,0.04625,0.0
WEN38:i1:nsga2:s60001:r1:PR1_HT1_EC1:742a07617751,2000,60001,ca2a3873fc49265e,0.035729166666666666,0.0
WEN38:i1:nsga2:s60001:r1:PR1_HT1_EC1:742a07617751,2000,60001,65ef0eb3a0f3aa0a,0.03275,0.0
WEN38:i1:nsga2:s60001:r1:PR1_HT1_EC1:742a07617751,2000,60001,6cbd9630e8b67ca2,0.0246875,0.0
WEN38:i1:nsga2:s60001:r1:PR1_HT1_EC1:742a07617751,2000,60001,75e6e091c26d9b8c,0.04822916666666666,0.0
WEN38:i1:nsga2:s60001:r1:PR1_HT1_EC1:742a07617751,2000,60001,a75424f02c466716,0.024791666666666667,0.0
WEN38:i1:nsga2:s60001:r1:PR1_HT1_EC1:742a07617751,2000,60001,09cf483491156d01,0.030625,0.0
WEN38:i1:nsga2:s60001:r1:PR1_HT1_EC1:742a07617751,2000,60001,28a9f441d45452ad,0.0455,0.0
WEN38:i1:nsga2:s60001:r1:PR1_HT1_EC1:742a07617751,2000,60001,5845d73f2004da0b,0.04604166666666667,0.0
WEN38:i1:nsga2:s60001:r1:PR1_HT1_EC1:742a07617751,2000,60001,e941abe19604c44c,0.0384375,0.0
WEN38:i1:nsga2:s60001:r1:PR1_HT1_EC1:742a07617751,2000,60001,0c0719200deac0e8,0.029791666666666668,0.0
WEN38:i1:nsga2:s60002:r2:PR1_HT1_EC1:073244d3b9aa,2000,60002,681920599bb0e2cb,0.05625,0.0
WEN38:i1:nsga2:s60002:r2:PR1_HT1_EC1:073244d3b9aa,2000,60002,630e5958ff943b87,0.0396875,0.0
WEN38:i1:nsga2:s60002:r2:PR1_HT1_EC1:073244d3b9aa,2000,60002,a0aa5c8182e3090a,0.049166666666666664,0.0
WEN38:i1:nsga2:s60002:r2:PR1_HT1_EC1:073244d3b9aa,2000,60002,a426a6d640569045,0.03697916666666667,0.0
WEN38:i1:nsga2:s60002:r2:PR1_HT1_EC1:073244d3b9aa,2000,60002,115f8ffa18ad7c7b,0.03697916666666667,0.0
WEN38:i1:nsga2:s60002:r2:PR1_HT1_EC1:073244d3b9aa,2000,60002,efca5d2a28fe932a,0.03854166666666667,0.0
WEN38:i1:nsga2:s60002:r2:PR1_HT1_EC1:073244d3b9aa,2000,60002,eb779b1b5adbed35,0.0351875,0.0
WEN38:i1:nsga2:s60002:r2:PR1_HT1_EC1:073244d3b9aa,2000,60002,55ef345e5f1febb1,0.04175,0.0
WEN38:i1:nsga2:s60002:r2:PR1_HT1_EC1:073244d3b9aa,2000,60002,a2232dcc6fd44e55,0.0348125,0.0
WEN38:i1:nsga2:s60002:r2:PR1_HT1_EC1:073244d3b9aa,2000,60002,2243bd919e476bf6,0.0400625,0.0
WEN38:i1:nsga2:s60002:r2:PR1_HT1_EC1:073244d3b9aa,2000,60002,39b6629ffed98989,0.03854166666666667,0.0
WEN38:i1:nsga2:s60002:r2:PR1_HT1_EC1:073244d3b9aa,2000,60002,869f53eadc66f133,0.04635416666666667,0.0
WEN38:i1:nsga2:s60002:r2:PR1_HT1_EC1:073244d3b9aa,2000,60002,ff8402b369344786,0.032375,0.0
WEN38:i1:nsga2:s60002:r2:PR1_HT1_EC1:073244d3b9aa,2000,60002,7bd6608035b9303c,0.0334375,0.0
WEN38:i1:nsga2:s60002:r2:PR1_HT1_EC1:073244d3b9aa,2000,60002,568fde5d76fdeb0f,0.043125,0.0
WEN38:i1:nsga2:s60002:r2:PR1_HT1_EC1:073244d3b9aa,2000,60002,ff9d19919bfcea5d,0.036,0.0
WEN38:i1:nsga2:s60002:r2:PR1_HT1_EC1:073244d3b9aa,2000,60002,765fc8beb6862b85,0.043229166666666666,0.0
WEN38:i1:nsga2:s60002:r2:PR1_HT1_EC1:073244d3b9aa,2000,60002,39a50bb4654021a9,0.035729166666666666,0.0
WEN38:i1:nsga2:s60002:r2:PR1_HT1_EC1:073244d3b9aa,2000,60002,4f3f61053813ebe0,0.03177083333333333,0.0
WEN38:i1:nsga2:s60002:r2:PR1_HT1_EC1:073244d3b9aa,2000,60002,835cd88373169dc7,0.03270833333333333,0.0
WEN38:i1:nsga2:s60002:r2:PR1_HT1_EC1:073244d3b9aa,2000,60002,8121de3943bd836b,0.0278125,0.0
WEN38:i1:nsga2:s60002:r2:PR1_HT1_EC1:073244d3b9aa,2000,60002,f06c4a0d78d31ed2,0.0381875,0.0
WEN38:i1:nsga2:s60002:r2:PR1_HT1_EC1:073244d3b9aa,2000,60002,a253771012415aa5,0.036125,0.0
WEN38:i1:nsga2:s60002:r2:PR1_HT1_EC1:073244d3b9aa,2000,60002,19070f14127047b3,0.034375,0.0
WEN38:i1:nsga2:s60002:r2:PR1_HT1_EC1:073244d3b9aa,2000,60002,9cd15825e5bdcf9e,0.03625,0.0
WEN38:i1:nsga2:s60002:r2:PR1_HT1_EC1:073244d3b9aa,2000,60002,05c4ce31c75df779,0.0415625,0.0
WEN38:i1:nsga2:s60002:r2:PR1_HT1_EC1:073244d3b9aa,2000,60002,b23be2512e3f3fe7,0.031375,0.0
WEN38:i1:nsga2:s60002:r2:PR1_HT1_EC1:073244d3b9aa,2000,60002,f39fd183900f2355,0.037125,0.0
WEN38:i1:nsga2:s60002:r2:PR1_HT1_EC1:073244d3b9aa,2000,60002,c82d11db3c75ad81,0.042083333333333334,0.0
WEN38:i1:nsga2:s60002:r2:PR1_HT1_EC1:073244d3b9aa,2000,60002,9645b9ffacc87b7f,0.0275,0.0
WEN38:i1:nsga2:s60002:r2:PR1_HT1_EC1:073244d3b9aa,2000,60002,9689170446e38f0e,0.0253125,0.0
WEN38:i1:nsga2:s60002:r2:PR1_HT1_EC1:073244d3b9aa,2000,60002,00c9ee6139fc8761,0.029791666666666668,0.0
WEN38:i1:nsga2:s60002:r2:PR1_HT1_EC1:073244d3b9aa,2000,60002,d70d0b6e86248111,0.025833333333333333,0.0
WEN38:i1:nsga2:s60002:r2:PR1_HT1_EC1:073244d3b9aa,2000,60002,08c1dba68d46088b,0.023854166666666666,0.0
WEN38:i1:nsga2:s60002:r2:PR1_HT1_EC1:073244d3b9aa,2000,60002,ad6292449528ac3f,0.027604166666666666,0.0
WEN38:i1:nsga2:s60002:r2:PR1_HT1_EC1:073244d3b9aa,2000,60002,d7a6fa575ceb27cb,0.023541666666666666,0.0
WEN38:i1:nsga2:s60002:r2:PR1_HT1_EC1:073244d3b9aa,2000,60002,0f5f71e35bfce3d1,0.025833333333333333,0.0
WEN38:i1:nsga2:s60002:r2:PR1_HT1_EC1:073244d3b9aa,2000,60002,63c3bff68eabf61a,0.025520833333333333,0.0
WEN38:i1:nsga2:s60002:r2:PR1_HT1_EC1:073244d3b9aa,2000,60002,beb5d55e21ff90f4,0.03260416666666666,0.0
WEN38:i1:nsga2:s60002:r2:PR1_HT1_EC1:073244d3b9aa,2000,60002,e4cd88fecad72c68,0.027604166666666666,0.0
WEN38:i1:nsga2:s60002:r2:PR1_HT1_EC1:073244d3b9aa,2000,60002,762281799036edfe,0.028541666666666667,0.0
WEN38:i1:nsga2:s60002:r2:PR1_HT1_EC1:073244d3b9aa,2000,60002,3d4265e62e180bd8,0.0296875,0.0
WEN38:i1:nsga2:s60002:r2:PR1_HT1_EC1:073244d3b9aa,2000,60002,15258fc301a1e776,0.0296875,0.0
WEN38:i1:nsga2:s60002:r2:PR1_HT1_EC1:073244d3b9aa,2000,60002,6503cd222375180d,0.0271875,0.0
WEN38:i1:nsga2:s60002:r2:PR1_HT1_EC1:073244d3b9aa,2000,60002,1ed718ac32d3e1bb,0.030104166666666668,0.0
WEN38:i1:nsga2:s60002:r2:PR1_HT1_EC1:073244d3b9aa,2000,60002,f5ed30251363d399,0.028541666666666667,0.0
WEN38:i1:nsga2:s60002:r2:PR1_HT1_EC1:073244d3b9aa,2000,60002,e2bbdeaca43045b7,0.0303125,0.0
WEN38:i1:nsga2:s60002:r2:PR1_HT1_EC1:073244d3b9aa,2000,60002,e5727b85eead5a28,0.029791666666666668,0.0
WEN38:i1:nsga2:s60002:r2:PR1_HT1_EC1:073244d3b9aa,2000,60002,a2be843d68455a0e,0.028541666666666667,0.0
WEN38:i1:nsga2:s60002:r2:PR1_HT1_EC1:073244d3b9aa,2000,60002,ccf7ad426e20ca75,0.0269375,0.0
WEN38:i1:nsga2:s60002:r2:PR1_HT1_EC1:073244d3b9aa,2000,60002,8d459b777b7592b1,0.02725,0.0
WEN38:i1:nsga2:s60002:r2:PR1_HT1_EC1:073244d3b9aa,2000,60002,21a2112bd3f8c510,0.05625,0.0
WEN38:i1:nsga2:s60002:r2:PR1_HT1_EC1:073244d3b9aa,2000,60002,848f8e4214921916,0.057291666666666664,0.0
WEN38:i1:nsga2:s60002:r2:PR1_HT1_EC1:073244d3b9aa,2000,60002,4841abcc7ea227d1,0.05017361111111111,0.0
WEN38:i1:nsga2:s60002:r2:PR1_HT1_EC1:073244d3b9aa,2000,60002,5d8dc39bba1c55ce,0.03770833333333334,0.0
WEN38:i1:nsga2:s60002:r2:PR1_HT1_EC1:073244d3b9aa,2000,60002,53beeebb82d7a6eb,0.03,0.0
WEN38:i1:nsga2:s60002:r2:PR1_HT1_EC1:073244d3b9aa,2000,60002,1d14f19e6128b07a,0.031875,0.0
WEN38:i1:nsga2:s60002:r2:PR1_HT1_EC1:073244d3b9aa,2000,60002,cd6c34a626bc4314,0.028541666666666667,0.0
WEN38:i1:nsga2:s60002:r2:PR1_HT1_EC1:073244d3b9aa,2000,60002,cd28dbe410f04736,0.0303125,0.0
WEN38:i1:nsga2:s60002:r2:PR1_HT1_EC1:073244d3b9aa,2000,60002,2f2a9dac3c77133f,0.030625,0.0
WEN38:i1:nsga2:s60003:r3:PR1_HT1_EC1:af1912c5b598,2000,60003,1be6aa69b415c9c6,0.04131944444444444,0.0
WEN38:i1:nsga2:s60003:r3:PR1_HT1_EC1:af1912c5b598,2000,60003,89eca2260ca49ee1,0.049166666666666664,0.0
WEN38:i1:nsga2:s60003:r3:PR1_HT1_EC1:af1912c5b598,2000,60003,c46d6d255e731b2f,0.06145833333333333,0.0
WEN38:i1:nsga2:s60003:r3:PR1_HT1_EC1:af1912c5b598,2000,60003,982cec350f727374,0.04875,0.0
WEN38:i1:nsga2:s60003:r3:PR1_HT1_EC1:af1912c5b598,2000,60003,71bcdc22a127d89f,0.049166666666666664,0.0
WEN38:i1:nsga2:s60003:r3:PR1_HT1_EC1:af1912c5b598,2000,60003,4c440bfc82829459,0.049479166666666664,0.0
WEN38:i1:nsga2:s60003:r3:PR1_HT1_EC1:af1912c5b598,2000,60003,ef3883eabdb6b958,0.045,0.0
WEN38:i1:nsga2:s60003:r3:PR1_HT1_EC1:af1912c5b598,2000,60003,74e36ccc87253ea2,0.045,0.0
WEN38:i1:nsga2:s60003:r3:PR1_HT1_EC1:af1912c5b598,2000,60003,dbeaa6be643ec6c6,0.04145833333333333,0.0
WEN38:i1:nsga2:s60003:r3:PR1_HT1_EC1:af1912c5b598,2000,60003,82ce390e6a114890,0.0309375,0.0
WEN38:i1:nsga2:s60003:r3:PR1_HT1_EC1:af1912c5b598,2000,60003,c50abe634b4b1174,0.0453125,0.0
WEN38:i1:nsga2:s60003:r3:PR1_HT1_EC1:af1912c5b598,2000,60003,136511131296d9da,0.03125,0.0
WEN38:i1:nsga2:s60003:r3:PR1_HT1_EC1:af1912c5b598,2000,60003,92084a721f7b8ca0,0.033125,0.0
WEN38:i1:nsga2:s60003:r3:PR1_HT1_EC1:af1912c5b598,2000,60003,2ab21178597ecbad,0.0353125,0.0
WEN38:i1:nsga2:s60003:r3:PR1_HT1_EC1:af1912c5b598,2000,60003,ccb7ed57266d10da,0.05677083333333333,0.0
WEN38:i1:nsga2:s60003:r3:PR1_HT1_EC1:af1912c5b598,2000,60003,3ef842bfe54e3e62,0.04541666666666667,0.0
WEN38:i1:nsga2:s60003:r3:PR1_HT1_EC1:af1912c5b598,2000,60003,1b8e34fc81fe6fec,0.0396875,0.0
WEN38:i1:nsga2:s60003:r3:PR1_HT1_EC1:af1912c5b598,2000,60003,4d3039348c3825bf,0.050520833333333334,0.0
WEN38:i1:nsga2:s60003:r3:PR1_HT1_EC1:af1912c5b598,2000,60003,d09bce408d5f3556,0.03239583333333333,0.0
WEN38:i1:nsga2:s60003:r3:PR1_HT1_EC1:af1912c5b598,2000,60003,d6217fbeac65313f,0.03239583333333333,0.0
WEN38:i1:nsga2:s60003:r3:PR1_HT1_EC1:af1912c5b598,2000,60003,8afb0570b0c50191,0.024375,0.0
WEN38:i1:nsga2:s60003:r3:PR1_HT1_EC1:af1912c5b598,2000,60003,c8cf75861c69e187,0.0225,0.0
WEN38:i1:nsga2:s60003:r3:PR1_HT1_EC1:af1912c5b598,2000,60003,8ab4efcce172fc2f,0.050520833333333334,0.0
WEN38:i1:nsga2:s60003:r3:PR1_HT1_EC1:af1912c5b598,2000,60003,f27778989ad08cad,0.03,0.0
WEN38:i1:nsga2:s60003:r3:PR1_HT1_EC1:af1912c5b598,2000,60003,70388355e16bb2ed,0.0515625,0.0
WEN38:i1:nsga2:s60003:r3:PR1_HT1_EC1:af1912c5b598,2000,60003,391aa90e8551a7e7,0.04510416666666667,0.0
WEN38:i1:nsga2:s60003:r3:PR1_HT1_EC1:af1912c5b598,2000,60003,1b76a0b7e042a042,0.023125,0.0
WEN38:i1:nsga2:s60003:r3:PR1_HT1_EC1:af1912c5b598,2000,60003,c72f8780bd42c0d0,0.028984375,0.0
WEN38:i1:nsga2:s60003:r3:PR1_HT1_EC1:af1912c5b598,2000,60003,8b5b0735d2dc9c6f,0.028645833333333332,0.0
WEN38:i1:nsga2:s60003:r3:PR1_HT1_EC1:af1912c5b598,2000,60003,16ed0c2a1a4a8d0d,0.0365625,0.0
WEN38:i1:nsga2:s60003:r3:PR1_HT1_EC1:af1912c5b598,2000,60003,758073123acf1f33,0.044270833333333336,0.0
WEN38:i1:nsga2:s60003:r3:PR1_HT1_EC1:af1912c5b598,2000,60003,e7f8288859e1c5bd,0.0329375,0.0
WEN38:i1:nsga2:s60003:r3:PR1_HT1_EC1:af1912c5b598,2000,60003,7311b1186b7c81a3,0.04125,0.0
WEN38:i1:nsga2:s60003:r3:PR1_HT1_EC1:af1912c5b598,2000,60003,f9d92bd93bfb19c8,0.03203125,0.0
WEN38:i1:nsga2:s60003:r3:PR1_HT1_EC1:af1912c5b598,2000,60003,b588787fcd039bbd,0.0329375,0.0
WEN38:i1:nsga2:s60003:r3:PR1_HT1_EC1:af1912c5b598,2000,60003,6b8a19ad64f9a5c6,0.0336875,0.0
WEN38:i1:nsga2:s60003:r3:PR1_HT1_EC1:af1912c5b598,2000,60003,e2f8eea729a53d69,0.026875,0.0
WEN38:i1:nsga2:s60004:r4:PR1_HT1_EC1:a8804fc163b2,2000,60004,5b79823882cec780,0.0784375,0.0
WEN38:i1:nsga2:s60004:r4:PR1_HT1_EC1:a8804fc163b2,2000,60004,fa67ed7d602f3c9f,0.0671875,0.0
WEN38:i1:nsga2:s60004:r4:PR1_HT1_EC1:a8804fc163b2,2000,60004,62a56279dc3c1f6c,0.0425,0.0
WEN38:i1:nsga2:s60004:r4:PR1_HT1_EC1:a8804fc163b2,2000,60004,312671df42ccb09d,0.0425,0.0
WEN38:i1:nsga2:s60004:r4:PR1_HT1_EC1:a8804fc163b2,2000,60004,6af1401d0a119d51,0.0425,0.0
WEN38:i1:nsga2:s60004:r4:PR1_HT1_EC1:a8804fc163b2,2000,60004,1ba7c60cbce932ea,0.0425,0.0
WEN38:i1:nsga2:s60004:r4:PR1_HT1_EC1:a8804fc163b2,2000,60004,3e2722666612169b,0.055,0.0
WEN38:i1:nsga2:s60004:r4:PR1_HT1_EC1:a8804fc163b2,2000,60004,66cdef08391c2ee2,0.054375,0.0
WEN38:i1:nsga2:s60004:r4:PR1_HT1_EC1:a8804fc163b2,2000,60004,7984c915135cd04e,0.04770833333333333,0.0
WEN38:i1:nsga2:s60004:r4:PR1_HT1_EC1:a8804fc163b2,2000,60004,48195e2316e54126,0.048125,0.0
WEN38:i1:nsga2:s60004:r4:PR1_HT1_EC1:a8804fc163b2,2000,60004,38ec6ddca8b85c84,0.031041666666666665,0.0
WEN38:i1:nsga2:s60004:r4:PR1_HT1_EC1:a8804fc163b2,2000,60004,0430590a35a91408,0.041979166666666665,0.0
WEN38:i1:nsga2:s60004:r4:PR1_HT1_EC1:a8804fc163b2,2000,60004,f0e8cd69ff084b94,0.03916666666666667,0.0
WEN38:i1:nsga2:s60004:r4:PR1_HT1_EC1:a8804fc163b2,2000,60004,5bc4d29f366401d2,0.0484375,0.0
WEN38:i1:nsga2:s60004:r4:PR1_HT1_EC1:a8804fc163b2,2000,60004,008091b8b5f1a25a,0.051770833333333335,0.0
WEN38:i1:nsga2:s60004:r4:PR1_HT1_EC1:a8804fc163b2,2000,60004,5bbffd39877b3d1c,0.03927083333333333,0.0
WEN38:i1:nsga2:s60004:r4:PR1_HT1_EC1:a8804fc163b2,2000,60004,a5df7363ea2eade0,0.060833333333333336,0.0
WEN38:i1:nsga2:s60004:r4:PR1_HT1_EC1:a8804fc163b2,2000,60004,a0f0ca222e6ef3cf,0.041979166666666665,0.0
WEN38:i1:nsga2:s60004:r4:PR1_HT1_EC1:a8804fc163b2,2000,60004,649dcbb5c9195d22,0.042604166666666665,0.0
WEN38:i1:nsga2:s60004:r4:PR1_HT1_EC1:a8804fc163b2,2000,60004,8de6abfcc131ab3a,0.060833333333333336,0.0
WEN38:i1:nsga2:s60004:r4:PR1_HT1_EC1:a8804fc163b2,2000,60004,956c8d18cab4c256,0.02734375,0.0
WEN38:i1:nsga2:s60004:r4:PR1_HT1_EC1:a8804fc163b2,2000,60004,77c648652af02556,0.0371875,0.0
WEN38:i1:nsga2:s60004:r4:PR1_HT1_EC1:a8804fc163b2,2000,60004,3f53d7269933fda5,0.041041666666666664,0.0
WEN38:i1:nsga2:s60004:r4:PR1_HT1_EC1:a8804fc163b2,2000,60004,6c43289edd03dadf,0.03958333333333333,0.0
WEN38:i1:nsga2:s60004:r4:PR1_HT1_EC1:a8804fc163b2,2000,60004,20b3e71af80423b8,0.03947916666666667,0.0
WEN38:i1:nsga2:s60004:r4:PR1_HT1_EC1:a8804fc163b2,2000,60004,d70df42b36e98849,0.030520833333333334,0.0
WEN38:i1:nsga2:s60004:r4:PR1_HT1_EC1:a8804fc163b2,2000,60004,3a6826e2de5b3857,0.030208333333333334,0.0
WEN38:i1:nsga2:s60004:r4:PR1_HT1_EC1:a8804fc163b2,2000,60004,34fa0b36f7911db3,0.02411458333333333,0.0
WEN38:i1:nsga2:s60004:r4:PR1_HT1_EC1:a8804fc163b2,2000,60004,4181a028793fb676,0.02411458333333333,0.0
WEN38:i1:nsga2:s60004:r4:PR1_HT1_EC1:a8804fc163b2,2000,60004,1766d25c3bffa66b,0.0625,0.0
WEN38:i1:nsga2:s60004:r4:PR1_HT1_EC1:a8804fc163b2,2000,60004,f865d13476776672,0.05390625,0.0
WEN38:i1:nsga2:s60004:r4:PR1_HT1_EC1:a8804fc163b2,2000,60004,3d8f48c48a981fbe,0.041979166666666665,0.0
WEN38:i1:nsga2:s60004:r4:PR1_HT1_EC1:a8804fc163b2,2000,60004,1cfe6e1139a078a3,0.0378125,0.0
WEN38:i1:nsga2:s60004:r4:PR1_HT1_EC1:a8804fc163b2,2000,60004,2f4c5f0b2299aeff,0.045,0.0
WEN38:i1:nsga2:s60004:r4:PR1_HT1_EC1:a8804fc163b2,2000,60004,7362f3478aa12ecd,0.03333333333333333,0.0
WEN38:i1:nsga2:s60004:r4:PR1_HT1_EC1:a8804fc163b2,2000,60004,22c4a0ed7f3c1d4a,0.04583333333333333,0.0
WEN38:i1:nsga2:s60004:r4:PR1_HT1_EC1:a8804fc163b2,2000,60004,2f4bf719baf30830,0.03,0.0
WEN38:i1:nsga2:s60004:r4:PR1_HT1_EC1:a8804fc163b2,2000,60004,8ad1c5638793b9d3,0.03239583333333333,0.0
WEN38:i1:nsga2:s60004:r4:PR1_HT1_EC1:a8804fc163b2,2000,60004,7d05a1adaa2ac6de,0.06527777777777778,0.0
WEN38:i1:nsga2:s60004:r4:PR1_HT1_EC1:a8804fc163b2,2000,60004,3f8918acc1e17ba7,0.06736111111111111,0.0
WEN38:i1:nsga2:s60004:r4:PR1_HT1_EC1:a8804fc163b2,2000,60004,b2c51b0833a47b0e,0.051041666666666666,0.0
WEN38:i1:nsga2:s60004:r4:PR1_HT1_EC1:a8804fc163b2,2000,60004,050196b0d0b71b29,0.05017361111111111,0.0
WEN38:i1:nsga2:s60004:r4:PR1_HT1_EC1:a8804fc163b2,2000,60004,5097dee6a296fe9e,0.045625,0.0
WEN38:i1:nsga2:s60004:r4:PR1_HT1_EC1:a8804fc163b2,2000,60004,911be42930c96617,0.0455,0.0
WEN38:i1:nsga2:s60004:r4:PR1_HT1_EC1:a8804fc163b2,2000,60004,0dcaaf2ae585a9fe,0.03333333333333333,0.0
WEN38:i1:nsga2:s60004:r4:PR1_HT1_EC1:a8804fc163b2,2000,60004,ecfaf4854c77ed1d,0.056354166666666664,0.0
WEN38:i1:nsga2:s60004:r4:PR1_HT1_EC1:a8804fc163b2,2000,60004,fd6df548c1d6127e,0.043645833333333335,0.0
WEN38:i1:nsga2:s60004:r4:PR1_HT1_EC1:a8804fc163b2,2000,60004,b29736cd0a615ace,0.0503125,0.0
WEN38:i1:nsga2:s60004:r4:PR1_HT1_EC1:a8804fc163b2,2000,60004,3e04c2999ff6fd0b,0.030833333333333334,0.0
WEN38:i1:nsga2:s60004:r4:PR1_HT1_EC1:a8804fc163b2,2000,60004,640fd41b4a1c9953,0.033680555555555554,0.0
WEN38:i1:nsga2:s60004:r4:PR1_HT1_EC1:a8804fc163b2,2000,60004,e98b28c6f042a7bf,0.029166666666666667,0.0
WEN38:i1:nsga2:s60004:r4:PR1_HT1_EC1:a8804fc163b2,2000,60004,22f77a21feb86edc,0.024322916666666666,0.0
WEN38:i1:nsga2:s60004:r4:PR1_HT1_EC1:a8804fc163b2,2000,60004,b11683919548d9a5,0.03125,0.0
WEN38:i1:nsga2:s60004:r4:PR1_HT1_EC1:a8804fc163b2,2000,60004,8038e3e0a27e89c6,0.030208333333333334,0.0
WEN38:i1:nsga2:s60002:r2:PR1_HT1_EC1:6bf81821659d,500,60002,e6d52e53ac7cf9ea,0.05229166666666667,0.0
WEN38:i1:nsga2:s60002:r2:PR1_HT1_EC1:6bf81821659d,500,60002,6b5403c7e947c0bc,0.043645833333333335,0.0
WEN38:i1:nsga2:s60002:r2:PR1_HT1_EC1:6bf81821659d,500,60002,7d3f1a4151ee44c1,0.0690625,0.0
WEN38:i1:nsga2:s60002:r2:PR1_HT1_EC1:6bf81821659d,500,60002,f5baf332a137cd89,0.0625,0.0
WEN38:i1:nsga2:s60002:r2:PR1_HT1_EC1:6bf81821659d,500,60002,1619510d3b077fca,0.0625,0.0
WEN38:i1:nsga2:s60002:r2:PR1_HT1_EC1:6bf81821659d,500,60002,f73eb94f4b3928e2,0.048125,0.0
WEN38:i1:nsga2:s60002:r2:PR1_HT1_EC1:6bf81821659d,500,60002,ef5beee87c12bb05,0.049895833333333334,0.0
WEN38:i1:nsga2:s60002:r2:PR1_HT1_EC1:6bf81821659d,500,60002,7cce2a4bd4520a97,0.05017361111111111,0.0
WEN38:i1:nsga2:s60002:r2:PR1_HT1_EC1:6bf81821659d,500,60002,d97fe1705f56b72d,0.05427083333333333,0.0
WEN38:i1:nsga2:s60002:r2:PR1_HT1_EC1:6bf81821659d,500,60002,2bfe75ada74ce6f9,0.04958333333333333,0.0
WEN38:i1:nsga2:s60002:r2:PR1_HT1_EC1:6bf81821659d,500,60002,95a0a2d925996ce2,0.0434375,0.0
WEN38:i1:nsga2:s60002:r2:PR1_HT1_EC1:6bf81821659d,500,60002,1302517bd12e3ae0,0.0475,0.0
WEN38:i1:nsga2:s60002:r2:PR1_HT1_EC1:6bf81821659d,500,60002,6056e1e7916b2660,0.043125,0.0
WEN38:i1:nsga2:s60002:r2:PR1_HT1_EC1:6bf81821659d,500,60002,f49e0286ca3bd44c,0.0359375,0.0
WEN38:i1:nsga2:s60002:r2:PR1_HT1_EC1:6bf81821659d,500,60002,c0f075ed91124993,0.029583333333333333,0.0
WEN38:i1:nsga2:s60002:r2:PR1_HT1_EC1:6bf81821659d,500,60002,ecb09db00091d875,0.03895833333333333,0.0
WEN38:i1:nsga2:s60002:r2:PR1_HT1_EC1:6bf81821659d,500,60002,9c7c70f751082646,0.061875,0.0
WEN38:i1:nsga2:s60002:r2:PR1_HT1_EC1:6bf81821659d,500,60002,d6c135aa1260955e,0.04083333333333333,0.0
WEN38:i1:nsga2:s60002:r2:PR1_HT1_EC1:6bf81821659d,500,60002,48d16e7526a10a7d,0.0361875,0.0
WEN38:i1:nsga2:s60003:r3:PR1_HT1_EC1:0c451e3d1f0d,500,60003,18fc8d5b008ab27a,0.10416666666666667,0.0
WEN38:i1:nsga2:s60003:r3:PR1_HT1_EC1:0c451e3d1f0d,500,60003,729f29b920efc301,0.10416666666666667,0.0
WEN38:i1:nsga2:s60003:r3:PR1_HT1_EC1:0c451e3d1f0d,500,60003,f616f09221960ca9,0.04541666666666667,0.0
WEN38:i1:nsga2:s60003:r3:PR1_HT1_EC1:0c451e3d1f0d,500,60003,ac133864100c6529,0.04416666666666667,0.0
WEN38:i1:nsga2:s60003:r3:PR1_HT1_EC1:0c451e3d1f0d,500,60003,300ec4eba548fdf2,0.05125,0.0
WEN38:i1:nsga2:s60003:r3:PR1_HT1_EC1:0c451e3d1f0d,500,60003,b1cb685f66b5f6ab,0.060833333333333336,0.0
WEN38:i1:nsga2:s60003:r3:PR1_HT1_EC1:0c451e3d1f0d,500,60003,d55718ed782729bf,0.048125,0.0
WEN38:i1:nsga2:s60003:r3:PR1_HT1_EC1:0c451e3d1f0d,500,60003,d8116fca0c320b64,0.05694444444444444,0.0
WEN38:i1:nsga2:s60003:r3:PR1_HT1_EC1:0c451e3d1f0d,500,60003,a24f96315d65efb3,0.04125,0.0
WEN38:i1:nsga2:s60003:r3:PR1_HT1_EC1:0c451e3d1f0d,500,60003,337a455a36a8d42e,0.03333333333333333,0.0
WEN38:i1:nsga2:s60003:r3:PR1_HT1_EC1:0c451e3d1f0d,500,60003,16e897d242dc9575,0.045,0.0
WEN38:i1:nsga2:s60003:r3:PR1_HT1_EC1:0c451e3d1f0d,500,60003,a499f6a3186715c7,0.0375,0.0
WEN38:i1:nsga2:s60003:r3:PR1_HT1_EC1:0c451e3d1f0d,500,60003,4a1de6239c78e9d5,0.03425,0.0
WEN38:i1:nsga2:s60003:r3:PR1_HT1_EC1:0c451e3d1f0d,500,60003,a8d8d7ac8050c848,0.0338125,0.0
WEN38:i1:nsga2:s60003:r3:PR1_HT1_EC1:0c451e3d1f0d,500,60003,3fdbb42627d458db,0.029270833333333333,0.0
WEN38:i1:nsga2:s60003:r3:PR1_HT1_EC1:0c451e3d1f0d,500,60003,075f8b9cc85fa7f6,0.033541666666666664,0.0
WEN38:i1:nsga2:s60003:r3:PR1_HT1_EC1:0c451e3d1f0d,500,60003,f6508e4aa5f90966,0.045,0.0
WEN38:i1:nsga2:s60003:r3:PR1_HT1_EC1:0c451e3d1f0d,500,60003,4984f719885f8744,0.0354375,0.0
WEN38:i1:nsga2:s60003:r3:PR1_HT1_EC1:0c451e3d1f0d,500,60003,e7f8288859e1c5bd,0.0329375,0.0
WEN38:i1:nsga2:s60003:r3:PR1_HT1_EC1:0c451e3d1f0d,500,60003,69028e2e925bbb5d,0.036875,0.0
WEN38:i1:nsga2:s60003:r3:PR1_HT1_EC1:0c451e3d1f0d,500,60003,021d37a832417ba8,0.0359375,0.0
WEN38:i1:nsga2:s60003:r3:PR1_HT1_EC1:0c451e3d1f0d,500,60003,c8988f10e78aa91a,0.029739583333333333,0.0
WEN38:i1:nsga2:s60004:r4:PR1_HT1_EC1:f55fe0988612,500,60004,f10c29e720eddbdc,0.063125,0.0
WEN38:i1:nsga2:s60004:r4:PR1_HT1_EC1:f55fe0988612,500,60004,967e0f371fd06dca,0.037395833333333336,0.0
WEN38:i1:nsga2:s60004:r4:PR1_HT1_EC1:f55fe0988612,500,60004,a2a7a845bbd5f369,0.05489583333333333,0.0
WEN38:i1:nsga2:s60004:r4:PR1_HT1_EC1:f55fe0988612,500,60004,84a1ceb65963deeb,0.06197916666666667,0.0
WEN38:i1:nsga2:s60004:r4:PR1_HT1_EC1:f55fe0988612,500,60004,58a3adf8c5f7006f,0.050208333333333334,0.0
WEN38:i1:nsga2:s60004:r4:PR1_HT1_EC1:f55fe0988612,500,60004,9ec165ffb20d905f,0.06197916666666667,0.0
WEN38:i1:nsga2:s60004:r4:PR1_HT1_EC1:f55fe0988612,500,60004,dd21108df0484d23,0.035416666666666666,0.0
WEN38:i1:nsga2:s60004:r4:PR1_HT1_EC1:f55fe0988612,500,60004,f865d13476776672,0.05390625,0.0
WEN38:i1:nsga2:s60004:r4:PR1_HT1_EC1:f55fe0988612,500,60004,e86fb39c88cb558a,0.045,0.0
WEN38:i1:nsga2:s60004:r4:PR1_HT1_EC1:f55fe0988612,500,60004,e4f91333a51430f8,0.05416666666666667,0.0
WEN38:i1:nsga2:s60004:r4:PR1_HT1_EC1:f55fe0988612,500,60004,1c0eeceddf49a653,0.07604166666666666,0.0
WEN38:i1:nsga2:s60004:r4:PR1_HT1_EC1:f55fe0988612,500,60004,ec9e3c31b43871d9,0.034166666666666665,0.0
WEN38:i1:nsga2:s60004:r4:PR1_HT1_EC1:f55fe0988612,500,60004,cf21e96649164219,0.05625,0.0
WEN38:i1:nsga2:s60004:r4:PR1_HT1_EC1:f55fe0988612,500,60004,ca6384c2554a2340,0.0546875,0.0
WEN38:i1:nsga2:s60004:r4:PR1_HT1_EC1:f55fe0988612,500,60004,0799366f563f42cc,0.064375,0.0
WEN38:i1:nsga2:s60004:r4:PR1_HT1_EC1:f55fe0988612,500,60004,de977530c8f5772a,0.06208333333333333,0.0
WEN38:i1:nsga2:s60004:r4:PR1_HT1_EC1:f55fe0988612,500,60004,70b76096fae39db3,0.043645833333333335,0.0
WEN38:i1:nsga2:s60004:r4:PR1_HT1_EC1:f55fe0988612,500,60004,23e7ad1c0d92f9f5,0.03145833333333333,0.0
WEN38:i1:nsga2:s60004:r4:PR1_HT1_EC1:f55fe0988612,500,60004,95bf21a3ca33c841,0.06145833333333333,0.0
WEN38:i1:nsga2:s60004:r4:PR1_HT1_EC1:f55fe0988612,500,60004,53e8171be91613c0,0.045,0.0
WEN38:i1:nsga2:s60004:r4:PR1_HT1_EC1:f55fe0988612,500,60004,7e32430461fc285c,0.034479166666666665,0.0
WEN38:i1:nsga2:s60004:r4:PR1_HT1_EC1:f55fe0988612,500,60004,54522f01a30caf77,0.049895833333333334,0.0
WEN38:i1:nsga2:s60004:r4:PR1_HT1_EC1:f55fe0988612,500,60004,462c512e3ac646e1,0.045625,0.0
