run_key,case_id,instance_seed,solver_seed,algorithm,evaluations,unmet_area,time_cost,neg_min_satisfaction,final_total_satisfaction,final_min_satisfaction
WEN38:i1:nsga2:s60000:r0:PR0_HT1_EC1:b9f998d6cc5d,WEN38,1,60000,nsga2,32.0,2.8870506232157416,119622.0,-0.2780056800265811,0.7973068745570517,0.2780056800265811
WEN38:i1:nsga2:s60000:r0:PR0_HT1_EC1:b9f998d6cc5d,WEN38,1,60000,nsga2,64.0,2.8870506232157416,119622.0,-0.2780056800265811,0.7973068745570517,0.2780056800265811
WEN38:i1:nsga2:s60000:r0:PR0_HT1_EC1:b9f998d6cc5d,WEN38,1,60000,nsga2,96.0,2.8870506232157416,119622.0,-0.2780056800265811,0.7973068745570517,0.2780056800265811
WEN38:i1:nsga2:s60000:r0:PR0_HT1_EC1:b9f998d6cc5d,WEN38,1,60000,nsga2,126.0,2.8870506232157416,119622.0,-0.2780056800265811,0.7973068745570517,0.2780056800265811
WEN38:i1:nsga2:s60000:r0:PR0_HT1_EC1:b9f998d6cc5d,WEN38,1,60000,nsga2,154.0,2.8870506232157416,119622.0,-0.2780056800265811,0.7973068745570517,0.2780056800265811
WEN38:i1:nsga2:s60000:r0:PR0_HT1_EC1:b9f998d6cc5d,WEN38,1,60000,nsga2,183.0,2.8870506232157416,119622.0,-0.2780056800265811,0.7973068745570517,0.2780056800265811
WEN38:i1:nsga2:s60000:r0:PR0_HT1_EC1:b9f998d6cc5d,WEN38,1,60000,nsga2,214.0,3.1478481099446736,96012.0,-0.2798237330835036,0.7973068745570517,0.2798237330835036
WEN38:i1:nsga2:s60000:r0:PR0_HT1_EC1:b9f998d6cc5d,WEN38,1,60000,nsga2,244.0,3.1478481099446736,96012.0,-0.2798237330835036,0.7973068745570517,0.2798237330835036
WEN38:i1:nsga2:s60000:r0:PR0_HT1_EC1:b9f998d6cc5d,WEN38,1,60000,nsga2,274.0,3.085215225465637,106120.0,-0.2798237330835036,0.7973068745570517,0.2798237330835036
WEN38:i1:nsga2:s60000:r0:PR0_HT1_EC1:b9f998d6cc5d,WEN38,1,60000,nsga2,302.0,3.085215225465637,106120.0,-0.2798237330835036,0.7973068745570517,0.2798237330835036
WEN38:i1:nsga2:s60000:r0:PR0_HT1_EC1:b9f998d6cc5d,WEN38,1,60000,nsga2,331.0,2.9072110276029433,99235.0,-0.4480096501820299,0.7973068745570517,0.4480096501820299
WEN38:i1:nsga2:s60000:r0:PR0_HT1_EC1:b9f998d6cc5d,WEN38,1,60000,nsga2,360.0,2.9072110276029433,99235.0,-0.4480096501820299,0.7973068745570517,0.4480096501820299
WEN38:i1:nsga2:s60000:r0:PR0_HT1_EC1:b9f998d6cc5d,WEN38,1,60000,nsga2,392.0,2.9072110276029433,99235.0,-0.4480096501820299,0.7973068745570517,0.4480096501820299
WEN38:i1:nsga2:s60000:r0:PR0_HT1_EC1:b9f998d6cc5d,WEN38,1,60000,nsga2,422.0,2.9072110276029433,99235.0,-0.4480096501820299,0.7973068745570517,0.4480096501820299
WEN38:i1:nsga2:s60000:r0:PR0_HT1_EC1:b9f998d6cc5d,WEN38,1,60000,nsga2,454.0,2.9072110276029433,99235.0,-0.4480096501820299,0.7973068745570517,0.4480096501820299
WEN38:i1:nsga2:s60000:r0:PR0_HT1_EC1:b9f998d6cc5d,WEN38,1,60000,nsga2,483.0,2.9072110276029433,99235.0,-0.4480096501820299,0.7973068745570517,0.4480096501820299
WEN38:i1:nsga2:s60000:r0:PR0_HT1_EC1:b9f998d6cc5d,WEN38,1,60000,nsga2,500.0,2.9072110276029433,99235.0,-0.4480096501820299,0.7973068745570517,0.4480096501820299
WEN38:i1:nsga2:s60000:r0:PR1_HT0_EC1:ed89f90c2cee,WEN38,1,60000,nsga2,32.0,2.62216492841229,133745.66666666666,-0.27640733712996735,0.7973068745570517,0.27640733712996735
WEN38:i1:nsga2:s60000:r0:PR1_HT0_EC1:ed89f90c2cee,WEN38,1,60000,nsga2,64.0,2.62216492841229,133745.66666666666,-0.27640733712996735,0.7973068745570517,0.27640733712996735
WEN38:i1:nsga2:s60000:r0:PR1_HT0_EC1:ed89f90c2cee,WEN38,1,60000,nsga2,96.0,2.773212919460012,118518.33333333334,-0.2798237330835036,0.7973068745570517,0.2798237330835036
WEN38:i1:nsga2:s60000:r0:PR1_HT0_EC1:ed89f90c2cee,WEN38,1,60000,nsga2,126.0,2.773212919460012,118518.33333333334,-0.2798237330835036,0.7973068745570517,0.2798237330835036
WEN38:i1:nsga2:s60000:r0:PR1_HT0_EC1:ed89f90c2cee,WEN38,1,60000,nsga2,154.0,2.773212919460012,118518.33333333334,-0.2798237330835036,0.7973068745570517,0.2798237330835036
WEN38:i1:nsga2:s60000:r0:PR1_HT0_EC1:ed89f90c2cee,WEN38,1,60000,nsga2,183.0,2.8545001842294964,114054.0,-0.40057636887740955,0.7973068745570517,0.40057636887740955
WEN38:i1:nsga2:s60000:r0:PR1_HT0_EC1:ed89f90c2cee,WEN38,1,60000,nsga2,214.0,2.8545001842294964,114054.0,-0.40057636887740955,0.7973068745570517,0.40057636887740955
WEN38:i1:nsga2:s60000:r0:PR1_HT0_EC1:ed89f90c2cee,WEN38,1,60000,nsga2,244.0,2.464202792774178,125195.66666666667,-0.45048160039550567,0.7973068745570517,0.45048160039550567
WEN38:i1:nsga2:s60000:r0:PR1_HT0_EC1:ed89f90c2cee,WEN38,1,60000,nsga2,274.0,2.464202792774178,125195.66666666667,-0.45048160039550567,0.7973068745570517,0.45048160039550567
WEN38:i1:nsga2:s60000:r0:PR1_HT0_EC1:ed89f90c2cee,WEN38,1,60000,nsga2,302.0,2.464202792774178,125195.66666666667,-0.45048160039550567,0.7973068745570517,0.45048160039550567
WEN38:i1:nsga2:s60000:r0:PR1_HT0_EC1:ed89f90c2cee,WEN38,1,60000,nsga2,331.0,2.464202792774178,125195.66666666667,-0.45048160039550567,0.7973068745570517,0.45048160039550567
WEN38:i1:nsga2:s60000:r0:PR1_HT0_EC1:ed89f90c2cee,WEN38,1,60000,nsga2,360.0,2.464202792774178,125195.66666666667,-0.45048160039550567,0.7973068745570517,0.45048160039550567
WEN38:i1:nsga2:s60000:r0:PR1_HT0_EC1:ed89f90c2cee,WEN38,1,60000,nsga2,392.0,2.464202792774178,125195.66666666667,-0.45048160039550567,0.7973068745570517,0.45048160039550567
WEN38:i1:nsga2:s60000:r0:PR1_HT0_EC1:ed89f90c2cee,WEN38,1,60000,nsga2,422.0,2.464202792774178,125195.66666666667,-0.45048160039550567,0.7973068745570517,0.45048160039550567
WEN38:i1:nsga2:s60000:r0:PR1_HT0_EC1:ed89f90c2cee,WEN38,1,60000,nsga2,454.0,2.464202792774178,125195.66666666667,-0.45048160039550567,0.7973068745570517,0.45048160039550567
WEN38:i1:nsga2:s60000:r0:PR1_HT0_EC1:ed89f90c2cee,WEN38,1,60000,nsga2,483.0,2.464202792774178,125195.66666666667,-0.45048160039550567,0.7973068745570517,0.45048160039550567
WEN38:i1:nsga2:s60000:r0:PR1_HT0_EC1:ed89f90c2cee,WEN38,1,60000,nsga2,500.0,2.464202792774178,125195.66666666667,-0.45048160039550567,0.7973068745570517,0.45048160039550567
WEN38:i1:nsga2:s60000:r0:PR1_HT1_EC0:233634bab1fc,WEN38,1,60000,nsga2,32.0,2.625708514521433,137953.0,-0.27640733712996735,0.7973068745570517,0.27640733712996735
WEN38:i1:nsga2:s60000:r0:PR1_HT1_EC0:233634bab1fc,WEN38,1,60000,nsga2,64.0,2.625708514521433,137953.0,-0.27640733712996735,0.7973068745570517,0.27640733712996735
WEN38:i1:nsga2:s60000:r0:PR1_HT1_EC0:233634bab1fc,WEN38,1,60000,nsga2,96.0,2.625708514521433,137953.0,-0.27640733712996735,0.7973068745570517,0.27640733712996735
WEN38:i1:nsga2:s60000:r0:PR1_HT1_EC0:233634bab1fc,WEN38,1,60000,nsga2,126.0,2.625708514521433,137953.0,-0.27640733712996735,0.7973068745570517,0.27640733712996735
WEN38:i1:nsga2:s60000:r0:PR1_HT1_EC0:233634bab1fc,WEN38,1,60000,nsga2,154.0,2.625708514521433,137953.0,-0.27640733712996735,0.7973068745570517,0.27640733712996735
WEN38:i1:nsga2:s60000:r0:PR1_HT1_EC0:233634bab1fc,WEN38,1,60000,nsga2,183.0,2.625708514521433,137953.0,-0.27640733712996735,0.7973068745570517,0.27640733712996735
WEN38:i1:nsga2:s60000:r0:PR1_HT1_EC0:233634bab1fc,WEN38,1,60000,nsga2,214.0,2.577834698758217,148007.0,-0.3079249848779,0.79730687455697,0.3079249848779
WEN38:i1:nsga2:s60000:r0:PR1_HT1_EC0:233634bab1fc,WEN38,1,60000,nsga2,244.0,2.577834698758217,148007.0,-0.3079249848779,0.79730687455697,0.3079249848779
WEN38:i1:nsga2:s60000:r0:PR1_HT1_EC0:233634bab1fc,WEN38,1,60000,nsga2,274.0,2.577834698758217,148007.0,-0.3079249848779,0.79730687455697,0.3079249848779
WEN38:i1:nsga2:s60000:r0:PR1_HT1_EC0:233634bab1fc,WEN38,1,60000,nsga2,302.0,2.577834698758217,148007.0,-0.3079249848779,0.79730687455697,0.3079249848779
WEN38:i1:nsga2:s60000:r0:PR1_HT1_EC0:233634bab1fc,WEN38,1,60000,nsga2,331.0,2.577834698758217,148007.0,-0.3079249848779,0.79730687455697,0.3079249848779
WEN38:i1:nsga2:s60000:r0:PR1_HT1_EC0:233634bab1fc,WEN38,1,60000,nsga2,360.0,2.7904792536546026,144732.33333333334,-0.3821590317911614,0.7973068745570517,0.3821590317911614
WEN38:i1:nsga2:s60000:r0:PR1_HT1_EC0:233634bab1fc,WEN38,1,60000,nsga2,392.0,2.7904792536546026,144732.33333333334,-0.3821590317911614,0.7973068745570517,0.3821590317911614
WEN38:i1:nsga2:s60000:r0:PR1_HT1_EC0:233634bab1fc,WEN38,1,60000,nsga2,422.0,2.7904792536546026,144732.33333333334,-0.3821590317911614,0.7973068745570517,0.3821590317911614
WEN38:i1:nsga2:s60000:r0:PR1_HT1_EC0:233634bab1fc,WEN38,1,60000,nsga2,454.0,2.7904792536546026,144732.33333333334,-0.3821590317911614,0.7973068745570517,0.3821590317911614
WEN38:i1:nsga2:s60000:r0:PR1_HT1_EC0:233634bab1fc,WEN38,1,60000,nsga2,483.0,2.6443045238338136,115276.66666666669,-0.4349222030141391,0.7973068745570517,0.4349222030141391
WEN38:i1:nsga2:s60000:r0:PR1_HT1_EC0:233634bab1fc,WEN38,1,60000,nsga2,500.0,2.6443045238338136,115276.66666666669,-0.4349222030141391,0.7973068745570517,0.4349222030141391
WEN38:i1:nsga2:s60000:r0:PR1_HT1_EC1:ac79a73486e1,WEN38,1,60000,nsga2,32.0,2.625708514521433,137953.0,-0.27640733712996735,0.7973068745570517,0.27640733712996735
WEN38:i1:nsga2:s60000:r0:PR1_HT1_EC1:ac79a73486e1,WEN38,1,60000,nsga2,64.0,2.625708514521433,137953.0,-0.27640733712996735,0.7973068745570517,0.27640733712996735
WEN38:i1:nsga2:s60000:r0:PR1_HT1_EC1:ac79a73486e1,WEN38,1,60000,nsga2,96.0,2.625708514521433,137953.0,-0.27640733712996735,0.7973068745570517,0.27640733712996735
WEN38:i1:nsga2:s60000:r0:PR1_HT1_EC1:ac79a73486e1,WEN38,1,60000,nsga2,126.0,2.625708514521433,137953.0,-0.27640733712996735,0.7973068745570517,0.27640733712996735
WEN38:i1:nsga2:s60000:r0:PR1_HT1_EC1:ac79a73486e1,WEN38,1,60000,nsga2,154.0,2.625708514521433,137953.0,-0.27640733712996735,0.7973068745570517,0.27640733712996735
WEN38:i1:nsga2:s60000:r0:PR1_HT1_EC1:ac79a73486e1,WEN38,1,60000,nsga2,183.0,2.625708514521433,137953.0,-0.27640733712996735,0.7973068745570517,0.27640733712996735
WEN38:i1:nsga2:s60000:r0:PR1_HT1_EC1:ac79a73486e1,WEN38,1,60000,nsga2,214.0,2.577834698758217,148007.0,-0.3079249848779,0.79730687455697,0.3079249848779
WEN38:i1:nsga2:s60000:r0:PR1_HT1_EC1:ac79a73486e1,WEN38,1,60000,nsga2,244.0,2.577834698758217,148007.0,-0.3079249848779,0.79730687455697,0.3079249848779
WEN38:i1:nsga2:s60000:r0:PR1_HT1_EC1:ac79a73486e1,WEN38,1,60000,nsga2,274.0,2.577834698758217,148007.0,-0.3079249848779,0.79730687455697,0.3079249848779
WEN38:i1:nsga2:s60000:r0:PR1_HT1_EC1:ac79a73486e1,WEN38,1,60000,nsga2,302.0,2.577834698758217,148007.0,-0.3079249848779,0.79730687455697,0.3079249848779
WEN38:i1:nsga2:s60000:r0:PR1_HT1_EC1:ac79a73486e1,WEN38,1,60000,nsga2,331.0,2.577834698758217,148007.0,-0.3079249848779,0.79730687455697,0.3079249848779
WEN38:i1:nsga2:s60000:r0:PR1_HT1_EC1:ac79a73486e1,WEN38,1,60000,nsga2,360.0,2.7904792536546026,144732.33333333334,-0.3821590317911614,0.7973068745570517,0.3821590317911614
WEN38:i1:nsga2:s60000:r0:PR1_HT1_EC1:ac79a73486e1,WEN38,1,60000,nsga2,392.0,2.7904792536546026,144732.33333333334,-0.3821590317911614,0.7973068745570517,0.3821590317911614
WEN38:i1:nsga2:s60000:r0:PR1_HT1_EC1:ac79a73486e1,WEN38,1,60000,nsga2,422.0,2.7904792536546026,144732.33333333334,-0.3821590317911614,0.7973068745570517,0.3821590317911614
WEN38:i1:nsga2:s60000:r0:PR1_HT1_EC1:ac79a73486e1,WEN38,1,60000,nsga2,454.0,2.7904792536546026,144732.33333333334,-0.3821590317911614,0.7973068745570517,0.3821590317911614
WEN38:i1:nsga2:s60000:r0:PR1_HT1_EC1:ac79a73486e1,WEN38,1,60000,nsga2,483.0,2.6443045238338136,115276.66666666669,-0.4349222030141391,0.7973068745570517,0.4349222030141391
WEN38:i1:nsga2:s60000:r0:PR1_HT1_EC1:ac79a73486e1,WEN38,1,60000,nsga2,500.0,2.6443045238338136,115276.66666666669,-0.4349222030141391,0.7973068745570517,0.4349222030141391
WEN38:i1:nsga2:s60001:r1:PR0_HT1_EC1:2aca52bb3fb1,WEN38,1,60001,nsga2,32.0,3.149796049367185,112319.0,-0.33313902652480465,0.7973068745570037,0.33313902652480465
WEN38:i1:nsga2:s60001:r1:PR0_HT1_EC1:2aca52bb3fb1,WEN38,1,60001,nsga2,64.0,3.149796049367185,112319.0,-0.33313902652480465,0.7973068745570037,0.33313902652480465
WEN38:i1:nsga2:s60001:r1:PR0_HT1_EC1:2aca52bb3fb1,WEN38,1,60001,nsga2,95.0,3.149796049367185,112319.0,-0.33313902652480465,0.7973068745570037,0.33313902652480465
WEN38:i1:nsga2:s60001:r1:PR0_HT1_EC1:2aca52bb3fb1,WEN38,1,60001,nsga2,125.0,2.947280103228524,122711.0,-0.33313902652480465,0.7973068745570037,0.33313902652480465
WEN38:i1:nsga2:s60001:r1:PR0_HT1_EC1:2aca52bb3fb1,WEN38,1,60001,nsga2,156.0,2.947280103228524,122711.0,-0.33313902652480465,0.7973068745570037,0.33313902652480465
WEN38:i1:nsga2:s60001:r1:PR0_HT1_EC1:2aca52bb3fb1,WEN38,1,60001,nsga2,187.0,2.947280103228524,122711.0,-0.33313902652480465,0.7973068745570037,0.33313902652480465
WEN38:i1:nsga2:s60001:r1:PR0_HT1_EC1:2aca52bb3fb1,WEN38,1,60001,nsga2,219.0,2.947280103228524,122711.0,-0.33313902652480465,0.7973068745570037,0.33313902652480465
WEN38:i1:nsga2:s60001:r1:PR0_HT1_EC1:2aca52bb3fb1,WEN38,1,60001,nsga2,247.0,2.947280103228524,122711.0,-0.33313902652480465,0.7973068745570037,0.33313902652480465
WEN38:i1:nsga2:s60001:r1:PR0_HT1_EC1:2aca52bb3fb1,WEN38,1,60001,nsga2,278.0,2.947280103228524,122711.0,-0.33313902652480465,0.7973068745570037,0.33313902652480465
WEN38:i1:nsga2:s60001:r1:PR0_HT1_EC1:2aca52bb3fb1,WEN38,1,60001,nsga2,310.0,2.947280103228524,122711.0,-0.33313902652480465,0.7973068745570037,0.33313902652480465
WEN38:i1:nsga2:s60001:r1:PR0_HT1_EC1:2aca52bb3fb1,WEN38,1,60001,nsga2,338.0,2.947280103228524,122711.0,-0.33313902652480465,0.7973068745570037,0.33313902652480465
WEN38:i1:nsga2:s60001:r1:PR0_HT1_EC1:2aca52bb3fb1,WEN38,1,60001,nsga2,367.0,2.877201896163914,140733.0,-0.33313902652389515,0.7973068745570517,0.33313902652389515
WEN38:i1:nsga2:s60001:r1:PR0_HT1_EC1:2aca52bb3fb1,WEN38,1,60001,nsga2,396.0,2.877201896163914,140733.0,-0.33313902652389515,0.7973068745570517,0.33313902652389515
WEN38:i1:nsga2:s60001:r1:PR0_HT1_EC1:2aca52bb3fb1,WEN38,1,60001,nsga2,427.0,2.877201896163914,140733.0,-0.33313902652389515,0.7973068745570517,0.33313902652389515
WEN38:i1:nsga2:s60001:r1:PR0_HT1_EC1:2aca52bb3fb1,WEN38,1,60001,nsga2,454.0,2.877201896163914,140733.0,-0.33313902652389515,0.7973068745570517,0.33313902652389515
WEN38:i1:nsga2:s60001:r1:PR0_HT1_EC1:2aca52bb3fb1,WEN38,1,60001,nsga2,482.0,2.877201896163914,140733.0,-0.33313902652389515,0.7973068745570517,0.33313902652389515
WEN38:i1:nsga2:s60001:r1:PR0_HT1_EC1:2aca52bb3fb1,WEN38,1,60001,nsga2,500.0,2.877201896163914,140733.0,-0.33313902652389515,0.7973068745570517,0.33313902652389515
WEN38:i1:nsga2:s60001:r1:PR1_HT0_EC1:810cc032fd7d,WEN38,1,60001,nsga2,32.0,2.6711567888638736,113179.66666666667,-0.15353311136004777,0.7973068745570517,0.15353311136004777
WEN38:i1:nsga2:s60001:r1:PR1_HT0_EC1:810cc032fd7d,WEN38,1,60001,nsga2,64.0,2.6711567888638736,113179.66666666667,-0.15353311136004777,0.7973068745570517,0.15353311136004777
WEN38:i1:nsga2:s60001:r1:PR1_HT0_EC1:810cc032fd7d,WEN38,1,60001,nsga2,95.0,2.6711567888638736,113179.66666666667,-0.15353311136004777,0.7973068745570517,0.15353311136004777
WEN38:i1:nsga2:s60001:r1:PR1_HT0_EC1:810cc032fd7d,WEN38,1,60001,nsga2,125.0,2.6711567888638736,113179.66666666667,-0.15353311136004777,0.7973068745570517,0.15353311136004777
WEN38:i1:nsga2:s60001:r1:PR1_HT0_EC1:810cc032fd7d,WEN38,1,60001,nsga2,156.0,2.6027653422797465,124882.0,-0.15353311136004777,0.7973068745570517,0.15353311136004777
WEN38:i1:nsga2:s60001:r1:PR1_HT0_EC1:810cc032fd7d,WEN38,1,60001,nsga2,187.0,2.6027653422797465,124882.0,-0.15353311136004777,0.7973068745570517,0.15353311136004777
WEN38:i1:nsga2:s60001:r1:PR1_HT0_EC1:810cc032fd7d,WEN38,1,60001,nsga2,219.0,2.6027653422797465,124882.0,-0.15353311136004777,0.7973068745570517,0.15353311136004777
WEN38:i1:nsga2:s60001:r1:PR1_HT0_EC1:810cc032fd7d,WEN38,1,60001,nsga2,247.0,2.8708930371722037,111313.0,-0.19464977120969706,0.797306874556969,0.19464977120969706
WEN38:i1:nsga2:s60001:r1:PR1_HT0_EC1:810cc032fd7d,WEN38,1,60001,nsga2,278.0,2.755210090797716,136106.83333333334,-0.19464977120787808,0.7973068745570517,0.19464977120787808
WEN38:i1:nsga2:s60001:r1:PR1_HT0_EC1:810cc032fd7d,WEN38,1,60001,nsga2,310.0,2.7701666020197657,114955.33333333334,-0.33313902652480465,0.7973068745570037,0.33313902652480465
WEN38:i1:nsga2:s60001:r1:PR1_HT0_EC1:810cc032fd7d,WEN38,1,60001,nsga2,338.0,2.7701666020197657,114955.33333333334,-0.33313902652480465,0.7973068745570037,0.33313902652480465
WEN38:i1:nsga2:s60001:r1:PR1_HT0_EC1:810cc032fd7d,WEN38,1,60001,nsga2,367.0,2.7701666020197657,114955.33333333334,-0.33313902652480465,0.7973068745570037,0.33313902652480465
WEN38:i1:nsga2:s60001:r1:PR1_HT0_EC1:810cc032fd7d,WEN38,1,60001,nsga2,396.0,2.7701666020197657,114955.33333333334,-0.33313902652480465,0.7973068745570037,0.33313902652480465
WEN38:i1:nsga2:s60001:r1:PR1_HT0_EC1:810cc032fd7d,WEN38,1,60001,nsga2,427.0,2.7701666020197657,114955.33333333334,-0.33313902652480465,0.7973068745570037,0.33313902652480465
WEN38:i1:nsga2:s60001:r1:PR1_HT0_EC1:810cc032fd7d,WEN38,1,60001,nsga2,454.0,2.7652941711196948,115553.66666666667,-0.33313902652480465,0.7973068745570037,0.33313902652480465
WEN38:i1:nsga2:s60001:r1:PR1_HT0_EC1:810cc032fd7d,WEN38,1,60001,nsga2,482.0,2.7652941711196948,115553.66666666667,-0.33313902652480465,0.7973068745570037,0.33313902652480465
WEN38:i1:nsga2:s60001:r1:PR1_HT0_EC1:810cc032fd7d,WEN38,1,60001,nsga2,500.0,2.7652941711196948,115553.66666666667,-0.33313902652480465,0.7973068745570037,0.33313902652480465
WEN38:i1:nsga2:s60001:r1:PR1_HT1_EC0:f2ee064e9de3,WEN38,1,60001,nsga2,32.0,2.6711567888638736,116827.0,-0.15353311136004777,0.7973068745570517,0.15353311136004777
WEN38:i1:nsga2:s60001:r1:PR1_HT1_EC0:f2ee064e9de3,WEN38,1,60001,nsga2,64.0,2.6711567888638736,116827.0,-0.15353311136004777,0.7973068745570517,0.15353311136004777
WEN38:i1:nsga2:s60001:r1:PR1_HT1_EC0:f2ee064e9de3,WEN38,1,60001,nsga2,95.0,2.666687386196257,146799.6666666667,-0.17161477190620644,0.7973068745570517,0.17161477190620644
WEN38:i1:nsga2:s60001:r1:PR1_HT1_EC0:f2ee064e9de3,WEN38,1,60001,nsga2,125.0,2.5875185564348566,139377.1666666667,-0.2847764926555101,0.7973068745570517,0.2847764926555101
WEN38:i1:nsga2:s60001:r1:PR1_HT1_EC0:f2ee064e9de3,WEN38,1,60001,nsga2,156.0,2.819212883975501,136905.16666666666,-0.4140845070432988,0.7973068745570517,0.4140845070432988
WEN38:i1:nsga2:s60001:r1:PR1_HT1_EC0:f2ee064e9de3,WEN38,1,60001,nsga2,187.0,2.819212883975501,136905.16666666666,-0.4140845070432988,0.7973068745570517,0.4140845070432988
WEN38:i1:nsga2:s60001:r1:PR1_HT1_EC0:f2ee064e9de3,WEN38,1,60001,nsga2,219.0,2.819212883975501,136905.16666666666,-0.4140845070432988,0.7973068745570517,0.4140845070432988
WEN38:i1:nsga2:s60001:r1:PR1_HT1_EC0:f2ee064e9de3,WEN38,1,60001,nsga2,247.0,2.819212883975501,136905.16666666666,-0.4140845070432988,0.7973068745570517,0.4140845070432988
WEN38:i1:nsga2:s60001:r1:PR1_HT1_EC0:f2ee064e9de3,WEN38,1,60001,nsga2,278.0,2.819212883975501,136905.16666666666,-0.4140845070432988,0.7973068745570517,0.4140845070432988
WEN38:i1:nsga2:s60001:r1:PR1_HT1_EC0:f2ee064e9de3,WEN38,1,60001,nsga2,310.0,2.6287423963597236,149233.6666666667,-0.4430379746845574,0.7973068745570517,0.4430379746845574
WEN38:i1:nsga2:s60001:r1:PR1_HT1_EC0:f2ee064e9de3,WEN38,1,60001,nsga2,338.0,2.6287423963597236,149233.6666666667,-0.4430379746845574,0.7973068745570517,0.4430379746845574
WEN38:i1:nsga2:s60001:r1:PR1_HT1_EC0:f2ee064e9de3,WEN38,1,60001,nsga2,367.0,2.6287423963597236,149233.6666666667,-0.4430379746845574,0.7973068745570517,0.4430379746845574
WEN38:i1:nsga2:s60001:r1:PR1_HT1_EC0:f2ee064e9de3,WEN38,1,60001,nsga2,396.0,2.6287423963597236,149233.6666666667,-0.4430379746845574,0.7973068745570517,0.4430379746845574
WEN38:i1:nsga2:s60001:r1:PR1_HT1_EC0:f2ee064e9de3,WEN38,1,60001,nsga2,427.0,2.6287423963597236,149233.6666666667,-0.4430379746845574,0.7973068745570517,0.4430379746845574
WEN38:i1:nsga2:s60001:r1:PR1_HT1_EC0:f2ee064e9de3,WEN38,1,60001,nsga2,454.0,2.6287423963597236,149233.6666666667,-0.4430379746845574,0.7973068745570517,0.4430379746845574
WEN38:i1:nsga2:s60001:r1:PR1_HT1_EC0:f2ee064e9de3,WEN38,1,60001,nsga2,482.0,2.6287423963597236,149233.6666666667,-0.4430379746845574,0.7973068745570517,0.4430379746845574
WEN38:i1:nsga2:s60001:r1:PR1_HT1_EC0:f2ee064e9de3,WEN38,1,60001,nsga2,500.0,2.6287423963597236,149233.6666666667,-0.4430379746845574,0.7973068745570517,0.4430379746845574
WEN38:i1:nsga2:s60001:r1:PR1_HT1_EC1:ceb9ada93d38,WEN38,1,60001,nsga2,32.0,2.6711567888638736,116827.0,-0.15353311136004777,0.7973068745570517,0.15353311136004777
WEN38:i1:nsga2:s60001:r1:PR1_HT1_EC1:ceb9ada93d38,WEN38,1,60001,nsga2,64.0,2.6711567888638736,116827.0,-0.15353311136004777,0.7973068745570517,0.15353311136004777
WEN38:i1:nsga2:s60001:r1:PR1_HT1_EC1:ceb9ada93d38,WEN38,1,60001,nsga2,95.0,2.666687386196257,146799.6666666667,-0.17161477190620644,0.7973068745570517,0.17161477190620644
WEN38:i1:nsga2:s60001:r1:PR1_HT1_EC1:ceb9ada93d38,WEN38,1,60001,nsga2,125.0,2.5875185564348566,139377.1666666667,-0.2847764926555101,0.7973068745570517,0.2847764926555101
WEN38:i1:nsga2:s60001:r1:PR1_HT1_EC1:ceb9ada93d38,WEN38,1,60001,nsga2,156.0,2.819212883975501,136905.16666666666,-0.4140845070432988,0.7973068745570517,0.4140845070432988
WEN38:i1:nsga2:s60001:r1:PR1_HT1_EC1:ceb9ada93d38,WEN38,1,60001,nsga2,187.0,2.819212883975501,136905.16666666666,-0.4140845070432988,0.7973068745570517,0.4140845070432988
WEN38:i1:nsga2:s60001:r1:PR1_HT1_EC1:ceb9ada93d38,WEN38,1,60001,nsga2,219.0,2.819212883975501,136905.16666666666,-0.4140845070432988,0.7973068745570517,0.4140845070432988
WEN38:i1:nsga2:s60001:r1:PR1_HT1_EC1:ceb9ada93d38,WEN38,1,60001,nsga2,247.0,2.819212883975501,136905.16666666666,-0.4140845070432988,0.7973068745570517,0.4140845070432988
WEN38:i1:nsga2:s60001:r1:PR1_HT1_EC1:ceb9ada93d38,WEN38,1,60001,nsga2,278.0,2.819212883975501,136905.16666666666,-0.4140845070432988,0.7973068745570517,0.4140845070432988
WEN38:i1:nsga2:s60001:r1:PR1_HT1_EC1:ceb9ada93d38,WEN38,1,60001,nsga2,310.0,2.6287423963597236,149233.6666666667,-0.4430379746845574,0.7973068745570517,0.4430379746845574
WEN38:i1:nsga2:s60001:r1:PR1_HT1_EC1:ceb9ada93d38,WEN38,1,60001,nsga2,338.0,2.6287423963597236,149233.6666666667,-0.4430379746845574,0.7973068745570517,0.4430379746845574
WEN38:i1:nsga2:s60001:r1:PR1_HT1_EC1:ceb9ada93d38,WEN38,1,60001,nsga2,367.0,2.6287423963597236,149233.6666666667,-0.4430379746845574,0.7973068745570517,0.4430379746845574
WEN38:i1:nsga2:s60001:r1:PR1_HT1_EC1:ceb9ada93d38,WEN38,1,60001,nsga2,396.0,2.6287423963597236,149233.6666666667,-0.4430379746845574,0.7973068745570517,0.4430379746845574
WEN38:i1:nsga2:s60001:r1:PR1_HT1_EC1:ceb9ada93d38,WEN38,1,60001,nsga2,427.0,2.6287423963597236,149233.6666666667,-0.4430379746845574,0.7973068745570517,0.4430379746845574
WEN38:i1:nsga2:s60001:r1:PR1_HT1_EC1:ceb9ada93d38,WEN38,1,60001,nsga2,454.0,2.6287423963597236,149233.6666666667,-0.4430379746845574,0.7973068745570517,0.4430379746845574
WEN38:i1:nsga2:s60001:r1:PR1_HT1_EC1:ceb9ada93d38,WEN38,1,60001,nsga2,482.0,2.6287423963597236,149233.6666666667,-0.4430379746845574,0.7973068745570517,0.4430379746845574
WEN38:i1:nsga2:s60001:r1:PR1_HT1_EC1:ceb9ada93d38,WEN38,1,60001,nsga2,500.0,2.6287423963597236,149233.6666666667,-0.4430379746845574,0.7973068745570517,0.4430379746845574
