run_key,case_id,size_group,instance_seed,solver_seed,algorithm,point_id,decision_hash,F1,F2,F3,final_total_satisfaction,final_min_satisfaction,crowding_distance,representative
WEN38:i1:nsga2:s60000:r0:PR0_HT1_EC1:b9f998d6cc5d,WEN38,case_study,1,60000,nsga2,p0001,741f40313babe82b,2.9072110276029433,99235.0,-0.4480096501820299,0.7973068745570517,0.4480096501820299,,True
WEN38:i1:nsga2:s60000:r0:PR0_HT1_EC1:b9f998d6cc5d,WEN38,case_study,1,60000,nsga2,p0002,ad88ad06695e5816,2.865358139889053,129575.0,-0.39614674056520016,0.7973068745569868,0.39614674056520016,0.45627025940706833,False
WEN38:i1:nsga2:s60000:r0:PR0_HT1_EC1:b9f998d6cc5d,WEN38,case_study,1,60000,nsga2,p0003,17349585d354d0e6,3.1478481099446736,96012.0,-0.2798237330835036,0.7973068745570517,0.2798237330835036,,False
WEN38:i1:nsga2:s60000:r0:PR0_HT1_EC1:b9f998d6cc5d,WEN38,case_study,1,60000,nsga2,p0004,6ca2be21ec93867a,2.8870506232157416,119622.0,-0.2780056800265811,0.7973068745570517,0.2780056800265811,0.21322042164778626,False
WEN38:i1:nsga2:s60000:r0:PR0_HT1_EC1:b9f998d6cc5d,WEN38,case_study,1,60000,nsga2,p0005,d395df58948ad092,2.7863836731604392,123010.0,-0.2780056800274906,0.7973068745570282,0.2780056800274906,0.15809819432329883,False
WEN38:i1:nsga2:s60000:r0:PR0_HT1_EC1:b9f998d6cc5d,WEN38,case_study,1,60000,nsga2,p0006,0ab462427e134102,2.967097632847925,98853.0,-0.27640733712996735,0.7973068745569685,0.27640733712996735,0.7195628377696491,False
WEN38:i1:nsga2:s60000:r0:PR0_HT1_EC1:b9f998d6cc5d,WEN38,case_study,1,60000,nsga2,p0007,b47d7fd61598c3a5,2.998901318177646,98448.0,-0.25253185233759723,0.7973068745570517,0.25253185233759723,0.48035424389876114,False
WEN38:i1:nsga2:s60000:r0:PR0_HT1_EC1:b9f998d6cc5d,WEN38,case_study,1,60000,nsga2,p0008,6e5971497379b107,2.7719149745048215,131147.0,-0.19464977120787808,0.7973068745570517,0.19464977120787808,0.4067393263298994,False
WEN38:i1:nsga2:s60000:r0:PR0_HT1_EC1:b9f998d6cc5d,WEN38,case_study,1,60000,nsga2,p0009,cd5d6b1d7f0f1a90,2.770584211709588,133797.0,-0.19464977120787808,0.7973068745570517,0.19464977120787808,0.13470479757965487,False
WEN38:i1:nsga2:s60000:r0:PR0_HT1_EC1:b9f998d6cc5d,WEN38,case_study,1,60000,nsga2,p0010,5292245e1bb165b8,2.753476445119917,130581.0,-0.1825652018596884,0.7973068745570517,0.1825652018596884,0.1356719641055188,False
WEN38:i1:nsga2:s60000:r0:PR0_HT1_EC1:b9f998d6cc5d,WEN38,case_study,1,60000,nsga2,p0011,b704bae00d8af914,2.701771622925598,104731.5,-0.1805157593144031,0.7973068745570517,0.1805157593144031,0.10469643231106829,False
WEN38:i1:nsga2:s60000:r0:PR0_HT1_EC1:b9f998d6cc5d,WEN38,case_study,1,60000,nsga2,p0012,ffca51704f820b8a,2.6909026811688648,100454.0,-0.16833148353725846,0.7973068745569847,0.16833148353725846,0.11993703080538048,False
WEN38:i1:nsga2:s60000:r0:PR0_HT1_EC1:b9f998d6cc5d,WEN38,case_study,1,60000,nsga2,p0013,aee1797920e4ff3e,2.6669558894040044,121514.0,-0.15353311136004777,0.7973068745570517,0.15353311136004777,0.15301496791002261,False
WEN38:i1:nsga2:s60000:r0:PR0_HT1_EC1:b9f998d6cc5d,WEN38,case_study,1,60000,nsga2,p0014,0a8d2af1a1fb0019,2.8539686463138514,88622.0,-0.15353311136004777,0.7973068745570517,0.15353311136004777,,False
WEN38:i1:nsga2:s60000:r0:PR0_HT1_EC1:b9f998d6cc5d,WEN38,case_study,1,60000,nsga2,p0015,9b388ac05df3f319,2.770960141707414,83459.0,-0.07405908539294614,0.7973068745570102,0.07405908539294614,0.2777416910297056,False
WEN38:i1:nsga2:s60000:r0:PR0_HT1_EC1:b9f998d6cc5d,WEN38,case_study,1,60000,nsga2,p0016,ebbf16f63e800fe0,2.642210757826171,123565.0,-0.06267922982624441,0.7973068745570517,0.06267922982624441,0.1315178000991177,False
WEN38:i1:nsga2:s60000:r0:PR0_HT1_EC1:b9f998d6cc5d,WEN38,case_study,1,60000,nsga2,p0017,9b8e5b47ebe2dbf3,2.5594339242448028,125079.0,-0.06267922982624441,0.7973068745570517,0.06267922982624441,0.18131729505048738,False
WEN38:i1:nsga2:s60000:r0:PR0_HT1_EC1:b9f998d6cc5d,WEN38,case_study,1,60000,nsga2,p0018,5d15237e1aa77f92,2.7070870020914803,96094.0,-0.05998356614873046,0.7973068745570517,0.05998356614873046,0.09481133299370119,False
WEN38:i1:nsga2:s60000:r0:PR0_HT1_EC1:b9f998d6cc5d,WEN38,case_study,1,60000,nsga2,p0019,97fd843d04c5a4a0,2.684645201481664,96806.0,-0.05998356614873046,0.7973068745570517,0.05998356614873046,0.06669637641773686,False
WEN38:i1:nsga2:s60000:r0:PR0_HT1_EC1:b9f998d6cc5d,WEN38,case_study,1,60000,nsga2,p0020,586befea503409f1,2.760123585606329,95758.0,-0.05998356614873046,0.7973068745570517,0.05998356614873046,0.13203943679456095,False
WEN38:i1:nsga2:s60000:r0:PR0_HT1_EC1:b9f998d6cc5d,WEN38,case_study,1,60000,nsga2,p0021,b0d1129e2b0ccaf2,2.5992123905964517,112117.0,-0.044676409188468824,0.7973068745570517,0.044676409188468824,0.31874136970080996,False
WEN38:i1:nsga2:s60000:r0:PR0_HT1_EC1:b9f998d6cc5d,WEN38,case_study,1,60000,nsga2,p0022,1a7f27658c10fc11,2.474876709485531,136490.0,-0.044676409188468824,0.7973068745570517,0.044676409188468824,,False
WEN38:i1:nsga2:s60000:r0:PR0_HT1_EC1:b9f998d6cc5d,WEN38,case_study,1,60000,nsga2,p0023,0e764fa044faff56,2.49260244543295,101608.0,-0.0,0.7973068745570517,0.0,0.1613706215815023,False
WEN38:i1:nsga2:s60000:r0:PR0_HT1_EC1:b9f998d6cc5d,WEN38,case_study,1,60000,nsga2,p0024,e338d6821b581a22,2.497411988272612,101285.0,-0.0,0.7973068745570517,0.0,0.0874581898164021,False
WEN38:i1:nsga2:s60000:r0:PR0_HT1_EC1:b9f998d6cc5d,WEN38,case_study,1,60000,nsga2,p0025,95131642e1b621b2,2.4693919564180877,102964.0,-0.0,0.7973068745570517,0.0,0.07011031926107109,False
WEN38:i1:nsga2:s60000:r0:PR0_HT1_EC1:b9f998d6cc5d,WEN38,case_study,1,60000,nsga2,p0026,dbceb56e1d67cd67,2.463633628990012,105834.0,-0.0,0.7973068745570517,0.0,0.06981418886645349,False
WEN38:i1:nsga2:s60000:r0:PR0_HT1_EC1:b9f998d6cc5d,WEN38,case_study,1,60000,nsga2,p0027,52573b9eb4914e84,2.4595950978945553,128676.0,-0.0,0.7973068745569986,0.0,,False
WEN38:i1:nsga2:s60000:r0:PR0_HT1_EC1:b9f998d6cc5d,WEN38,case_study,1,60000,nsga2,p0028,33886f1b1aa46f1a,2.6184363452387585,93825.0,-0.0,0.7973068745569989,0.0,0.15492537471505383,False
WEN38:i1:nsga2:s60000:r0:PR0_HT1_EC1:b9f998d6cc5d,WEN38,case_study,1,60000,nsga2,p0029,4082d07f6c6aeec9,2.4609239426851235,108072.0,-0.0,0.7973068745570501,0.0,0.11403686111019787,False
WEN38:i1:nsga2:s60000:r0:PR0_HT1_EC1:b9f998d6cc5d,WEN38,case_study,1,60000,nsga2,p0030,cde2489b5d4cebd6,2.5391219926928605,93992.0,-0.0,0.7973068745570124,0.0,0.12339383006410057,False
WEN38:i1:nsga2:s60000:r0:PR0_HT1_EC1:b9f998d6cc5d,WEN38,case_study,1,60000,nsga2,p0031,327da1850d49131d,2.684967174437272,86312.0,-0.0,0.7973068745569796,0.0,0.0979788069076845,False
WEN38:i1:nsga2:s60000:r0:PR0_HT1_EC1:b9f998d6cc5d,WEN38,case_study,1,60000,nsga2,p0032,ed0c9f7b8bc2e79c,2.9615764559098183,78405.0,-0.0,0.7973068745570517,0.0,,False
WEN38:i1:nsga2:s60000:r0:PR0_HT1_EC1:b9f998d6cc5d,WEN38,case_study,1,60000,nsga2,p0033,bdae7e7613e727cb,2.8979690852508204,82071.0,-0.0,0.7973068745570517,0.0,,False
WEN38:i1:nsga2:s60000:r0:PR1_HT0_EC1:ed89f90c2cee,WEN38,case_study,1,60000,nsga2,p0001,823b3154a1b29d06,2.464202792774178,125195.66666666667,-0.45048160039550567,0.7973068745570517,0.45048160039550567,,True
WEN38:i1:nsga2:s60000:r0:PR1_HT0_EC1:ed89f90c2cee,WEN38,case_study,1,60000,nsga2,p0002,0eaffc912ec56fc0,2.7847801275321826,119200.33333333333,-0.4140845070432988,0.7973068745570517,0.4140845070432988,0.2772035306133908,False
WEN38:i1:nsga2:s60000:r0:PR1_HT0_EC1:ed89f90c2cee,WEN38,case_study,1,60000,nsga2,p0003,65f379b8eb4cbc59,2.8545001842294964,114054.0,-0.40057636887740955,0.7973068745570517,0.40057636887740955,0.1567396833527155,False
WEN38:i1:nsga2:s60000:r0:PR1_HT0_EC1:ed89f90c2cee,WEN38,case_study,1,60000,nsga2,p0004,13bd992ff5871c64,2.8679058402596476,97689.33333333333,-0.39582783205878513,0.7973068745570336,0.39582783205878513,0.6156566757938765,False
WEN38:i1:nsga2:s60000:r0:PR1_HT0_EC1:ed89f90c2cee,WEN38,case_study,1,60000,nsga2,p0005,8473f1bbc18e0689,2.769935102309254,118348.16666666667,-0.34591194968743366,0.7973068745570125,0.34591194968743366,0.528549154494584,False
WEN38:i1:nsga2:s60000:r0:PR1_HT0_EC1:ed89f90c2cee,WEN38,case_study,1,60000,nsga2,p0006,3d54557fb698b2f4,2.782859773640217,97379.50000000001,-0.3385371494669016,0.7973068745570517,0.3385371494669016,0.18422434580501013,False
WEN38:i1:nsga2:s60000:r0:PR1_HT0_EC1:ed89f90c2cee,WEN38,case_study,1,60000,nsga2,p0007,0628a31467e6cd38,2.648440651982799,118697.0,-0.2798237330835036,0.7973068745570517,0.2798237330835036,0.20000075587906763,False
WEN38:i1:nsga2:s60000:r0:PR1_HT0_EC1:ed89f90c2cee,WEN38,case_study,1,60000,nsga2,p0008,349d797b46d59b0b,2.9476079092478535,97259.16666666666,-0.2798237330835036,0.7973068745570517,0.2798237330835036,0.4359979924217662,False
WEN38:i1:nsga2:s60000:r0:PR1_HT0_EC1:ed89f90c2cee,WEN38,case_study,1,60000,nsga2,p0009,2b666c387ce97324,2.8210419139659972,92069.0,-0.1825652018596884,0.7973068745569946,0.1825652018596884,0.6006806612831361,False
WEN38:i1:nsga2:s60000:r0:PR1_HT0_EC1:ed89f90c2cee,WEN38,case_study,1,60000,nsga2,p0010,de0ab012ee68320e,2.668756300925935,97197.5,-0.15353311136004777,0.7973068745570517,0.15353311136004777,0.20431444913416774,False
WEN38:i1:nsga2:s60000:r0:PR1_HT0_EC1:ed89f90c2cee,WEN38,case_study,1,60000,nsga2,p0011,cb0bc04318b70424,2.6231326297707662,109135.66666666667,-0.15353311136004777,0.7973068745570517,0.15353311136004777,0.35669203120958537,False
WEN38:i1:nsga2:s60000:r0:PR1_HT0_EC1:ed89f90c2cee,WEN38,case_study,1,60000,nsga2,p0012,d9faa6636edc14e9,2.561442897805704,113844.16666666667,-0.15353311136004777,0.7973068745570517,0.15353311136004777,0.8529380485473008,False
WEN38:i1:nsga2:s60000:r0:PR1_HT0_EC1:ed89f90c2cee,WEN38,case_study,1,60000,nsga2,p0013,3b817475c343d06d,2.9269951386295685,90754.33333333334,-0.07405908539294614,0.7973068745570374,0.07405908539294614,0.38393640011050945,False
WEN38:i1:nsga2:s60000:r0:PR1_HT0_EC1:ed89f90c2cee,WEN38,case_study,1,60000,nsga2,p0014,256cba2aa4db3cc6,2.551497825546323,123850.83333333334,-0.07405908539294614,0.7973068745570517,0.07405908539294614,0.5455702783996809,False
WEN38:i1:nsga2:s60000:r0:PR1_HT0_EC1:ed89f90c2cee,WEN38,case_study,1,60000,nsga2,p0015,32da8282eb3267b1,2.9530404965316848,80641.33333333334,-0.04467640918755933,0.7973068745570517,0.04467640918755933,,False
WEN38:i1:nsga2:s60000:r0:PR1_HT0_EC1:ed89f90c2cee,WEN38,case_study,1,60000,nsga2,p0016,e89af2cf5c6c91b5,2.518693996515501,109555.0,-0.0026155187479162123,0.797306874557011,0.0026155187479162123,0.28136801985326915,False
WEN38:i1:nsga2:s60000:r0:PR1_HT0_EC1:ed89f90c2cee,WEN38,case_study,1,60000,nsga2,p0017,13b7061c51f42e09,2.4976886485682535,95942.66666666666,-0.0,0.7973068745570389,0.0,0.28973735214585966,False
WEN38:i1:nsga2:s60000:r0:PR1_HT0_EC1:ed89f90c2cee,WEN38,case_study,1,60000,nsga2,p0018,d8fa005ca6a58c6a,2.547448447871857,92765.33333333333,-0.0,0.7973068745570517,0.0,0.13340537415083117,False
WEN38:i1:nsga2:s60000:r0:PR1_HT0_EC1:ed89f90c2cee,WEN38,case_study,1,60000,nsga2,p0019,9578c410313c8f85,2.7062297240294635,88780.00000000001,-0.0,0.797306874557034,0.0,0.27472000552869563,False
WEN38:i1:nsga2:s60000:r0:PR1_HT0_EC1:ed89f90c2cee,WEN38,case_study,1,60000,nsga2,p0020,b24c3e68c60a5fcf,2.6416468342521444,89036.66666666667,-0.0,0.7973068745570207,0.0,0.0854010175068768,False
WEN38:i1:nsga2:s60000:r0:PR1_HT0_EC1:ed89f90c2cee,WEN38,case_study,1,60000,nsga2,p0021,eafc50026fe0c431,2.472008781887694,102286.33333333333,-0.0,0.7973068745569786,0.0,0.15628096131104272,False
WEN38:i1:nsga2:s60000:r0:PR1_HT0_EC1:ed89f90c2cee,WEN38,case_study,1,60000,nsga2,p0022,c5090d86cc5df8d7,2.944447300216542,83095.33333333334,-0.0,0.797306874557045,0.0,0.11715638195432641,False
WEN38:i1:nsga2:s60000:r0:PR1_HT0_EC1:ed89f90c2cee,WEN38,case_study,1,60000,nsga2,p0023,871da730e60c9e29,2.856743544016024,85004.66666666666,-0.0,0.7973068745570008,0.0,0.12537620397620014,False
WEN38:i1:nsga2:s60000:r0:PR1_HT0_EC1:ed89f90c2cee,WEN38,case_study,1,60000,nsga2,p0024,42a17b3e07189a3d,2.4634850634019214,108097.33333333334,-0.0,0.7973068745570517,0.0,0.11204528195255176,False
WEN38:i1:nsga2:s60000:r0:PR1_HT0_EC1:ed89f90c2cee,WEN38,case_study,1,60000,nsga2,p0025,7a1879d38309a977,2.4596409945835287,138526.33333333334,-0.0,0.7973068745570517,0.0,,False
WEN38:i1:nsga2:s60000:r0:PR1_HT0_EC1:ed89f90c2cee,WEN38,case_study,1,60000,nsga2,p0026,8514d78bc3869dbf,2.461025863688497,123929.33333333333,-0.0,0.7973068745570517,0.0,0.027665948029215258,False
WEN38:i1:nsga2:s60000:r0:PR1_HT0_EC1:ed89f90c2cee,WEN38,case_study,1,60000,nsga2,p0027,f386901bf79cba43,2.4652372501390794,102928.5,-0.0,0.7973068745570517,0.0,0.11620953220277369,False
WEN38:i1:nsga2:s60000:r0:PR1_HT0_EC1:ed89f90c2cee,WEN38,case_study,1,60000,nsga2,p0028,37f84360e1c822f9,2.461828283663606,116382.66666666667,-0.0,0.7973068745570517,0.0,,False
WEN38:i1:nsga2:s60000:r0:PR1_HT1_EC0:233634bab1fc,WEN38,case_study,1,60000,nsga2,p0001,b12291b3eff8fca1,2.6443045238338136,115276.66666666669,-0.4349222030141391,0.7973068745570517,0.4349222030141391,,True
WEN38:i1:nsga2:s60000:r0:PR1_HT1_EC0:233634bab1fc,WEN38,case_study,1,60000,nsga2,p0002,b9ceedab27d79900,2.813422170893209,100573.66666666669,-0.3947089947105269,0.7973068745570517,0.3947089947105269,,False
WEN38:i1:nsga2:s60000:r0:PR1_HT1_EC0:233634bab1fc,WEN38,case_study,1,60000,nsga2,p0003,2a6c2e9b4479abf8,2.577834698758217,148007.0,-0.3079249848779,0.79730687455697,0.3079249848779,0.6591783594551056,False
WEN38:i1:nsga2:s60000:r0:PR1_HT1_EC0:233634bab1fc,WEN38,case_study,1,60000,nsga2,p0004,d97db80c03b86b82,2.625708514521433,137953.0,-0.27640733712996735,0.7973068745570517,0.27640733712996735,0.35621599009398297,False
WEN38:i1:nsga2:s60000:r0:PR1_HT1_EC0:233634bab1fc,WEN38,case_study,1,60000,nsga2,p0005,31f1b5fa3437d22a,2.623936721466862,138323.6666666667,-0.27640733712996735,0.7973068745570517,0.27640733712996735,1.1310836768644017,False
WEN38:i1:nsga2:s60000:r0:PR1_HT1_EC0:233634bab1fc,WEN38,case_study,1,60000,nsga2,p0006,3dbdfbe22eaee946,2.567061111632916,162625.66666666666,-0.07405908539112716,0.7973068745570517,0.07405908539112716,,False
WEN38:i1:nsga2:s60000:r0:PR1_HT1_EC0:233634bab1fc,WEN38,case_study,1,60000,nsga2,p0007,68541049b5f8a9b2,2.575588914858886,157304.33333333334,-0.07405908539294614,0.7973068745570517,0.07405908539294614,0.120310952061979,False
WEN38:i1:nsga2:s60000:r0:PR1_HT1_EC0:233634bab1fc,WEN38,case_study,1,60000,nsga2,p0008,3fbe934d389c7f0d,2.5738376443132864,156988.5,-0.06267922982624441,0.7973068745570517,0.06267922982624441,0.33104484903720954,False
WEN38:i1:nsga2:s60000:r0:PR1_HT1_EC0:233634bab1fc,WEN38,case_study,1,60000,nsga2,p0009,0673595e0e591a1c,2.615424297044368,95595.66666666667,-0.0,0.7973068745570453,0.0,0.32596581970779165,False
WEN38:i1:nsga2:s60000:r0:PR1_HT1_EC0:233634bab1fc,WEN38,case_study,1,60000,nsga2,p0010,1f27e716b21bfc54,2.468174745302771,104723.66666666666,-0.0,0.7973068745570517,0.0,0.06458011009244143,False
WEN38:i1:nsga2:s60000:r0:PR1_HT1_EC0:233634bab1fc,WEN38,case_study,1,60000,nsga2,p0011,5c1d5d2bb7805c0b,2.4659920070583734,104801.66666666666,-0.0,0.7973068745570517,0.0,0.08610941999829226,False
WEN38:i1:nsga2:s60000:r0:PR1_HT1_EC0:233634bab1fc,WEN38,case_study,1,60000,nsga2,p0012,44371d7b0456c749,2.4856404557963767,104199.33333333333,-0.0,0.7973068745570517,0.0,0.6178096332827326,False
WEN38:i1:nsga2:s60000:r0:PR1_HT1_EC0:233634bab1fc,WEN38,case_study,1,60000,nsga2,p0013,1e0183d0006cdbdd,2.6513031063993626,94550.66666666667,-0.0,0.7973068745570517,0.0,,False
WEN38:i1:nsga2:s60000:r0:PR1_HT1_EC0:233634bab1fc,WEN38,case_study,1,60000,nsga2,p0014,0aafa43267a398c2,2.4636498837653784,105643.33333333333,-0.0,0.7973068745570517,0.0,0.16840294556998125,False
WEN38:i1:nsga2:s60000:r0:PR1_HT1_EC0:233634bab1fc,WEN38,case_study,1,60000,nsga2,p0015,9186667fc2356080,2.517355551473173,101013.33333333334,-0.0,0.7973068745570517,0.0,0.2758947835855614,False
WEN38:i1:nsga2:s60000:r0:PR1_HT1_EC0:233634bab1fc,WEN38,case_study,1,60000,nsga2,p0016,b91d277d8c4017fa,2.460869941929812,122940.33333333333,-0.0,0.7973068745570517,0.0,,False
WEN38:i1:nsga2:s60000:r0:PR1_HT1_EC0:233634bab1fc,WEN38,case_study,1,60000,nsga2,p0017,106af5df51248833,2.565902681169515,98028.16666666667,-0.0,0.797306874556984,0.0,0.07153338592649573,False
WEN38:i1:nsga2:s60000:r0:PR1_HT1_EC0:233634bab1fc,WEN38,case_study,1,60000,nsga2,p0018,a37353b90ee72f34,2.564130888114944,99899.5,-0.0,0.797306874556984,0.0,,False
WEN38:i1:nsga2:s60000:r0:PR1_HT1_EC1:ac79a73486e1,WEN38,case_study,1,60000,nsga2,p0001,b12291b3eff8fca1,2.6443045238338136,115276.66666666669,-0.4349222030141391,0.7973068745570517,0.4349222030141391,,True
WEN38:i1:nsga2:s60000:r0:PR1_HT1_EC1:ac79a73486e1,WEN38,case_study,1,60000,nsga2,p0002,b9ceedab27d79900,2.813422170893209,100573.66666666669,-0.3947089947105269,0.7973068745570517,0.3947089947105269,,False
WEN38:i1:nsga2:s60000:r0:PR1_HT1_EC1:ac79a73486e1,WEN38,case_study,1,60000,nsga2,p0003,2a6c2e9b4479abf8,2.577834698758217,148007.0,-0.3079249848779,0.79730687455697,0.3079249848779,0.6591783594551056,False
WEN38:i1:nsga2:s60000:r0:PR1_HT1_EC1:ac79a73486e1,WEN38,case_study,1,60000,nsga2,p0004,d97db80c03b86b82,2.625708514521433,137953.0,-0.27640733712996735,0.7973068745570517,0.27640733712996735,0.35621599009398297,False
WEN38:i1:nsga2:s60000:r0:PR1_HT1_EC1:ac79a73486e1,WEN38,case_study,1,60000,nsga2,p0005,31f1b5fa3437d22a,2.623936721466862,138323.6666666667,-0.27640733712996735,0.7973068745570517,0.27640733712996735,1.1310836768644017,False
WEN38:i1:nsga2:s60000:r0:PR1_HT1_EC1:ac79a73486e1,WEN38,case_study,1,60000,nsga2,p0006,3dbdfbe22eaee946,2.567061111632916,162625.66666666666,-0.07405908539112716,0.7973068745570517,0.07405908539112716,,False
WEN38:i1:nsga2:s60000:r0:PR1_HT1_EC1:ac79a73486e1,WEN38,case_study,1,60000,nsga2,p0007,68541049b5f8a9b2,2.575588914858886,157304.33333333334,-0.07405908539294614,0.7973068745570517,0.07405908539294614,0.120310952061979,False
WEN38:i1:nsga2:s60000:r0:PR1_HT1_EC1:ac79a73486e1,WEN38,case_study,1,60000,nsga2,p0008,3fbe934d389c7f0d,2.5738376443132864,156988.5,-0.06267922982624441,0.7973068745570517,0.06267922982624441,0.33104484903720954,False
WEN38:i1:nsga2:s60000:r0:PR1_HT1_EC1:ac79a73486e1,WEN38,case_study,1,60000,nsga2,p0009,0673595e0e591a1c,2.615424297044368,95595.66666666667,-0.0,0.7973068745570453,0.0,0.32596581970779165,False
WEN38:i1:nsga2:s60000:r0:PR1_HT1_EC1:ac79a73486e1,WEN38,case_study,1,60000,nsga2,p0010,1f27e716b21bfc54,2.468174745302771,104723.66666666666,-0.0,0.7973068745570517,0.0,0.06458011009244143,False
WEN38:i1:nsga2:s60000:r0:PR1_HT1_EC1:ac79a73486e1,WEN38,case_study,1,60000,nsga2,p0011,5c1d5d2bb7805c0b,2.4659920070583734,104801.66666666666,-0.0,0.7973068745570517,0.0,0.08610941999829226,False
WEN38:i1:nsga2:s60000:r0:PR1_HT1_EC1:ac79a73486e1,WEN38,case_study,1,60000,nsga2,p0012,44371d7b0456c749,2.4856404557963767,104199.33333333333,-0.0,0.7973068745570517,0.0,0.6178096332827326,False
WEN38:i1:nsga2:s60000:r0:PR1_HT1_EC1:ac79a73486e1,WEN38,case_study,1,60000,nsga2,p0013,1e0183d0006cdbdd,2.6513031063993626,94550.66666666667,-0.0,0.7973068745570517,0.0,,False
WEN38:i1:nsga2:s60000:r0:PR1_HT1_EC1:ac79a73486e1,WEN38,case_study,1,60000,nsga2,p0014,0aafa43267a398c2,2.4636498837653784,105643.33333333333,-0.0,0.7973068745570517,0.0,0.16840294556998125,False
WEN38:i1:nsga2:s60000:r0:PR1_HT1_EC1:ac79a73486e1,WEN38,case_study,1,60000,nsga2,p0015,9186667fc2356080,2.517355551473173,101013.33333333334,-0.0,0.7973068745570517,0.0,0.2758947835855614,False
WEN38:i1:nsga2:s60000:r0:PR1_HT1_EC1:ac79a73486e1,WEN38,case_study,1,60000,nsga2,p0016,b91d277d8c4017fa,2.460869941929812,122940.33333333333,-0.0,0.7973068745570517,0.0,,False
WEN38:i1:nsga2:s60000:r0:PR1_HT1_EC1:ac79a73486e1,WEN38,case_study,1,60000,nsga2,p0017,106af5df51248833,2.565902681169515,98028.16666666667,-0.0,0.797306874556984,0.0,0.07153338592649573,False
WEN38:i1:nsga2:s60000:r0:PR1_HT1_EC1:ac79a73486e1,WEN38,case_study,1,60000,nsga2,p0018,a37353b90ee72f34,2.564130888114944,99899.5,-0.0,0.797306874556984,0.0,,False
WEN38:i1:nsga2:s60001:r1:PR0_HT1_EC1:2aca52bb3fb1,WEN38,case_study,1,60001,nsga2,p0001,609e9c49d346fc9a,2.947280103228524,122711.0,-0.33313902652480465,0.7973068745570037,0.33313902652480465,,False
WEN38:i1:nsga2:s60001:r1:PR0_HT1_EC1:2aca52bb3fb1,WEN38,case_study,1,60001,nsga2,p0002,908884f0f4c4611e,2.954278685794751,112097.0,-0.33313902652480465,0.7973068745570037,0.33313902652480465,0.26457314266370385,False
WEN38:i1:nsga2:s60001:r1:PR0_HT1_EC1:2aca52bb3fb1,WEN38,case_study,1,60001,nsga2,p0003,2eb26b0b0d637875,3.178233327893027,108019.0,-0.33313902652480465,0.7973068745570037,0.33313902652480465,,False
WEN38:i1:nsga2:s60001:r1:PR0_HT1_EC1:2aca52bb3fb1,WEN38,case_study,1,60001,nsga2,p0004,7660a3b94feb8f4b,2.877201896163914,140733.0,-0.33313902652389515,0.7973068745570517,0.33313902652389515,0.3977563957795144,True
WEN38:i1:nsga2:s60001:r1:PR0_HT1_EC1:2aca52bb3fb1,WEN38,case_study,1,60001,nsga2,p0005,ed9abc828f4d63d7,3.029344623717413,92714.0,-0.24338624338815862,0.7973068745569926,0.24338624338815862,1.2996698363528436,False
WEN38:i1:nsga2:s60001:r1:PR0_HT1_EC1:2aca52bb3fb1,WEN38,case_study,1,60001,nsga2,p0006,55abe023552b9a31,2.876910632122958,107655.0,-0.19464977120969706,0.797306874556969,0.19464977120969706,0.18730332033691455,False
WEN38:i1:nsga2:s60001:r1:PR0_HT1_EC1:2aca52bb3fb1,WEN38,case_study,1,60001,nsga2,p0007,0b886958f0843f53,2.821417456537655,121561.0,-0.19464977120969706,0.797306874556969,0.19464977120969706,0.10509968339216544,False
WEN38:i1:nsga2:s60001:r1:PR0_HT1_EC1:2aca52bb3fb1,WEN38,case_study,1,60001,nsga2,p0008,64329bf3808db1f9,3.0272765596437656,105951.0,-0.19464977120969706,0.797306874556969,0.19464977120969706,0.04139674633277659,False
WEN38:i1:nsga2:s60001:r1:PR0_HT1_EC1:2aca52bb3fb1,WEN38,case_study,1,60001,nsga2,p0009,28f766519c97d641,2.7403701589242377,125915.0,-0.19464977120969706,0.797306874556969,0.19464977120969706,0.19646448425092944,False
WEN38:i1:nsga2:s60001:r1:PR0_HT1_EC1:2aca52bb3fb1,WEN38,case_study,1,60001,nsga2,p0010,931ff3e188f3a951,2.777808097558154,125764.5,-0.17161477190711594,0.7973068745570252,0.17161477190711594,0.167332971893089,False
WEN38:i1:nsga2:s60001:r1:PR0_HT1_EC1:2aca52bb3fb1,WEN38,case_study,1,60001,nsga2,p0011,803ffe28702ff3f8,2.793370589599132,99950.0,-0.17161477190711594,0.7973068745570252,0.17161477190711594,0.1743541236739249,False
WEN38:i1:nsga2:s60001:r1:PR0_HT1_EC1:2aca52bb3fb1,WEN38,case_study,1,60001,nsga2,p0012,43e4a44d56170112,2.694725221392572,109381.0,-0.15353311136004777,0.7973068745570517,0.15353311136004777,0.20808563085022092,False
WEN38:i1:nsga2:s60001:r1:PR0_HT1_EC1:2aca52bb3fb1,WEN38,case_study,1,60001,nsga2,p0013,0c648bf33c8b3155,3.0116068242987,76121.0,-0.15353311136004777,0.7973068745570517,0.15353311136004777,,False
WEN38:i1:nsga2:s60001:r1:PR0_HT1_EC1:2aca52bb3fb1,WEN38,case_study,1,60001,nsga2,p0014,93bba6d2dd132723,2.9527222907639876,97613.0,-0.15353311136004777,0.7973068745570517,0.15353311136004777,0.32306401611531166,False
WEN38:i1:nsga2:s60001:r1:PR0_HT1_EC1:2aca52bb3fb1,WEN38,case_study,1,60001,nsga2,p0015,59d203ae22d9b8a9,2.7820311140512324,107189.0,-0.06267922982624441,0.7973068745570517,0.06267922982624441,0.3157383522499629,False
WEN38:i1:nsga2:s60001:r1:PR0_HT1_EC1:2aca52bb3fb1,WEN38,case_study,1,60001,nsga2,p0016,cc9f1dbf4ba4a5ac,2.855249672136294,99119.0,-0.06267922982624441,0.7973068745570517,0.06267922982624441,0.11474330562363894,False
WEN38:i1:nsga2:s60001:r1:PR0_HT1_EC1:2aca52bb3fb1,WEN38,case_study,1,60001,nsga2,p0017,3d68cc4dabfd8964,2.56951103858884,139604.0,-0.05998356614873046,0.7973068745570517,0.05998356614873046,0.1746516765037672,False
WEN38:i1:nsga2:s60001:r1:PR0_HT1_EC1:2aca52bb3fb1,WEN38,case_study,1,60001,nsga2,p0018,1698ca0568eb4c75,2.9900108179065676,94438.0,-0.05998356614873046,0.7973068745569644,0.05998356614873046,0.36494445536625414,False
WEN38:i1:nsga2:s60001:r1:PR0_HT1_EC1:2aca52bb3fb1,WEN38,case_study,1,60001,nsga2,p0019,e050a2c964ac12e9,2.916863532566369,95590.0,-0.05998356614873046,0.7973068745570517,0.05998356614873046,0.2863688313167354,False
WEN38:i1:nsga2:s60001:r1:PR0_HT1_EC1:2aca52bb3fb1,WEN38,case_study,1,60001,nsga2,p0020,4a3fcea45d4325bb,2.4657917663740854,121211.0,-0.0,0.7973068745569718,0.0,0.2595415436716534,False
WEN38:i1:nsga2:s60001:r1:PR0_HT1_EC1:2aca52bb3fb1,WEN38,case_study,1,60001,nsga2,p0021,63ee2a3cdfdd2310,2.4669882226017146,115391.5,-0.0,0.7973068745569671,0.0,0.3926824753566954,False
WEN38:i1:nsga2:s60001:r1:PR0_HT1_EC1:2aca52bb3fb1,WEN38,case_study,1,60001,nsga2,p0022,299c140c6a1eb40f,2.5965841701363837,91004.0,-0.0,0.7973068745570421,0.0,0.19732121306856348,False
WEN38:i1:nsga2:s60001:r1:PR0_HT1_EC1:2aca52bb3fb1,WEN38,case_study,1,60001,nsga2,p0023,f7b58876178441e2,2.507622724363099,108518.0,-0.0,0.7973068745570011,0.0,0.08436208830802847,False
WEN38:i1:nsga2:s60001:r1:PR0_HT1_EC1:2aca52bb3fb1,WEN38,case_study,1,60001,nsga2,p0024,e9e431be2401f945,2.6622092339370074,87277.0,-0.0,0.7973068745570118,0.0,0.20311630386983692,False
WEN38:i1:nsga2:s60001:r1:PR0_HT1_EC1:2aca52bb3fb1,WEN38,case_study,1,60001,nsga2,p0025,1d8514b38703590a,2.8839491347169597,85711.0,-0.0,0.7973068745570514,0.0,0.1948033241123499,False
WEN38:i1:nsga2:s60001:r1:PR0_HT1_EC1:2aca52bb3fb1,WEN38,case_study,1,60001,nsga2,p0026,9a1006455666bf22,2.465294999098508,126675.0,-0.0,0.7973068745570517,0.0,0.07669277093397861,False
WEN38:i1:nsga2:s60001:r1:PR0_HT1_EC1:2aca52bb3fb1,WEN38,case_study,1,60001,nsga2,p0027,5ddd2979bb017870,2.46504755163671,131967.0,-0.0,0.7973068745570517,0.0,0.16303193590610865,False
WEN38:i1:nsga2:s60001:r1:PR0_HT1_EC1:2aca52bb3fb1,WEN38,case_study,1,60001,nsga2,p0028,049b406d55ba8c25,2.5152425849635565,105857.5,-0.0,0.7973068745569846,0.0,0.04953695296829594,False
WEN38:i1:nsga2:s60001:r1:PR0_HT1_EC1:2aca52bb3fb1,WEN38,case_study,1,60001,nsga2,p0029,3f13abeebc18a137,2.463312858715078,149668.5,-0.0,0.7973068745570517,0.0,0.09162470418736354,False
WEN38:i1:nsga2:s60001:r1:PR0_HT1_EC1:2aca52bb3fb1,WEN38,case_study,1,60001,nsga2,p0030,6b3bc5f1cc87e5f3,2.4616141850399993,156116.5,-0.0,0.7973068745570517,0.0,,False
WEN38:i1:nsga2:s60001:r1:PR0_HT1_EC1:2aca52bb3fb1,WEN38,case_study,1,60001,nsga2,p0031,cc92eaabbc643f5d,2.4642843213436096,149085.0,-0.0,0.7973068745570517,0.0,0.11412069133032694,False
WEN38:i1:nsga2:s60001:r1:PR0_HT1_EC1:2aca52bb3fb1,WEN38,case_study,1,60001,nsga2,p0032,33ec58edd6c31c02,2.5285826190268477,104328.0,-0.0,0.7973068745570517,0.0,0.13037650852526717,False
WEN38:i1:nsga2:s60001:r1:PR0_HT1_EC1:2aca52bb3fb1,WEN38,case_study,1,60001,nsga2,p0033,3a53d661d3bc9c8b,2.5557520568847645,95873.0,-0.0,0.7973068745570517,0.0,,False
WEN38:i1:nsga2:s60001:r1:PR1_HT0_EC1:810cc032fd7d,WEN38,case_study,1,60001,nsga2,p0001,e51cc80a803239cc,2.7652941711196948,115553.66666666667,-0.33313902652480465,0.7973068745570037,0.33313902652480465,,True
WEN38:i1:nsga2:s60001:r1:PR1_HT0_EC1:810cc032fd7d,WEN38,case_study,1,60001,nsga2,p0002,a31030aea196a05e,2.7701666020197657,114955.33333333334,-0.33313902652480465,0.7973068745570037,0.33313902652480465,0.3165230521267891,False
WEN38:i1:nsga2:s60001:r1:PR1_HT0_EC1:810cc032fd7d,WEN38,case_study,1,60001,nsga2,p0003,4dd360afbe4be619,2.803711760625413,103727.83333333334,-0.2798237330835036,0.7973068745570517,0.2798237330835036,0.366289856959042,False
WEN38:i1:nsga2:s60001:r1:PR1_HT0_EC1:810cc032fd7d,WEN38,case_study,1,60001,nsga2,p0004,34d9a5a52a11ba39,2.8041547088890555,100313.83333333334,-0.2798237330835036,0.7973068745570517,0.2798237330835036,0.6746962019786074,False
WEN38:i1:nsga2:s60001:r1:PR1_HT0_EC1:810cc032fd7d,WEN38,case_study,1,60001,nsga2,p0005,553b0dd8f6257ee6,2.767655771964921,108802.5,-0.2798237330835036,0.7973068745570517,0.2798237330835036,0.23018728743424582,False
WEN38:i1:nsga2:s60001:r1:PR1_HT0_EC1:810cc032fd7d,WEN38,case_study,1,60001,nsga2,p0006,f044d29c09e0e2ad,2.6254392271277984,119502.0,-0.24338624338815862,0.7973068745570517,0.24338624338815862,0.3686452440416984,False
WEN38:i1:nsga2:s60001:r1:PR1_HT0_EC1:810cc032fd7d,WEN38,case_study,1,60001,nsga2,p0007,d8427ff9054341a0,2.6265324551681397,110003.33333333334,-0.19464977120969706,0.797306874556969,0.19464977120969706,0.5993489697789084,False
WEN38:i1:nsga2:s60001:r1:PR1_HT0_EC1:810cc032fd7d,WEN38,case_study,1,60001,nsga2,p0008,182df6eb8553659d,2.6001544806491133,119530.66666666667,-0.15353311136004777,0.7973068745570517,0.15353311136004777,0.6904992648343766,False
WEN38:i1:nsga2:s60001:r1:PR1_HT0_EC1:810cc032fd7d,WEN38,case_study,1,60001,nsga2,p0009,ede992a0fdf97cc5,2.5261259270947436,136352.6666666667,-0.07405908539294614,0.7973068745570517,0.07405908539294614,,False
WEN38:i1:nsga2:s60001:r1:PR1_HT0_EC1:810cc032fd7d,WEN38,case_study,1,60001,nsga2,p0010,bf787f00e2b79b78,2.5795454876900177,136103.00000000003,-0.07405908539294614,0.7973068745570517,0.07405908539294614,0.5267780291932949,False
WEN38:i1:nsga2:s60001:r1:PR1_HT0_EC1:810cc032fd7d,WEN38,case_study,1,60001,nsga2,p0011,1d3ac1d263de6619,2.544591826519823,122811.0,-0.044676409188468824,0.7973068745570517,0.044676409188468824,0.4149107943304106,False
WEN38:i1:nsga2:s60001:r1:PR1_HT0_EC1:810cc032fd7d,WEN38,case_study,1,60001,nsga2,p0012,6505c58f21ce6fb8,2.4600952830944935,136438.6666666667,-0.0,0.7973068745569731,0.0,,False
WEN38:i1:nsga2:s60001:r1:PR1_HT0_EC1:810cc032fd7d,WEN38,case_study,1,60001,nsga2,p0013,9460080e97615dd4,2.4637616282346846,126944.0,-0.0,0.7973068745570517,0.0,0.08517387793825423,False
WEN38:i1:nsga2:s60001:r1:PR1_HT0_EC1:810cc032fd7d,WEN38,case_study,1,60001,nsga2,p0014,83300ca2d35a66a2,2.4615536705044176,132915.33333333334,-0.0,0.7973068745570517,0.0,0.1117154512242974,False
WEN38:i1:nsga2:s60001:r1:PR1_HT0_EC1:810cc032fd7d,WEN38,case_study,1,60001,nsga2,p0015,b2f58527be7cae56,2.46460794757422,125578.5,-0.0,0.7973068745570517,0.0,0.07747315109436037,False
WEN38:i1:nsga2:s60001:r1:PR1_HT0_EC1:810cc032fd7d,WEN38,case_study,1,60001,nsga2,p0016,8fb2b84b4f8ed2d2,3.09972011016965,80998.16666666667,-0.0,0.7973068745570235,0.0,,False
WEN38:i1:nsga2:s60001:r1:PR1_HT0_EC1:810cc032fd7d,WEN38,case_study,1,60001,nsga2,p0017,5ce73a073d953ef4,2.4656323794338073,91979.33333333334,-0.0,0.7973068745570517,0.0,0.2732197201166911,False
WEN38:i1:nsga2:s60001:r1:PR1_HT0_EC1:810cc032fd7d,WEN38,case_study,1,60001,nsga2,p0018,f90dfff3313d9bf2,2.4938038890014775,87697.0,-0.0,0.7973068745570517,0.0,0.2926478184355777,False
WEN38:i1:nsga2:s60001:r1:PR1_HT0_EC1:810cc032fd7d,WEN38,case_study,1,60001,nsga2,p0019,911ba5b2425b2ebf,2.4626149197074616,130127.83333333334,-0.0,0.7973068745570517,0.0,,False
WEN38:i1:nsga2:s60001:r1:PR1_HT1_EC0:f2ee064e9de3,WEN38,case_study,1,60001,nsga2,p0001,aacc90007cf45364,2.6287423963597236,149233.6666666667,-0.4430379746845574,0.7973068745570517,0.4430379746845574,,True
WEN38:i1:nsga2:s60001:r1:PR1_HT1_EC0:f2ee064e9de3,WEN38,case_study,1,60001,nsga2,p0002,6d58023f9c397599,2.819212883975501,136905.16666666666,-0.4140845070432988,0.7973068745570517,0.4140845070432988,0.14072345753353124,False
WEN38:i1:nsga2:s60001:r1:PR1_HT1_EC0:f2ee064e9de3,WEN38,case_study,1,60001,nsga2,p0003,2030112ba4cbed7e,2.601521554629481,125017.33333333334,-0.4019864087831593,0.7973068745570517,0.4019864087831593,0.2370492440086196,False
WEN38:i1:nsga2:s60001:r1:PR1_HT1_EC0:f2ee064e9de3,WEN38,case_study,1,60001,nsga2,p0004,497d705823d73103,2.5355181678493537,148835.6666666667,-0.35428462087384105,0.7973068745570482,0.35428462087384105,0.24438008860486743,False
WEN38:i1:nsga2:s60001:r1:PR1_HT1_EC0:f2ee064e9de3,WEN38,case_study,1,60001,nsga2,p0005,1a3d4381bc2072ec,2.5356972936172317,147531.6666666667,-0.3521242599035759,0.7973068745570517,0.3521242599035759,0.3100576342051531,False
WEN38:i1:nsga2:s60001:r1:PR1_HT1_EC0:f2ee064e9de3,WEN38,case_study,1,60001,nsga2,p0006,e66ddf489ef000ca,2.8067883978448336,103847.00000000001,-0.2847764926555101,0.7973068745570517,0.2847764926555101,0.6541493761343997,False
WEN38:i1:nsga2:s60001:r1:PR1_HT1_EC0:f2ee064e9de3,WEN38,case_study,1,60001,nsga2,p0007,f49b9520ad8e9d04,2.5875185564348566,139377.1666666667,-0.2847764926555101,0.7973068745570517,0.2847764926555101,0.13545798844675108,False
WEN38:i1:nsga2:s60001:r1:PR1_HT1_EC0:f2ee064e9de3,WEN38,case_study,1,60001,nsga2,p0008,2aa9af2c016c5edb,2.605951037265932,120912.0,-0.27640733712996735,0.7973068745570517,0.27640733712996735,0.4269030847171847,False
WEN38:i1:nsga2:s60001:r1:PR1_HT1_EC0:f2ee064e9de3,WEN38,case_study,1,60001,nsga2,p0009,e061df229fe6cf88,2.6120875416491964,107706.66666666666,-0.15353311136004777,0.7973068745570517,0.15353311136004777,0.6174686600069645,False
WEN38:i1:nsga2:s60001:r1:PR1_HT1_EC0:f2ee064e9de3,WEN38,case_study,1,60001,nsga2,p0010,e6ae7ee2b46a0c4e,2.5754352829199636,144345.6666666667,-0.06267922982624441,0.7973068745570517,0.06267922982624441,0.5602847874017749,False
WEN38:i1:nsga2:s60001:r1:PR1_HT1_EC0:f2ee064e9de3,WEN38,case_study,1,60001,nsga2,p0011,87193ecce38089c2,2.576321179447249,143616.33333333334,-0.06267922982624441,0.7973068745570517,0.06267922982624441,0.43871014536872255,False
WEN38:i1:nsga2:s60001:r1:PR1_HT1_EC0:f2ee064e9de3,WEN38,case_study,1,60001,nsga2,p0012,e17fec6192053e3d,2.46460794757422,125578.5,-0.0,0.7973068745570517,0.0,0.5210967265188093,False
WEN38:i1:nsga2:s60001:r1:PR1_HT1_EC0:f2ee064e9de3,WEN38,case_study,1,60001,nsga2,p0013,8b2ffa4dccdbdf35,2.865346158298019,81636.66666666667,-0.0,0.7973068745569747,0.0,,False
WEN38:i1:nsga2:s60001:r1:PR1_HT1_EC0:f2ee064e9de3,WEN38,case_study,1,60001,nsga2,p0014,d55ec2113cd562c9,2.8362887522026927,85992.66666666667,-0.0,0.7973068745570517,0.0,,False
WEN38:i1:nsga2:s60001:r1:PR1_HT1_EC0:f2ee064e9de3,WEN38,case_study,1,60001,nsga2,p0015,1d4d6d9f25601fe0,2.4907891065604746,97519.66666666667,-0.0,0.7973068745570075,0.0,0.27428772893149056,False
WEN38:i1:nsga2:s60001:r1:PR1_HT1_EC0:f2ee064e9de3,WEN38,case_study,1,60001,nsga2,p0016,2e5ac41dc3e2e4c8,2.4649200773085607,113927.66666666666,-0.0,0.7973068745570171,0.0,0.10702590469349157,False
WEN38:i1:nsga2:s60001:r1:PR1_HT1_EC0:f2ee064e9de3,WEN38,case_study,1,60001,nsga2,p0017,746738a84f30be00,2.4641227704337894,130911.33333333334,-0.0,0.7973068745570517,0.0,0.07163401397606389,False
WEN38:i1:nsga2:s60001:r1:PR1_HT1_EC0:f2ee064e9de3,WEN38,case_study,1,60001,nsga2,p0018,a2fca10043e88480,2.463679822170146,136278.6666666667,-0.0,0.7973068745570517,0.0,0.06898296252288169,False
WEN38:i1:nsga2:s60001:r1:PR1_HT1_EC0:f2ee064e9de3,WEN38,case_study,1,60001,nsga2,p0019,f6c98589ec07e127,2.463702607574656,131319.33333333334,-0.0,0.7973068745570517,0.0,0.0659738315069302,False
WEN38:i1:nsga2:s60001:r1:PR1_HT1_EC0:f2ee064e9de3,WEN38,case_study,1,60001,nsga2,p0020,a9ede19b7d0ed823,2.463111098473618,137647.33333333334,-0.0,0.7973068745570517,0.0,0.030377994913701113,False
WEN38:i1:nsga2:s60001:r1:PR1_HT1_EC0:f2ee064e9de3,WEN38,case_study,1,60001,nsga2,p0021,03f4e7afdac5c284,2.4648866587150406,116372.66666666666,-0.0,0.7973068745570517,0.0,0.08519483618851352,False
WEN38:i1:nsga2:s60001:r1:PR1_HT1_EC0:f2ee064e9de3,WEN38,case_study,1,60001,nsga2,p0022,5ca364720b7007ee,2.4622224676977886,155034.33333333334,-0.0,0.7973068745570517,0.0,0.184403504044395,False
WEN38:i1:nsga2:s60001:r1:PR1_HT1_EC0:f2ee064e9de3,WEN38,case_study,1,60001,nsga2,p0023,1350bc637d0ac81f,2.4658059738356037,107426.0,-0.0,0.7973068745570517,0.0,0.11074424357788999,False
WEN38:i1:nsga2:s60001:r1:PR1_HT1_EC0:f2ee064e9de3,WEN38,case_study,1,60001,nsga2,p0024,de94e6bcba7d4aff,2.4617190621606095,164368.33333333334,-0.0,0.7973068745570517,0.0,,False
WEN38:i1:nsga2:s60001:r1:PR1_HT1_EC0:f2ee064e9de3,WEN38,case_study,1,60001,nsga2,p0025,870ae6c51b8652c7,2.819511038589445,93970.0,-0.0,0.7973068745570282,0.0,0.15654284389832038,False
WEN38:i1:nsga2:s60001:r1:PR1_HT1_EC0:f2ee064e9de3,WEN38,case_study,1,60001,nsga2,p0026,6066f33572ce6fc4,2.4623110573509694,139137.83333333334,-0.0,0.7973068745569837,0.0,0.02311057405778119,False
WEN38:i1:nsga2:s60001:r1:PR1_HT1_EC0:f2ee064e9de3,WEN38,case_study,1,60001,nsga2,p0027,1e699834ec4ff0d7,2.664867774172405,95443.66666666667,-0.0,0.7973068745570435,0.0,,False
WEN38:i1:nsga2:s60001:r1:PR1_HT1_EC1:ceb9ada93d38,WEN38,case_study,1,60001,nsga2,p0001,aacc90007cf45364,2.6287423963597236,149233.6666666667,-0.4430379746845574,0.7973068745570517,0.4430379746845574,,True
WEN38:i1:nsga2:s60001:r1:PR1_HT1_EC1:ceb9ada93d38,WEN38,case_study,1,60001,nsga2,p0002,6d58023f9c397599,2.819212883975501,136905.16666666666,-0.4140845070432988,0.7973068745570517,0.4140845070432988,0.14072345753353124,False
WEN38:i1:nsga2:s60001:r1:PR1_HT1_EC1:ceb9ada93d38,WEN38,case_study,1,60001,nsga2,p0003,2030112ba4cbed7e,2.601521554629481,125017.33333333334,-0.4019864087831593,0.7973068745570517,0.4019864087831593,0.2370492440086196,False
WEN38:i1:nsga2:s60001:r1:PR1_HT1_EC1:ceb9ada93d38,WEN38,case_study,1,60001,nsga2,p0004,497d705823d73103,2.5355181678493537,148835.6666666667,-0.35428462087384105,0.7973068745570482,0.35428462087384105,0.24438008860486743,False
WEN38:i1:nsga2:s60001:r1:PR1_HT1_EC1:ceb9ada93d38,WEN38,case_study,1,60001,nsga2,p0005,1a3d4381bc2072ec,2.5356972936172317,147531.6666666667,-0.3521242599035759,0.7973068745570517,0.3521242599035759,0.3100576342051531,False
WEN38:i1:nsga2:s60001:r1:PR1_HT1_EC1:ceb9ada93d38,WEN38,case_study,1,60001,nsga2,p0006,e66ddf489ef000ca,2.8067883978448336,103847.00000000001,-0.2847764926555101,0.7973068745570517,0.2847764926555101,0.6541493761343997,False
WEN38:i1:nsga2:s60001:r1:PR1_HT1_EC1:ceb9ada93d38,WEN38,case_study,1,60001,nsga2,p0007,f49b9520ad8e9d04,2.5875185564348566,139377.1666666667,-0.2847764926555101,0.7973068745570517,0.2847764926555101,0.13545798844675108,False
WEN38:i1:nsga2:s60001:r1:PR1_HT1_EC1:ceb9ada93d38,WEN38,case_study,1,60001,nsga2,p0008,2aa9af2c016c5edb,2.605951037265932,120912.0,-0.27640733712996735,0.7973068745570517,0.27640733712996735,0.4269030847171847,False
WEN38:i1:nsga2:s60001:r1:PR1_HT1_EC1:ceb9ada93d38,WEN38,case_study,1,60001,nsga2,p0009,e061df229fe6cf88,2.6120875416491964,107706.66666666666,-0.15353311136004777,0.7973068745570517,0.15353311136004777,0.6174686600069645,False
WEN38:i1:nsga2:s60001:r1:PR1_HT1_EC1:ceb9ada93d38,WEN38,case_study,1,60001,nsga2,p0010,e6ae7ee2b46a0c4e,2.5754352829199636,144345.6666666667,-0.06267922982624441,0.7973068745570517,0.06267922982624441,0.5602847874017749,False
WEN38:i1:nsga2:s60001:r1:PR1_HT1_EC1:ceb9ada93d38,WEN38,case_study,1,60001,nsga2,p0011,87193ecce38089c2,2.576321179447249,143616.33333333334,-0.06267922982624441,0.7973068745570517,0.06267922982624441,0.43871014536872255,False
WEN38:i1:nsga2:s60001:r1:PR1_HT1_EC1:ceb9ada93d38,WEN38,case_study,1,60001,nsga2,p0012,e17fec6192053e3d,2.46460794757422,125578.5,-0.0,0.7973068745570517,0.0,0.5210967265188093,False
WEN38:i1:nsga2:s60001:r1:PR1_HT1_EC1:ceb9ada93d38,WEN38,case_study,1,60001,nsga2,p0013,8b2ffa4dccdbdf35,2.865346158298019,81636.66666666667,-0.0,0.7973068745569747,0.0,,False
WEN38:i1:nsga2:s60001:r1:PR1_HT1_EC1:ceb9ada93d38,WEN38,case_study,1,60001,nsga2,p0014,d55ec2113cd562c9,2.8362887522026927,85992.66666666667,-0.0,0.7973068745570517,0.0,,False
WEN38:i1:nsga2:s60001:r1:PR1_HT1_EC1:ceb9ada93d38,WEN38,case_study,1,60001,nsga2,p0015,1d4d6d9f25601fe0,2.4907891065604746,97519.66666666667,-0.0,0.7973068745570075,0.0,0.27428772893149056,False
WEN38:i1:nsga2:s60001:r1:PR1_HT1_EC1:ceb9ada93d38,WEN38,case_study,1,60001,nsga2,p0016,2e5ac41dc3e2e4c8,2.4649200773085607,113927.66666666666,-0.0,0.7973068745570171,0.0,0.10702590469349157,False
WEN38:i1:nsga2:s60001:r1:PR1_HT1_EC1:ceb9ada93d38,WEN38,case_study,1,60001,nsga2,p0017,746738a84f30be00,2.4641227704337894,130911.33333333334,-0.0,0.7973068745570517,0.0,0.07163401397606389,False
WEN38:i1:nsga2:s60001:r1:PR1_HT1_EC1:ceb9ada93d38,WEN38,case_study,1,60001,nsga2,p0018,a2fca10043e88480,2.463679822170146,136278.6666666667,-0.0,0.7973068745570517,0.0,0.06898296252288169,False
WEN38:i1:nsga2:s60001:r1:PR1_HT1_EC1:ceb9ada93d38,WEN38,case_study,1,60001,nsga2,p0019,f6c98589ec07e127,2.463702607574656,131319.33333333334,-0.0,0.7973068745570517,0.0,0.0659738315069302,False
WEN38:i1:nsga2:s60001:r1:PR1_HT1_EC1:ceb9ada93d38,WEN38,case_study,1,60001,nsga2,p0020,a9ede19b7d0ed823,2.463111098473618,137647.33333333334,-0.0,0.7973068745570517,0.0,0.030377994913701113,False
WEN38:i1:nsga2:s60001:r1:PR1_HT1_EC1:ceb9ada93d38,WEN38,case_study,1,60001,nsga2,p0021,03f4e7afdac5c284,2.4648866587150406,116372.66666666666,-0.0,0.7973068745570517,0.0,0.08519483618851352,False
WEN38:i1:nsga2:s60001:r1:PR1_HT1_EC1:ceb9ada93d38,WEN38,case_study,1,60001,nsga2,p0022,5ca364720b7007ee,2.4622224676977886,155034.33333333334,-0.0,0.7973068745570517,0.0,0.184403504044395,False
WEN38:i1:nsga2:s60001:r1:PR1_HT1_EC1:ceb9ada93d38,WEN38,case_study,1,60001,nsga2,p0023,1350bc637d0ac81f,2.4658059738356037,107426.0,-0.0,0.7973068745570517,0.0,0.11074424357788999,False
WEN38:i1:nsga2:s60001:r1:PR1_HT1_EC1:ceb9ada93d38,WEN38,case_study,1,60001,nsga2,p0024,de94e6bcba7d4aff,2.4617190621606095,164368.33333333334,-0.0,0.7973068745570517,0.0,,False
WEN38:i1:nsga2:s60001:r1:PR1_HT1_EC1:ceb9ada93d38,WEN38,case_study,1,60001,nsga2,p0025,870ae6c51b8652c7,2.819511038589445,93970.0,-0.0,0.7973068745570282,0.0,0.15654284389832038,False
WEN38:i1:nsga2:s60001:r1:PR1_HT1_EC1:ceb9ada93d38,WEN38,case_study,1,60001,nsga2,p0026,6066f33572ce6fc4,2.4623110573509694,139137.83333333334,-0.0,0.7973068745569837,0.0,0.02311057405778119,False
WEN38:i1:nsga2:s60001:r1:PR1_HT1_EC1:ceb9ada93d38,WEN38,case_study,1,60001,nsga2,p0027,1e699834ec4ff0d7,2.664867774172405,95443.66666666667,-0.0,0.7973068745570435,0.0,,False
