case_id,scenario_family,zone,instance_seed,solver_seed,solver_repeat,model_id,model,run_key,physical_instance_hash,solution_id,decision_hash,is_representative,execution_minus_planning_F1,execution_minus_planning_F2,execution_minus_planning_F3,changed_F1,changed_F2,changed_F3
WEN38,benchmark,original,1,60000,0,PR0_HT1_EC1,No-PR,WEN38:i1:nsga2:s60000:r0:PR0_HT1_EC1:b9f998d6cc5d,cf9bc95d906238978e0c5ab26a1947d4104e026d3bac972323bf05453ec86ca7,p0001,741f40313babe82b,True,-0.2496456413888719,60854.83333333334,0.2654444483223415,True,True,True
WEN38,benchmark,original,1,60000,0,PR0_HT1_EC1,No-PR,WEN38:i1:nsga2:s60000:r0:PR0_HT1_EC1:b9f998d6cc5d,cf9bc95d906238978e0c5ab26a1947d4104e026d3bac972323bf05453ec86ca7,p0002,ad88ad06695e5816,False,-0.11843185099027842,1363.6666666666715,0.322087655174073,True,True,True
WEN38,benchmark,original,1,60000,0,PR0_HT1_EC1,No-PR,WEN38:i1:nsga2:s60000:r0:PR0_HT1_EC1:b9f998d6cc5d,cf9bc95d906238978e0c5ab26a1947d4104e026d3bac972323bf05453ec86ca7,p0003,17349585d354d0e6,False,-0.16645995747720077,9305.333333333328,0.2798237330835036,True,True,True
WEN38,benchmark,original,1,60000,0,PR0_HT1_EC1,No-PR,WEN38:i1:nsga2:s60000:r0:PR0_HT1_EC1:b9f998d6cc5d,cf9bc95d906238978e0c5ab26a1947d4104e026d3bac972323bf05453ec86ca7,p0004,6ca2be21ec93867a,False,-0.3012055810781469,52426.5,0.21532645020215568,True,True,True
WEN38,benchmark,original,1,60000,0,PR0_HT1_EC1,No-PR,WEN38:i1:nsga2:s60000:r0:PR0_HT1_EC1:b9f998d6cc5d,cf9bc95d906238978e0c5ab26a1947d4104e026d3bac972323bf05453ec86ca7,p0005,d395df58948ad092,False,-0.07840789296661788,16723.166666666686,0.2780056800274906,True,True,True
WEN38,benchmark,original,1,60000,0,PR0_HT1_EC1,No-PR,WEN38:i1:nsga2:s60000:r0:PR0_HT1_EC1:b9f998d6cc5d,cf9bc95d906238978e0c5ab26a1947d4104e026d3bac972323bf05453ec86ca7,p0006,0ab462427e134102,False,-0.20694542877353417,10641.666666666672,0.21642377098123688,True,True,True
WEN38,benchmark,original,1,60000,0,PR0_HT1_EC1,No-PR,WEN38:i1:nsga2:s60000:r0:PR0_HT1_EC1:b9f998d6cc5d,cf9bc95d906238978e0c5ab26a1947d4104e026d3bac972323bf05453ec86ca7,p0007,b47d7fd61598c3a5,False,-0.30173635719371195,66262.16666666669,0.17847276694465108,True,True,True
WEN38,benchmark,original,1,60000,0,PR0_HT1_EC1,No-PR,WEN38:i1:nsga2:s60000:r0:PR0_HT1_EC1:b9f998d6cc5d,cf9bc95d906238978e0c5ab26a1947d4104e026d3bac972323bf05453ec86ca7,p0008,6e5971497379b107,False,-0.1262402551370836,17980.666666666686,0.19464977120787808,True,True,True
WEN38,benchmark,original,1,60000,0,PR0_HT1_EC1,No-PR,WEN38:i1:nsga2:s60000:r0:PR0_HT1_EC1:b9f998d6cc5d,cf9bc95d906238978e0c5ab26a1947d4104e026d3bac972323bf05453ec86ca7,p0009,cd5d6b1d7f0f1a90,False,-0.1262402551370836,19691.0,0.19464977120787808,True,True,True
WEN38,benchmark,original,1,60000,0,PR0_HT1_EC1,No-PR,WEN38:i1:nsga2:s60000:r0:PR0_HT1_EC1:b9f998d6cc5d,cf9bc95d906238978e0c5ab26a1947d4104e026d3bac972323bf05453ec86ca7,p0010,5292245e1bb165b8,False,-0.07550412329644418,10121.0,0.10850611646765174,True,True,True
WEN38,benchmark,original,1,60000,0,PR0_HT1_EC1,No-PR,WEN38:i1:nsga2:s60000:r0:PR0_HT1_EC1:b9f998d6cc5d,cf9bc95d906238978e0c5ab26a1947d4104e026d3bac972323bf05453ec86ca7,p0011,b704bae00d8af914,False,-0.16299612327331747,83986.33333333334,0.10645667392145697,True,True,True
WEN38,benchmark,original,1,60000,0,PR0_HT1_EC1,No-PR,WEN38:i1:nsga2:s60000:r0:PR0_HT1_EC1:b9f998d6cc5d,cf9bc95d906238978e0c5ab26a1947d4104e026d3bac972323bf05453ec86ca7,p0012,ffca51704f820b8a,False,-0.050761871013097704,30143.666666666686,0.16833148353725846,True,True,True
WEN38,benchmark,original,1,60000,0,PR0_HT1_EC1,No-PR,WEN38:i1:nsga2:s60000:r0:PR0_HT1_EC1:b9f998d6cc5d,cf9bc95d906238978e0c5ab26a1947d4104e026d3bac972323bf05453ec86ca7,p0013,aee1797920e4ff3e,False,-0.035312850819229524,15274.333333333314,0.15353311136004777,True,True,True
WEN38,benchmark,original,1,60000,0,PR0_HT1_EC1,No-PR,WEN38:i1:nsga2:s60000:r0:PR0_HT1_EC1:b9f998d6cc5d,cf9bc95d906238978e0c5ab26a1947d4104e026d3bac972323bf05453ec86ca7,p0014,0a8d2af1a1fb0019,False,-0.1668143160884128,72409.33333333331,-0.08972811992316565,True,True,True
WEN38,benchmark,original,1,60000,0,PR0_HT1_EC1,No-PR,WEN38:i1:nsga2:s60000:r0:PR0_HT1_EC1:b9f998d6cc5d,cf9bc95d906238978e0c5ab26a1947d4104e026d3bac972323bf05453ec86ca7,p0015,9b388ac05df3f319,False,-0.1615088278011383,29879.66666666667,0.07405908539294614,True,True,True
WEN38,benchmark,original,1,60000,0,PR0_HT1_EC1,No-PR,WEN38:i1:nsga2:s60000:r0:PR0_HT1_EC1:b9f998d6cc5d,cf9bc95d906238978e0c5ab26a1947d4104e026d3bac972323bf05453ec86ca7,p0016,ebbf16f63e800fe0,False,-0.06553175634916819,6243.333333333343,0.06267922982624441,True,True,True
WEN38,benchmark,original,1,60000,0,PR0_HT1_EC1,No-PR,WEN38:i1:nsga2:s60000:r0:PR0_HT1_EC1:b9f998d6cc5d,cf9bc95d906238978e0c5ab26a1947d4104e026d3bac972323bf05453ec86ca7,p0017,9b8e5b47ebe2dbf3,False,-0.07952229313768155,2311.3333333333285,0.06267922982624441,True,True,True
WEN38,benchmark,original,1,60000,0,PR0_HT1_EC1,No-PR,WEN38:i1:nsga2:s60000:r0:PR0_HT1_EC1:b9f998d6cc5d,cf9bc95d906238978e0c5ab26a1947d4104e026d3bac972323bf05453ec86ca7,p0018,5d15237e1aa77f92,False,-0.14071046935341247,73715.66666666669,0.0,True,True,False
WEN38,benchmark,original,1,60000,0,PR0_HT1_EC1,No-PR,WEN38:i1:nsga2:s60000:r0:PR0_HT1_EC1:b9f998d6cc5d,cf9bc95d906238978e0c5ab26a1947d4104e026d3bac972323bf05453ec86ca7,p0019,97fd843d04c5a4a0,False,-0.08770375620119619,6947.0,0.0,True,True,False
WEN38,benchmark,original,1,60000,0,PR0_HT1_EC1,No-PR,WEN38:i1:nsga2:s60000:r0:PR0_HT1_EC1:b9f998d6cc5d,cf9bc95d906238978e0c5ab26a1947d4104e026d3bac972323bf05453ec86ca7,p0020,586befea503409f1,False,-0.18295072972852777,67877.0,1.8189894035458565e-12,True,True,False
WEN38,benchmark,original,1,60000,0,PR0_HT1_EC1,No-PR,WEN38:i1:nsga2:s60000:r0:PR0_HT1_EC1:b9f998d6cc5d,cf9bc95d906238978e0c5ab26a1947d4104e026d3bac972323bf05453ec86ca7,p0021,b0d1129e2b0ccaf2,False,-0.05203969907555894,19298.0,1.8189894035458565e-12,True,True,False
WEN38,benchmark,original,1,60000,0,PR0_HT1_EC1,No-PR,WEN38:i1:nsga2:s60000:r0:PR0_HT1_EC1:b9f998d6cc5d,cf9bc95d906238978e0c5ab26a1947d4104e026d3bac972323bf05453ec86ca7,p0022,1a7f27658c10fc11,False,-0.007719237262884704,1841.333333333343,0.044676409188468824,True,True,True
WEN38,benchmark,original,1,60000,0,PR0_HT1_EC1,No-PR,WEN38:i1:nsga2:s60000:r0:PR0_HT1_EC1:b9f998d6cc5d,cf9bc95d906238978e0c5ab26a1947d4104e026d3bac972323bf05453ec86ca7,p0023,0e764fa044faff56,False,-0.02840570579420021,34989.666666666686,0.0,True,True,False
WEN38,benchmark,original,1,60000,0,PR0_HT1_EC1,No-PR,WEN38:i1:nsga2:s60000:r0:PR0_HT1_EC1:b9f998d6cc5d,cf9bc95d906238978e0c5ab26a1947d4104e026d3bac972323bf05453ec86ca7,p0024,e338d6821b581a22,False,-0.03089452452608299,20655.333333333343,0.0,True,True,False
WEN38,benchmark,original,1,60000,0,PR0_HT1_EC1,No-PR,WEN38:i1:nsga2:s60000:r0:PR0_HT1_EC1:b9f998d6cc5d,cf9bc95d906238978e0c5ab26a1947d4104e026d3bac972323bf05453ec86ca7,p0025,95131642e1b621b2,False,-0.0047031359115621285,19898.666666666686,0.0,True,True,False
WEN38,benchmark,original,1,60000,0,PR0_HT1_EC1,No-PR,WEN38:i1:nsga2:s60000:r0:PR0_HT1_EC1:b9f998d6cc5d,cf9bc95d906238978e0c5ab26a1947d4104e026d3bac972323bf05453ec86ca7,p0026,dbceb56e1d67cd67,False,0.001055191516513787,18955.000000000015,0.0,True,True,False
WEN38,benchmark,original,1,60000,0,PR0_HT1_EC1,No-PR,WEN38:i1:nsga2:s60000:r0:PR0_HT1_EC1:b9f998d6cc5d,cf9bc95d906238978e0c5ab26a1947d4104e026d3bac972323bf05453ec86ca7,p0027,52573b9eb4914e84,False,0.001274204671281698,338.0,0.0,True,True,False
WEN38,benchmark,original,1,60000,0,PR0_HT1_EC1,No-PR,WEN38:i1:nsga2:s60000:r0:PR0_HT1_EC1:b9f998d6cc5d,cf9bc95d906238978e0c5ab26a1947d4104e026d3bac972323bf05453ec86ca7,p0028,33886f1b1aa46f1a,False,-0.11869640754825994,56176.33333333337,0.0,True,True,False
WEN38,benchmark,original,1,60000,0,PR0_HT1_EC1,No-PR,WEN38:i1:nsga2:s60000:r0:PR0_HT1_EC1:b9f998d6cc5d,cf9bc95d906238978e0c5ab26a1947d4104e026d3bac972323bf05453ec86ca7,p0029,4082d07f6c6aeec9,False,0.003177211477715769,5889.3333333333285,0.0,True,True,False
WEN38,benchmark,original,1,60000,0,PR0_HT1_EC1,No-PR,WEN38:i1:nsga2:s60000:r0:PR0_HT1_EC1:b9f998d6cc5d,cf9bc95d906238978e0c5ab26a1947d4104e026d3bac972323bf05453ec86ca7,p0030,cde2489b5d4cebd6,False,-0.0665436121357188,43316.16666666666,0.0,True,True,False
WEN38,benchmark,original,1,60000,0,PR0_HT1_EC1,No-PR,WEN38:i1:nsga2:s60000:r0:PR0_HT1_EC1:b9f998d6cc5d,cf9bc95d906238978e0c5ab26a1947d4104e026d3bac972323bf05453ec86ca7,p0031,327da1850d49131d,False,-0.13389977236598583,41630.33333333334,0.0,True,True,False
WEN38,benchmark,original,1,60000,0,PR0_HT1_EC1,No-PR,WEN38:i1:nsga2:s60000:r0:PR0_HT1_EC1:b9f998d6cc5d,cf9bc95d906238978e0c5ab26a1947d4104e026d3bac972323bf05453ec86ca7,p0032,ed0c9f7b8bc2e79c,False,-0.311809373849639,74809.83333333334,0.0,True,True,False
WEN38,benchmark,original,1,60000,0,PR0_HT1_EC1,No-PR,WEN38:i1:nsga2:s60000:r0:PR0_HT1_EC1:b9f998d6cc5d,cf9bc95d906238978e0c5ab26a1947d4104e026d3bac972323bf05453ec86ca7,p0033,bdae7e7613e727cb,False,-0.29310487428556353,86022.33333333334,0.0,True,True,False
WEN38,benchmark,original,1,60000,0,PR1_HT0_EC1,No-HT,WEN38:i1:nsga2:s60000:r0:PR1_HT0_EC1:ed89f90c2cee,cf9bc95d906238978e0c5ab26a1947d4104e026d3bac972323bf05453ec86ca7,p0001,823b3154a1b29d06,True,-0.0017717930545710914,18724.66666666667,0.0049394912321076845,True,True,True
WEN38,benchmark,original,1,60000,0,PR1_HT0_EC1,No-HT,WEN38:i1:nsga2:s60000:r0:PR1_HT0_EC1:ed89f90c2cee,cf9bc95d906238978e0c5ab26a1947d4104e026d3bac972323bf05453ec86ca7,p0002,0eaffc912ec56fc0,False,0.0,29596.000000000015,0.38638367601836804,False,True,True
WEN38,benchmark,original,1,60000,0,PR1_HT0_EC1,No-HT,WEN38:i1:nsga2:s60000:r0:PR1_HT0_EC1:ed89f90c2cee,cf9bc95d906238978e0c5ab26a1947d4104e026d3bac972323bf05453ec86ca7,p0003,65f379b8eb4cbc59,False,0.0,11974.666666666672,0.0,False,True,False
WEN38,benchmark,original,1,60000,0,PR1_HT0_EC1,No-HT,WEN38:i1:nsga2:s60000:r0:PR1_HT0_EC1:ed89f90c2cee,cf9bc95d906238978e0c5ab26a1947d4104e026d3bac972323bf05453ec86ca7,p0004,13bd992ff5871c64,False,0.0,32104.66666666667,0.0,False,True,False
WEN38,benchmark,original,1,60000,0,PR1_HT0_EC1,No-HT,WEN38:i1:nsga2:s60000:r0:PR1_HT0_EC1:ed89f90c2cee,cf9bc95d906238978e0c5ab26a1947d4104e026d3bac972323bf05453ec86ca7,p0005,8473f1bbc18e0689,False,0.0,2535.3333333333285,0.0,False,True,False
WEN38,benchmark,original,1,60000,0,PR1_HT0_EC1,No-HT,WEN38:i1:nsga2:s60000:r0:PR1_HT0_EC1:ed89f90c2cee,cf9bc95d906238978e0c5ab26a1947d4104e026d3bac972323bf05453ec86ca7,p0006,3d54557fb698b2f4,False,0.0,1167.3333333333285,0.0,False,True,False
WEN38,benchmark,original,1,60000,0,PR1_HT0_EC1,No-HT,WEN38:i1:nsga2:s60000:r0:PR1_HT0_EC1:ed89f90c2cee,cf9bc95d906238978e0c5ab26a1947d4104e026d3bac972323bf05453ec86ca7,p0007,0628a31467e6cd38,False,0.0,3787.333333333343,0.0,False,True,False
WEN38,benchmark,original,1,60000,0,PR1_HT0_EC1,No-HT,WEN38:i1:nsga2:s60000:r0:PR1_HT0_EC1:ed89f90c2cee,cf9bc95d906238978e0c5ab26a1947d4104e026d3bac972323bf05453ec86ca7,p0008,349d797b46d59b0b,False,0.0,1657.333333333343,0.0,False,True,False
WEN38,benchmark,original,1,60000,0,PR1_HT0_EC1,No-HT,WEN38:i1:nsga2:s60000:r0:PR1_HT0_EC1:ed89f90c2cee,cf9bc95d906238978e0c5ab26a1947d4104e026d3bac972323bf05453ec86ca7,p0009,2b666c387ce97324,False,0.0,1436.6666666666715,0.0,False,True,False
WEN38,benchmark,original,1,60000,0,PR1_HT0_EC1,No-HT,WEN38:i1:nsga2:s60000:r0:PR1_HT0_EC1:ed89f90c2cee,cf9bc95d906238978e0c5ab26a1947d4104e026d3bac972323bf05453ec86ca7,p0010,de0ab012ee68320e,False,0.0,1090.6666666666715,0.0,False,True,False
WEN38,benchmark,original,1,60000,0,PR1_HT0_EC1,No-HT,WEN38:i1:nsga2:s60000:r0:PR1_HT0_EC1:ed89f90c2cee,cf9bc95d906238978e0c5ab26a1947d4104e026d3bac972323bf05453ec86ca7,p0011,cb0bc04318b70424,False,0.0,16473.66666666667,0.0,False,True,False
WEN38,benchmark,original,1,60000,0,PR1_HT0_EC1,No-HT,WEN38:i1:nsga2:s60000:r0:PR1_HT0_EC1:ed89f90c2cee,cf9bc95d906238978e0c5ab26a1947d4104e026d3bac972323bf05453ec86ca7,p0012,d9faa6636edc14e9,False,0.0,1410.0,0.0,False,True,False
WEN38,benchmark,original,1,60000,0,PR1_HT0_EC1,No-HT,WEN38:i1:nsga2:s60000:r0:PR1_HT0_EC1:ed89f90c2cee,cf9bc95d906238978e0c5ab26a1947d4104e026d3bac972323bf05453ec86ca7,p0013,3b817475c343d06d,False,0.0,2629.3333333333285,0.0,False,True,False
WEN38,benchmark,original,1,60000,0,PR1_HT0_EC1,No-HT,WEN38:i1:nsga2:s60000:r0:PR1_HT0_EC1:ed89f90c2cee,cf9bc95d906238978e0c5ab26a1947d4104e026d3bac972323bf05453ec86ca7,p0014,256cba2aa4db3cc6,False,-0.0017717930545710914,5050.6666666666715,0.0,True,True,False
WEN38,benchmark,original,1,60000,0,PR1_HT0_EC1,No-HT,WEN38:i1:nsga2:s60000:r0:PR1_HT0_EC1:ed89f90c2cee,cf9bc95d906238978e0c5ab26a1947d4104e026d3bac972323bf05453ec86ca7,p0015,32da8282eb3267b1,False,0.0,1828.0,0.0,False,True,False
WEN38,benchmark,original,1,60000,0,PR1_HT0_EC1,No-HT,WEN38:i1:nsga2:s60000:r0:PR1_HT0_EC1:ed89f90c2cee,cf9bc95d906238978e0c5ab26a1947d4104e026d3bac972323bf05453ec86ca7,p0016,e89af2cf5c6c91b5,False,0.0,-1849.3333333333285,0.0,False,True,False
WEN38,benchmark,original,1,60000,0,PR1_HT0_EC1,No-HT,WEN38:i1:nsga2:s60000:r0:PR1_HT0_EC1:ed89f90c2cee,cf9bc95d906238978e0c5ab26a1947d4104e026d3bac972323bf05453ec86ca7,p0017,13b7061c51f42e09,False,0.0,-1821.9999999999854,0.0,False,True,False
WEN38,benchmark,original,1,60000,0,PR1_HT0_EC1,No-HT,WEN38:i1:nsga2:s60000:r0:PR1_HT0_EC1:ed89f90c2cee,cf9bc95d906238978e0c5ab26a1947d4104e026d3bac972323bf05453ec86ca7,p0018,d8fa005ca6a58c6a,False,0.0,2488.0000000000146,0.0,False,True,False
WEN38,benchmark,original,1,60000,0,PR1_HT0_EC1,No-HT,WEN38:i1:nsga2:s60000:r0:PR1_HT0_EC1:ed89f90c2cee,cf9bc95d906238978e0c5ab26a1947d4104e026d3bac972323bf05453ec86ca7,p0019,9578c410313c8f85,False,0.0,27040.33333333333,0.0,False,True,False
WEN38,benchmark,original,1,60000,0,PR1_HT0_EC1,No-HT,WEN38:i1:nsga2:s60000:r0:PR1_HT0_EC1:ed89f90c2cee,cf9bc95d906238978e0c5ab26a1947d4104e026d3bac972323bf05453ec86ca7,p0020,b24c3e68c60a5fcf,False,0.028171509567463282,32574.66666666667,0.0,True,True,False
WEN38,benchmark,original,1,60000,0,PR1_HT0_EC1,No-HT,WEN38:i1:nsga2:s60000:r0:PR1_HT0_EC1:ed89f90c2cee,cf9bc95d906238978e0c5ab26a1947d4104e026d3bac972323bf05453ec86ca7,p0021,eafc50026fe0c431,False,0.0008858965272855457,-1644.666666666657,0.0,True,True,False
WEN38,benchmark,original,1,60000,0,PR1_HT0_EC1,No-HT,WEN38:i1:nsga2:s60000:r0:PR1_HT0_EC1:ed89f90c2cee,cf9bc95d906238978e0c5ab26a1947d4104e026d3bac972323bf05453ec86ca7,p0022,c5090d86cc5df8d7,False,0.0,3650.0,0.0,False,True,False
WEN38,benchmark,original,1,60000,0,PR1_HT0_EC1,No-HT,WEN38:i1:nsga2:s60000:r0:PR1_HT0_EC1:ed89f90c2cee,cf9bc95d906238978e0c5ab26a1947d4104e026d3bac972323bf05453ec86ca7,p0023,871da730e60c9e29,False,0.0,20030.000000000015,0.0,False,True,False
WEN38,benchmark,original,1,60000,0,PR1_HT0_EC1,No-HT,WEN38:i1:nsga2:s60000:r0:PR1_HT0_EC1:ed89f90c2cee,cf9bc95d906238978e0c5ab26a1947d4104e026d3bac972323bf05453ec86ca7,p0024,42a17b3e07189a3d,False,0.0008858965272855457,624.0,0.0,True,True,False
WEN38,benchmark,original,1,60000,0,PR1_HT0_EC1,No-HT,WEN38:i1:nsga2:s60000:r0:PR1_HT0_EC1:ed89f90c2cee,cf9bc95d906238978e0c5ab26a1947d4104e026d3bac972323bf05453ec86ca7,p0025,7a1879d38309a977,False,0.0016539561898358812,-4495.333333333343,0.0,True,True,False
WEN38,benchmark,original,1,60000,0,PR1_HT0_EC1,No-HT,WEN38:i1:nsga2:s60000:r0:PR1_HT0_EC1:ed89f90c2cee,cf9bc95d906238978e0c5ab26a1947d4104e026d3bac972323bf05453ec86ca7,p0026,8514d78bc3869dbf,False,0.0,-328.66666666665697,0.0,False,True,False
WEN38,benchmark,original,1,60000,0,PR1_HT0_EC1,No-HT,WEN38:i1:nsga2:s60000:r0:PR1_HT0_EC1:ed89f90c2cee,cf9bc95d906238978e0c5ab26a1947d4104e026d3bac972323bf05453ec86ca7,p0027,f386901bf79cba43,False,0.0,0.0,0.0,False,False,False
WEN38,benchmark,original,1,60000,0,PR1_HT0_EC1,No-HT,WEN38:i1:nsga2:s60000:r0:PR1_HT0_EC1:ed89f90c2cee,cf9bc95d906238978e0c5ab26a1947d4104e026d3bac972323bf05453ec86ca7,p0028,37f84360e1c822f9,False,0.0,14849.000000000015,0.0,False,True,False
WEN38,benchmark,original,1,60000,0,PR1_HT1_EC0,No-EC,WEN38:i1:nsga2:s60000:r0:PR1_HT1_EC0:233634bab1fc,cf9bc95d906238978e0c5ab26a1947d4104e026d3bac972323bf05453ec86ca7,p0001,b12291b3eff8fca1,True,0.0,0.0,0.0,False,False,False
WEN38,benchmark,original,1,60000,0,PR1_HT1_EC0,No-EC,WEN38:i1:nsga2:s60000:r0:PR1_HT1_EC0:233634bab1fc,cf9bc95d906238978e0c5ab26a1947d4104e026d3bac972323bf05453ec86ca7,p0002,b9ceedab27d79900,False,0.0,0.0,0.0,False,False,False
WEN38,benchmark,original,1,60000,0,PR1_HT1_EC0,No-EC,WEN38:i1:nsga2:s60000:r0:PR1_HT1_EC0:233634bab1fc,cf9bc95d906238978e0c5ab26a1947d4104e026d3bac972323bf05453ec86ca7,p0003,2a6c2e9b4479abf8,False,0.0,0.0,0.0,False,False,False
WEN38,benchmark,original,1,60000,0,PR1_HT1_EC0,No-EC,WEN38:i1:nsga2:s60000:r0:PR1_HT1_EC0:233634bab1fc,cf9bc95d906238978e0c5ab26a1947d4104e026d3bac972323bf05453ec86ca7,p0004,d97db80c03b86b82,False,0.0,0.0,0.0,False,False,False
WEN38,benchmark,original,1,60000,0,PR1_HT1_EC0,No-EC,WEN38:i1:nsga2:s60000:r0:PR1_HT1_EC0:233634bab1fc,cf9bc95d906238978e0c5ab26a1947d4104e026d3bac972323bf05453ec86ca7,p0005,31f1b5fa3437d22a,False,0.0,0.0,0.0,False,False,False
WEN38,benchmark,original,1,60000,0,PR1_HT1_EC0,No-EC,WEN38:i1:nsga2:s60000:r0:PR1_HT1_EC0:233634bab1fc,cf9bc95d906238978e0c5ab26a1947d4104e026d3bac972323bf05453ec86ca7,p0006,3dbdfbe22eaee946,False,0.0,0.0,0.0,False,False,False
WEN38,benchmark,original,1,60000,0,PR1_HT1_EC0,No-EC,WEN38:i1:nsga2:s60000:r0:PR1_HT1_EC0:233634bab1fc,cf9bc95d906238978e0c5ab26a1947d4104e026d3bac972323bf05453ec86ca7,p0007,68541049b5f8a9b2,False,0.0,0.0,0.0,False,False,False
WEN38,benchmark,original,1,60000,0,PR1_HT1_EC0,No-EC,WEN38:i1:nsga2:s60000:r0:PR1_HT1_EC0:233634bab1fc,cf9bc95d906238978e0c5ab26a1947d4104e026d3bac972323bf05453ec86ca7,p0008,3fbe934d389c7f0d,False,0.0,0.0,0.0,False,False,False
WEN38,benchmark,original,1,60000,0,PR1_HT1_EC0,No-EC,WEN38:i1:nsga2:s60000:r0:PR1_HT1_EC0:233634bab1fc,cf9bc95d906238978e0c5ab26a1947d4104e026d3bac972323bf05453ec86ca7,p0009,0673595e0e591a1c,False,0.0,0.0,0.0,False,False,False
WEN38,benchmark,original,1,60000,0,PR1_HT1_EC0,No-EC,WEN38:i1:nsga2:s60000:r0:PR1_HT1_EC0:233634bab1fc,cf9bc95d906238978e0c5ab26a1947d4104e026d3bac972323bf05453ec86ca7,p0010,1f27e716b21bfc54,False,0.0,0.0,0.0,False,False,False
WEN38,benchmark,original,1,60000,0,PR1_HT1_EC0,No-EC,WEN38:i1:nsga2:s60000:r0:PR1_HT1_EC0:233634bab1fc,cf9bc95d906238978e0c5ab26a1947d4104e026d3bac972323bf05453ec86ca7,p0011,5c1d5d2bb7805c0b,False,0.0,0.0,0.0,False,False,False
WEN38,benchmark,original,1,60000,0,PR1_HT1_EC0,No-EC,WEN38:i1:nsga2:s60000:r0:PR1_HT1_EC0:233634bab1fc,cf9bc95d906238978e0c5ab26a1947d4104e026d3bac972323bf05453ec86ca7,p0012,44371d7b0456c749,False,0.0,0.0,0.0,False,False,False
WEN38,benchmark,original,1,60000,0,PR1_HT1_EC0,No-EC,WEN38:i1:nsga2:s60000:r0:PR1_HT1_EC0:233634bab1fc,cf9bc95d906238978e0c5ab26a1947d4104e026d3bac972323bf05453ec86ca7,p0013,1e0183d0006cdbdd,False,0.0,0.0,0.0,False,False,False
WEN38,benchmark,original,1,60000,0,PR1_HT1_EC0,No-EC,WEN38:i1:nsga2:s60000:r0:PR1_HT1_EC0:233634bab1fc,cf9bc95d906238978e0c5ab26a1947d4104e026d3bac972323bf05453ec86ca7,p0014,0aafa43267a398c2,False,0.0,0.0,0.0,False,False,False
WEN38,benchmark,original,1,60000,0,PR1_HT1_EC0,No-EC,WEN38:i1:nsga2:s60000:r0:PR1_HT1_EC0:233634bab1fc,cf9bc95d906238978e0c5ab26a1947d4104e026d3bac972323bf05453ec86ca7,p0015,9186667fc2356080,False,0.0,0.0,0.0,False,False,False
WEN38,benchmark,original,1,60000,0,PR1_HT1_EC0,No-EC,WEN38:i1:nsga2:s60000:r0:PR1_HT1_EC0:233634bab1fc,cf9bc95d906238978e0c5ab26a1947d4104e026d3bac972323bf05453ec86ca7,p0016,b91d277d8c4017fa,False,0.0,0.0,0.0,False,False,False
WEN38,benchmark,original,1,60000,0,PR1_HT1_EC0,No-EC,WEN38:i1:nsga2:s60000:r0:PR1_HT1_EC0:233634bab1fc,cf9bc95d906238978e0c5ab26a1947d4104e026d3bac972323bf05453ec86ca7,p0017,106af5df51248833,False,0.0,0.0,0.0,False,False,False
WEN38,benchmark,original,1,60000,0,PR1_HT1_EC0,No-EC,WEN38:i1:nsga2:s60000:r0:PR1_HT1_EC0:233634bab1fc,cf9bc95d906238978e0c5ab26a1947d4104e026d3bac972323bf05453ec86ca7,p0018,a37353b90ee72f34,False,0.0,0.0,0.0,False,False,False
WEN38,benchmark,original,1,60000,0,PR1_HT1_EC1,Full,WEN38:i1:nsga2:s60000:r0:PR1_HT1_EC1:ac79a73486e1,cf9bc95d906238978e0c5ab26a1947d4104e026d3bac972323bf05453ec86ca7,p0001,b12291b3eff8fca1,True,0.0,0.0,0.0,False,False,False
WEN38,benchmark,original,1,60000,0,PR1_HT1_EC1,Full,WEN38:i1:nsga2:s60000:r0:PR1_HT1_EC1:ac79a73486e1,cf9bc95d906238978e0c5ab26a1947d4104e026d3bac972323bf05453ec86ca7,p0002,b9ceedab27d79900,False,0.0,0.0,0.0,False,False,False
WEN38,benchmark,original,1,60000,0,PR1_HT1_EC1,Full,WEN38:i1:nsga2:s60000:r0:PR1_HT1_EC1:ac79a73486e1,cf9bc95d906238978e0c5ab26a1947d4104e026d3bac972323bf05453ec86ca7,p0003,2a6c2e9b4479abf8,False,0.0,0.0,0.0,False,False,False
WEN38,benchmark,original,1,60000,0,PR1_HT1_EC1,Full,WEN38:i1:nsga2:s60000:r0:PR1_HT1_EC1:ac79a73486e1,cf9bc95d906238978e0c5ab26a1947d4104e026d3bac972323bf05453ec86ca7,p0004,d97db80c03b86b82,False,0.0,0.0,0.0,False,False,False
WEN38,benchmark,original,1,60000,0,PR1_HT1_EC1,Full,WEN38:i1:nsga2:s60000:r0:PR1_HT1_EC1:ac79a73486e1,cf9bc95d906238978e0c5ab26a1947d4104e026d3bac972323bf05453ec86ca7,p0005,31f1b5fa3437d22a,False,0.0,0.0,0.0,False,False,False
WEN38,benchmark,original,1,60000,0,PR1_HT1_EC1,Full,WEN38:i1:nsga2:s60000:r0:PR1_HT1_EC1:ac79a73486e1,cf9bc95d906238978e0c5ab26a1947d4104e026d3bac972323bf05453ec86ca7,p0006,3dbdfbe22eaee946,False,0.0,0.0,0.0,False,False,False
WEN38,benchmark,original,1,60000,0,PR1_HT1_EC1,Full,WEN38:i1:nsga2:s60000:r0:PR1_HT1_EC1:ac79a73486e1,cf9bc95d906238978e0c5ab26a1947d4104e026d3bac972323bf05453ec86ca7,p0007,68541049b5f8a9b2,False,0.0,0.0,0.0,False,False,False
WEN38,benchmark,original,1,60000,0,PR1_HT1_EC1,Full,WEN38:i1:nsga2:s60000:r0:PR1_HT1_EC1:ac79a73486e1,cf9bc95d906238978e0c5ab26a1947d4104e026d3bac972323bf05453ec86ca7,p0008,3fbe934d389c7f0d,False,0.0,0.0,0.0,False,False,False
WEN38,benchmark,original,1,60000,0,PR1_HT1_EC1,Full,WEN38:i1:nsga2:s60000:r0:PR1_HT1_EC1:ac79a73486e1,cf9bc95d906238978e0c5ab26a1947d4104e026d3bac972323bf05453ec86ca7,p0009,0673595e0e591a1c,False,0.0,0.0,0.0,False,False,False
WEN38,benchmark,original,1,60000,0,PR1_HT1_EC1,Full,WEN38:i1:nsga2:s60000:r0:PR1_HT1_EC1:ac79a73486e1,cf9bc95d906238978e0c5ab26a1947d4104e026d3bac972323bf05453ec86ca7,p0010,1f27e716b21bfc54,False,0.0,0.0,0.0,False,False,False
WEN38,benchmark,original,1,60000,0,PR1_HT1_EC1,Full,WEN38:i1:nsga2:s60000:r0:PR1_HT1_EC1:ac79a73486e1,cf9bc95d906238978e0c5ab26a1947d4104e026d3bac972323bf05453ec86ca7,p0011,5c1d5d2bb7805c0b,False,0.0,0.0,0.0,False,False,False
WEN38,benchmark,original,1,60000,0,PR1_HT1_EC1,Full,WEN38:i1:nsga2:s60000:r0:PR1_HT1_EC1:ac79a73486e1,cf9bc95d906238978e0c5ab26a1947d4104e026d3bac972323bf05453ec86ca7,p0012,44371d7b0456c749,False,0.0,0.0,0.0,False,False,False
WEN38,benchmark,original,1,60000,0,PR1_HT1_EC1,Full,WEN38:i1:nsga2:s60000:r0:PR1_HT1_EC1:ac79a73486e1,cf9bc95d906238978e0c5ab26a1947d4104e026d3bac972323bf05453ec86ca7,p0013,1e0183d0006cdbdd,False,0.0,0.0,0.0,False,False,False
WEN38,benchmark,original,1,60000,0,PR1_HT1_EC1,Full,WEN38:i1:nsga2:s60000:r0:PR1_HT1_EC1:ac79a73486e1,cf9bc95d906238978e0c5ab26a1947d4104e026d3bac972323bf05453ec86ca7,p0014,0aafa43267a398c2,False,0.0,0.0,0.0,False,False,False
WEN38,benchmark,original,1,60000,0,PR1_HT1_EC1,Full,WEN38:i1:nsga2:s60000:r0:PR1_HT1_EC1:ac79a73486e1,cf9bc95d906238978e0c5ab26a1947d4104e026d3bac972323bf05453ec86ca7,p0015,9186667fc2356080,False,0.0,0.0,0.0,False,False,False
WEN38,benchmark,original,1,60000,0,PR1_HT1_EC1,Full,WEN38:i1:nsga2:s60000:r0:PR1_HT1_EC1:ac79a73486e1,cf9bc95d906238978e0c5ab26a1947d4104e026d3bac972323bf05453ec86ca7,p0016,b91d277d8c4017fa,False,0.0,0.0,0.0,False,False,False
WEN38,benchmark,original,1,60000,0,PR1_HT1_EC1,Full,WEN38:i1:nsga2:s60000:r0:PR1_HT1_EC1:ac79a73486e1,cf9bc95d906238978e0c5ab26a1947d4104e026d3bac972323bf05453ec86ca7,p0017,106af5df51248833,False,0.0,0.0,0.0,False,False,False
WEN38,benchmark,original,1,60000,0,PR1_HT1_EC1,Full,WEN38:i1:nsga2:s60000:r0:PR1_HT1_EC1:ac79a73486e1,cf9bc95d906238978e0c5ab26a1947d4104e026d3bac972323bf05453ec86ca7,p0018,a37353b90ee72f34,False,0.0,0.0,0.0,False,False,False
WEN38,benchmark,original,1,60001,1,PR0_HT1_EC1,No-PR,WEN38:i1:nsga2:s60001:r1:PR0_HT1_EC1:2aca52bb3fb1,cf9bc95d906238978e0c5ab26a1947d4104e026d3bac972323bf05453ec86ca7,p0001,609e9c49d346fc9a,False,-0.10125797306941431,-3361.5,0.33313902652480465,True,True,True
WEN38,benchmark,original,1,60001,1,PR0_HT1_EC1,No-PR,WEN38:i1:nsga2:s60001:r1:PR0_HT1_EC1:2aca52bb3fb1,cf9bc95d906238978e0c5ab26a1947d4104e026d3bac972323bf05453ec86ca7,p0002,908884f0f4c4611e,False,-0.17925396333251786,46731.666666666686,0.33313902652480465,True,True,True
WEN38,benchmark,original,1,60001,1,PR0_HT1_EC1,No-PR,WEN38:i1:nsga2:s60001:r1:PR0_HT1_EC1:2aca52bb3fb1,cf9bc95d906238978e0c5ab26a1947d4104e026d3bac972323bf05453ec86ca7,p0003,2eb26b0b0d637875,False,-0.12969525159522277,988.3333333333285,0.33313902652480465,True,True,True
WEN38,benchmark,original,1,60001,1,PR0_HT1_EC1,No-PR,WEN38:i1:nsga2:s60001:r1:PR0_HT1_EC1:2aca52bb3fb1,cf9bc95d906238978e0c5ab26a1947d4104e026d3bac972323bf05453ec86ca7,p0004,7660a3b94feb8f4b,True,-0.1012579730690435,16436.666666666657,0.33313902652389515,True,True,True
WEN38,benchmark,original,1,60001,1,PR0_HT1_EC1,No-PR,WEN38:i1:nsga2:s60001:r1:PR0_HT1_EC1:2aca52bb3fb1,cf9bc95d906238978e0c5ab26a1947d4104e026d3bac972323bf05453ec86ca7,p0005,ed9abc828f4d63d7,False,-0.1296952515945904,17699.66666666667,0.24338624338815862,True,True,True
WEN38,benchmark,original,1,60001,1,PR0_HT1_EC1,No-PR,WEN38:i1:nsga2:s60001:r1:PR0_HT1_EC1:2aca52bb3fb1,cf9bc95d906238978e0c5ab26a1947d4104e026d3bac972323bf05453ec86ca7,p0006,55abe023552b9a31,False,-0.10125797306944895,-2640.5,0.19464977120969706,True,True,True
WEN38,benchmark,original,1,60001,1,PR0_HT1_EC1,No-PR,WEN38:i1:nsga2:s60001:r1:PR0_HT1_EC1:2aca52bb3fb1,cf9bc95d906238978e0c5ab26a1947d4104e026d3bac972323bf05453ec86ca7,p0007,0b886958f0843f53,False,-0.09996055817046656,25503.333333333343,9.094947017729282e-13,True,True,False
WEN38,benchmark,original,1,60001,1,PR0_HT1_EC1,No-PR,WEN38:i1:nsga2:s60001:r1:PR0_HT1_EC1:2aca52bb3fb1,cf9bc95d906238978e0c5ab26a1947d4104e026d3bac972323bf05453ec86ca7,p0008,64329bf3808db1f9,False,-0.12969525159525297,10030.833333333328,0.19464977120969706,True,True,True
WEN38,benchmark,original,1,60001,1,PR0_HT1_EC1,No-PR,WEN38:i1:nsga2:s60001:r1:PR0_HT1_EC1:2aca52bb3fb1,cf9bc95d906238978e0c5ab26a1947d4104e026d3bac972323bf05453ec86ca7,p0009,28f766519c97d641,False,-0.19144223954711848,47156.0,0.19464977120969706,True,True,True
WEN38,benchmark,original,1,60001,1,PR0_HT1_EC1,No-PR,WEN38:i1:nsga2:s60001:r1:PR0_HT1_EC1:2aca52bb3fb1,cf9bc95d906238978e0c5ab26a1947d4104e026d3bac972323bf05453ec86ca7,p0010,931ff3e188f3a951,False,-0.1161410347271703,43029.0,0.10893554208087153,True,True,True
WEN38,benchmark,original,1,60001,1,PR0_HT1_EC1,No-PR,WEN38:i1:nsga2:s60001:r1:PR0_HT1_EC1:2aca52bb3fb1,cf9bc95d906238978e0c5ab26a1947d4104e026d3bac972323bf05453ec86ca7,p0011,803ffe28702ff3f8,False,-0.11234152295485034,22622.333333333343,0.11163120575838548,True,True,True
WEN38,benchmark,original,1,60001,1,PR0_HT1_EC1,No-PR,WEN38:i1:nsga2:s60001:r1:PR0_HT1_EC1:2aca52bb3fb1,cf9bc95d906238978e0c5ab26a1947d4104e026d3bac972323bf05453ec86ca7,p0012,43e4a44d56170112,False,-0.09474807174403121,19309.333333333343,0.15353311136004777,True,True,True
WEN38,benchmark,original,1,60001,1,PR0_HT1_EC1,No-PR,WEN38:i1:nsga2:s60001:r1:PR0_HT1_EC1:2aca52bb3fb1,cf9bc95d906238978e0c5ab26a1947d4104e026d3bac972323bf05453ec86ca7,p0013,0c648bf33c8b3155,False,-0.1296952515952201,15987.333333333343,0.15353311136004777,True,True,True
WEN38,benchmark,original,1,60001,1,PR0_HT1_EC1,No-PR,WEN38:i1:nsga2:s60001:r1:PR0_HT1_EC1:2aca52bb3fb1,cf9bc95d906238978e0c5ab26a1947d4104e026d3bac972323bf05453ec86ca7,p0014,93bba6d2dd132723,False,-0.19551736357223293,48970.66666666666,0.15353311136004777,True,True,True
WEN38,benchmark,original,1,60001,1,PR0_HT1_EC1,No-PR,WEN38:i1:nsga2:s60001:r1:PR0_HT1_EC1:2aca52bb3fb1,cf9bc95d906238978e0c5ab26a1947d4104e026d3bac972323bf05453ec86ca7,p0015,59d203ae22d9b8a9,False,-0.1279418840806783,30879.00000000003,0.06267922982624441,True,True,True
WEN38,benchmark,original,1,60001,1,PR0_HT1_EC1,No-PR,WEN38:i1:nsga2:s60001:r1:PR0_HT1_EC1:2aca52bb3fb1,cf9bc95d906238978e0c5ab26a1947d4104e026d3bac972323bf05453ec86ca7,p0016,cc9f1dbf4ba4a5ac,False,-0.15122253720792367,24869.333333333343,0.06267922982624441,True,True,True
WEN38,benchmark,original,1,60001,1,PR0_HT1_EC1,No-PR,WEN38:i1:nsga2:s60001:r1:PR0_HT1_EC1:2aca52bb3fb1,cf9bc95d906238978e0c5ab26a1947d4104e026d3bac972323bf05453ec86ca7,p0017,3d68cc4dabfd8964,False,-0.06498505042800673,16597.00000000003,0.05998356614873046,True,True,True
WEN38,benchmark,original,1,60001,1,PR0_HT1_EC1,No-PR,WEN38:i1:nsga2:s60001:r1:PR0_HT1_EC1:2aca52bb3fb1,cf9bc95d906238978e0c5ab26a1947d4104e026d3bac972323bf05453ec86ca7,p0018,1698ca0568eb4c75,False,-0.12969525159460593,18480.333333333343,0.05998356614873046,True,True,True
WEN38,benchmark,original,1,60001,1,PR0_HT1_EC1,No-PR,WEN38:i1:nsga2:s60001:r1:PR0_HT1_EC1:2aca52bb3fb1,cf9bc95d906238978e0c5ab26a1947d4104e026d3bac972323bf05453ec86ca7,p0019,e050a2c964ac12e9,False,-0.16032782303706483,43252.666666666686,0.0,True,True,False
WEN38,benchmark,original,1,60001,1,PR0_HT1_EC1,No-PR,WEN38:i1:nsga2:s60001:r1:PR0_HT1_EC1:2aca52bb3fb1,cf9bc95d906238978e0c5ab26a1947d4104e026d3bac972323bf05453ec86ca7,p0020,4a3fcea45d4325bb,False,-0.0034369816454020707,16677.0,0.0,True,True,False
WEN38,benchmark,original,1,60001,1,PR0_HT1_EC1,No-PR,WEN38:i1:nsga2:s60001:r1:PR0_HT1_EC1:2aca52bb3fb1,cf9bc95d906238978e0c5ab26a1947d4104e026d3bac972323bf05453ec86ca7,p0021,63ee2a3cdfdd2310,False,0.0005595816769172757,19399.0,0.0,True,True,False
WEN38,benchmark,original,1,60001,1,PR0_HT1_EC1,No-PR,WEN38:i1:nsga2:s60001:r1:PR0_HT1_EC1:2aca52bb3fb1,cf9bc95d906238978e0c5ab26a1947d4104e026d3bac972323bf05453ec86ca7,p0022,299c140c6a1eb40f,False,-0.023210489014862112,729.3333333333285,0.0,True,True,False
WEN38,benchmark,original,1,60001,1,PR0_HT1_EC1,No-PR,WEN38:i1:nsga2:s60001:r1:PR0_HT1_EC1:2aca52bb3fb1,cf9bc95d906238978e0c5ab26a1947d4104e026d3bac972323bf05453ec86ca7,p0023,f7b58876178441e2,False,-0.038807308782790706,3566.0,0.0,True,True,False
WEN38,benchmark,original,1,60001,1,PR0_HT1_EC1,No-PR,WEN38:i1:nsga2:s60001:r1:PR0_HT1_EC1:2aca52bb3fb1,cf9bc95d906238978e0c5ab26a1947d4104e026d3bac972323bf05453ec86ca7,p0024,e9e431be2401f945,False,-0.1079690275505305,28023.333333333343,0.0,True,True,False
WEN38,benchmark,original,1,60001,1,PR0_HT1_EC1,No-PR,WEN38:i1:nsga2:s60001:r1:PR0_HT1_EC1:2aca52bb3fb1,cf9bc95d906238978e0c5ab26a1947d4104e026d3bac972323bf05453ec86ca7,p0025,1d8514b38703590a,False,-0.09718284904410046,29928.0,0.0,True,True,False
WEN38,benchmark,original,1,60001,1,PR0_HT1_EC1,No-PR,WEN38:i1:nsga2:s60001:r1:PR0_HT1_EC1:2aca52bb3fb1,cf9bc95d906238978e0c5ab26a1947d4104e026d3bac972323bf05453ec86ca7,p0026,9a1006455666bf22,False,0.0037146962207303957,3796.0,0.0,True,True,False
WEN38,benchmark,original,1,60001,1,PR0_HT1_EC1,No-PR,WEN38:i1:nsga2:s60001:r1:PR0_HT1_EC1:2aca52bb3fb1,cf9bc95d906238978e0c5ab26a1947d4104e026d3bac972323bf05453ec86ca7,p0027,5ddd2979bb017870,False,0.004155798004153333,-102.0,0.0,True,True,False
WEN38,benchmark,original,1,60001,1,PR0_HT1_EC1,No-PR,WEN38:i1:nsga2:s60001:r1:PR0_HT1_EC1:2aca52bb3fb1,cf9bc95d906238978e0c5ab26a1947d4104e026d3bac972323bf05453ec86ca7,p0028,049b406d55ba8c25,False,-0.008327427357531114,7373.3333333333285,0.0,True,True,False
WEN38,benchmark,original,1,60001,1,PR0_HT1_EC1,No-PR,WEN38:i1:nsga2:s60001:r1:PR0_HT1_EC1:2aca52bb3fb1,cf9bc95d906238978e0c5ab26a1947d4104e026d3bac972323bf05453ec86ca7,p0029,3f13abeebc18a137,False,0.001476884785161836,-5283.333333333343,0.0,True,True,False
WEN38,benchmark,original,1,60001,1,PR0_HT1_EC1,No-PR,WEN38:i1:nsga2:s60001:r1:PR0_HT1_EC1:2aca52bb3fb1,cf9bc95d906238978e0c5ab26a1947d4104e026d3bac972323bf05453ec86ca7,p0030,6b3bc5f1cc87e5f3,False,0.003686375628782379,-6535.0,0.0,True,True,False
WEN38,benchmark,original,1,60001,1,PR0_HT1_EC1,No-PR,WEN38:i1:nsga2:s60001:r1:PR0_HT1_EC1:2aca52bb3fb1,cf9bc95d906238978e0c5ab26a1947d4104e026d3bac972323bf05453ec86ca7,p0031,cc92eaabbc643f5d,False,0.002969033292975709,10343.666666666657,0.0,True,True,False
WEN38,benchmark,original,1,60001,1,PR0_HT1_EC1,No-PR,WEN38:i1:nsga2:s60001:r1:PR0_HT1_EC1:2aca52bb3fb1,cf9bc95d906238978e0c5ab26a1947d4104e026d3bac972323bf05453ec86ca7,p0032,33ec58edd6c31c02,False,-0.060028178557805845,18031.333333333343,0.0,True,True,False
WEN38,benchmark,original,1,60001,1,PR0_HT1_EC1,No-PR,WEN38:i1:nsga2:s60001:r1:PR0_HT1_EC1:2aca52bb3fb1,cf9bc95d906238978e0c5ab26a1947d4104e026d3bac972323bf05453ec86ca7,p0033,3a53d661d3bc9c8b,False,-0.064493267186025,15622.333333333343,0.0,True,True,False
WEN38,benchmark,original,1,60001,1,PR1_HT0_EC1,No-HT,WEN38:i1:nsga2:s60001:r1:PR1_HT0_EC1:810cc032fd7d,cf9bc95d906238978e0c5ab26a1947d4104e026d3bac972323bf05453ec86ca7,p0001,e51cc80a803239cc,True,0.0,29631.66666666667,0.0,False,True,False
WEN38,benchmark,original,1,60001,1,PR1_HT0_EC1,No-HT,WEN38:i1:nsga2:s60001:r1:PR1_HT0_EC1:810cc032fd7d,cf9bc95d906238978e0c5ab26a1947d4104e026d3bac972323bf05453ec86ca7,p0002,a31030aea196a05e,False,0.0,33847.33333333334,0.0,False,True,False
WEN38,benchmark,original,1,60001,1,PR1_HT0_EC1,No-HT,WEN38:i1:nsga2:s60001:r1:PR1_HT0_EC1:810cc032fd7d,cf9bc95d906238978e0c5ab26a1947d4104e026d3bac972323bf05453ec86ca7,p0003,4dd360afbe4be619,False,0.0,30525.333333333343,0.0,False,True,False
WEN38,benchmark,original,1,60001,1,PR1_HT0_EC1,No-HT,WEN38:i1:nsga2:s60001:r1:PR1_HT0_EC1:810cc032fd7d,cf9bc95d906238978e0c5ab26a1947d4104e026d3bac972323bf05453ec86ca7,p0004,34d9a5a52a11ba39,False,0.0,32219.333333333343,0.0,False,True,False
WEN38,benchmark,original,1,60001,1,PR1_HT0_EC1,No-HT,WEN38:i1:nsga2:s60001:r1:PR1_HT0_EC1:810cc032fd7d,cf9bc95d906238978e0c5ab26a1947d4104e026d3bac972323bf05453ec86ca7,p0005,553b0dd8f6257ee6,False,0.0,20315.333333333343,0.0,False,True,False
WEN38,benchmark,original,1,60001,1,PR1_HT0_EC1,No-HT,WEN38:i1:nsga2:s60001:r1:PR1_HT0_EC1:810cc032fd7d,cf9bc95d906238978e0c5ab26a1947d4104e026d3bac972323bf05453ec86ca7,p0006,f044d29c09e0e2ad,False,0.0008858965272855457,4081.333333333343,0.0,True,True,False
WEN38,benchmark,original,1,60001,1,PR1_HT0_EC1,No-HT,WEN38:i1:nsga2:s60001:r1:PR1_HT0_EC1:810cc032fd7d,cf9bc95d906238978e0c5ab26a1947d4104e026d3bac972323bf05453ec86ca7,p0007,d8427ff9054341a0,False,0.0,10434.666666666672,0.0,False,True,False
WEN38,benchmark,original,1,60001,1,PR1_HT0_EC1,No-HT,WEN38:i1:nsga2:s60001:r1:PR1_HT0_EC1:810cc032fd7d,cf9bc95d906238978e0c5ab26a1947d4104e026d3bac972323bf05453ec86ca7,p0008,182df6eb8553659d,False,-0.0008858965272855457,20080.000000000015,0.0,True,True,False
WEN38,benchmark,original,1,60001,1,PR1_HT0_EC1,No-HT,WEN38:i1:nsga2:s60001:r1:PR1_HT0_EC1:810cc032fd7d,cf9bc95d906238978e0c5ab26a1947d4104e026d3bac972323bf05453ec86ca7,p0009,ede992a0fdf97cc5,False,0.014794472005641879,32287.333333333343,0.0,True,True,False
WEN38,benchmark,original,1,60001,1,PR1_HT0_EC1,No-HT,WEN38:i1:nsga2:s60001:r1:PR1_HT0_EC1:810cc032fd7d,cf9bc95d906238978e0c5ab26a1947d4104e026d3bac972323bf05453ec86ca7,p0010,bf787f00e2b79b78,False,0.1057760453578025,20183.666666666657,0.0,True,True,False
WEN38,benchmark,original,1,60001,1,PR1_HT0_EC1,No-HT,WEN38:i1:nsga2:s60001:r1:PR1_HT0_EC1:810cc032fd7d,cf9bc95d906238978e0c5ab26a1947d4104e026d3bac972323bf05453ec86ca7,p0011,1d3ac1d263de6619,False,0.0,23988.666666666686,0.0,False,True,False
WEN38,benchmark,original,1,60001,1,PR1_HT0_EC1,No-HT,WEN38:i1:nsga2:s60001:r1:PR1_HT0_EC1:810cc032fd7d,cf9bc95d906238978e0c5ab26a1947d4104e026d3bac972323bf05453ec86ca7,p0012,6505c58f21ce6fb8,False,0.06996255931240825,28904.99999999997,0.0,True,True,False
WEN38,benchmark,original,1,60001,1,PR1_HT0_EC1,No-HT,WEN38:i1:nsga2:s60001:r1:PR1_HT0_EC1:810cc032fd7d,cf9bc95d906238978e0c5ab26a1947d4104e026d3bac972323bf05453ec86ca7,p0013,9460080e97615dd4,False,0.0,3727.3333333333285,0.0,False,True,False
WEN38,benchmark,original,1,60001,1,PR1_HT0_EC1,No-HT,WEN38:i1:nsga2:s60001:r1:PR1_HT0_EC1:810cc032fd7d,cf9bc95d906238978e0c5ab26a1947d4104e026d3bac972323bf05453ec86ca7,p0014,83300ca2d35a66a2,False,0.0,7118.0,0.0,False,True,False
WEN38,benchmark,original,1,60001,1,PR1_HT0_EC1,No-HT,WEN38:i1:nsga2:s60001:r1:PR1_HT0_EC1:810cc032fd7d,cf9bc95d906238978e0c5ab26a1947d4104e026d3bac972323bf05453ec86ca7,p0015,b2f58527be7cae56,False,0.0,0.0,0.0,False,False,False
WEN38,benchmark,original,1,60001,1,PR1_HT0_EC1,No-HT,WEN38:i1:nsga2:s60001:r1:PR1_HT0_EC1:810cc032fd7d,cf9bc95d906238978e0c5ab26a1947d4104e026d3bac972323bf05453ec86ca7,p0016,8fb2b84b4f8ed2d2,False,0.0,9658.666666666672,0.0,False,True,False
WEN38,benchmark,original,1,60001,1,PR1_HT0_EC1,No-HT,WEN38:i1:nsga2:s60001:r1:PR1_HT0_EC1:810cc032fd7d,cf9bc95d906238978e0c5ab26a1947d4104e026d3bac972323bf05453ec86ca7,p0017,5ce73a073d953ef4,False,0.0008858965272855457,7028.999999999985,0.0,True,True,False
WEN38,benchmark,original,1,60001,1,PR1_HT0_EC1,No-HT,WEN38:i1:nsga2:s60001:r1:PR1_HT0_EC1:810cc032fd7d,cf9bc95d906238978e0c5ab26a1947d4104e026d3bac972323bf05453ec86ca7,p0018,f90dfff3313d9bf2,False,0.0,25.333333333343035,0.0,False,True,False
WEN38,benchmark,original,1,60001,1,PR1_HT0_EC1,No-HT,WEN38:i1:nsga2:s60001:r1:PR1_HT0_EC1:810cc032fd7d,cf9bc95d906238978e0c5ab26a1947d4104e026d3bac972323bf05453ec86ca7,p0019,911ba5b2425b2ebf,False,0.0,3354.0,0.0,False,True,False
WEN38,benchmark,original,1,60001,1,PR1_HT1_EC0,No-EC,WEN38:i1:nsga2:s60001:r1:PR1_HT1_EC0:f2ee064e9de3,cf9bc95d906238978e0c5ab26a1947d4104e026d3bac972323bf05453ec86ca7,p0001,aacc90007cf45364,True,0.0,0.0,0.0,False,False,False
WEN38,benchmark,original,1,60001,1,PR1_HT1_EC0,No-EC,WEN38:i1:nsga2:s60001:r1:PR1_HT1_EC0:f2ee064e9de3,cf9bc95d906238978e0c5ab26a1947d4104e026d3bac972323bf05453ec86ca7,p0002,6d58023f9c397599,False,0.0,0.0,0.0,False,False,False
WEN38,benchmark,original,1,60001,1,PR1_HT1_EC0,No-EC,WEN38:i1:nsga2:s60001:r1:PR1_HT1_EC0:f2ee064e9de3,cf9bc95d906238978e0c5ab26a1947d4104e026d3bac972323bf05453ec86ca7,p0003,2030112ba4cbed7e,False,0.0,0.0,0.0,False,False,False
WEN38,benchmark,original,1,60001,1,PR1_HT1_EC0,No-EC,WEN38:i1:nsga2:s60001:r1:PR1_HT1_EC0:f2ee064e9de3,cf9bc95d906238978e0c5ab26a1947d4104e026d3bac972323bf05453ec86ca7,p0004,497d705823d73103,False,0.0,0.0,0.0,False,False,False
WEN38,benchmark,original,1,60001,1,PR1_HT1_EC0,No-EC,WEN38:i1:nsga2:s60001:r1:PR1_HT1_EC0:f2ee064e9de3,cf9bc95d906238978e0c5ab26a1947d4104e026d3bac972323bf05453ec86ca7,p0005,1a3d4381bc2072ec,False,0.0,0.0,0.0,False,False,False
WEN38,benchmark,original,1,60001,1,PR1_HT1_EC0,No-EC,WEN38:i1:nsga2:s60001:r1:PR1_HT1_EC0:f2ee064e9de3,cf9bc95d906238978e0c5ab26a1947d4104e026d3bac972323bf05453ec86ca7,p0006,e66ddf489ef000ca,False,0.0,0.0,0.0,False,False,False
WEN38,benchmark,original,1,60001,1,PR1_HT1_EC0,No-EC,WEN38:i1:nsga2:s60001:r1:PR1_HT1_EC0:f2ee064e9de3,cf9bc95d906238978e0c5ab26a1947d4104e026d3bac972323bf05453ec86ca7,p0007,f49b9520ad8e9d04,False,0.0,0.0,0.0,False,False,False
WEN38,benchmark,original,1,60001,1,PR1_HT1_EC0,No-EC,WEN38:i1:nsga2:s60001:r1:PR1_HT1_EC0:f2ee064e9de3,cf9bc95d906238978e0c5ab26a1947d4104e026d3bac972323bf05453ec86ca7,p0008,2aa9af2c016c5edb,False,0.0,0.0,0.0,False,False,False
WEN38,benchmark,original,1,60001,1,PR1_HT1_EC0,No-EC,WEN38:i1:nsga2:s60001:r1:PR1_HT1_EC0:f2ee064e9de3,cf9bc95d906238978e0c5ab26a1947d4104e026d3bac972323bf05453ec86ca7,p0009,e061df229fe6cf88,False,0.0,0.0,0.0,False,False,False
WEN38,benchmark,original,1,60001,1,PR1_HT1_EC0,No-EC,WEN38:i1:nsga2:s60001:r1:PR1_HT1_EC0:f2ee064e9de3,cf9bc95d906238978e0c5ab26a1947d4104e026d3bac972323bf05453ec86ca7,p0010,e6ae7ee2b46a0c4e,False,0.0,0.0,0.0,False,False,False
WEN38,benchmark,original,1,60001,1,PR1_HT1_EC0,No-EC,WEN38:i1:nsga2:s60001:r1:PR1_HT1_EC0:f2ee064e9de3,cf9bc95d906238978e0c5ab26a1947d4104e026d3bac972323bf05453ec86ca7,p0011,87193ecce38089c2,False,0.0,0.0,0.0,False,False,False
WEN38,benchmark,original,1,60001,1,PR1_HT1_EC0,No-EC,WEN38:i1:nsga2:s60001:r1:PR1_HT1_EC0:f2ee064e9de3,cf9bc95d906238978e0c5ab26a1947d4104e026d3bac972323bf05453ec86ca7,p0012,e17fec6192053e3d,False,0.0,0.0,0.0,False,False,False
WEN38,benchmark,original,1,60001,1,PR1_HT1_EC0,No-EC,WEN38:i1:nsga2:s60001:r1:PR1_HT1_EC0:f2ee064e9de3,cf9bc95d906238978e0c5ab26a1947d4104e026d3bac972323bf05453ec86ca7,p0013,8b2ffa4dccdbdf35,False,0.0,0.0,0.0,False,False,False
WEN38,benchmark,original,1,60001,1,PR1_HT1_EC0,No-EC,WEN38:i1:nsga2:s60001:r1:PR1_HT1_EC0:f2ee064e9de3,cf9bc95d906238978e0c5ab26a1947d4104e026d3bac972323bf05453ec86ca7,p0014,d55ec2113cd562c9,False,0.0,0.0,0.0,False,False,False
WEN38,benchmark,original,1,60001,1,PR1_HT1_EC0,No-EC,WEN38:i1:nsga2:s60001:r1:PR1_HT1_EC0:f2ee064e9de3,cf9bc95d906238978e0c5ab26a1947d4104e026d3bac972323bf05453ec86ca7,p0015,1d4d6d9f25601fe0,False,0.0,0.0,0.0,False,False,False
WEN38,benchmark,original,1,60001,1,PR1_HT1_EC0,No-EC,WEN38:i1:nsga2:s60001:r1:PR1_HT1_EC0:f2ee064e9de3,cf9bc95d906238978e0c5ab26a1947d4104e026d3bac972323bf05453ec86ca7,p0016,2e5ac41dc3e2e4c8,False,0.0,0.0,0.0,False,False,False
WEN38,benchmark,original,1,60001,1,PR1_HT1_EC0,No-EC,WEN38:i1:nsga2:s60001:r1:PR1_HT1_EC0:f2ee064e9de3,cf9bc95d906238978e0c5ab26a1947d4104e026d3bac972323bf05453ec86ca7,p0017,746738a84f30be00,False,0.0,0.0,0.0,False,False,False
WEN38,benchmark,original,1,60001,1,PR1_HT1_EC0,No-EC,WEN38:i1:nsga2:s60001:r1:PR1_HT1_EC0:f2ee064e9de3,cf9bc95d906238978e0c5ab26a1947d4104e026d3bac972323bf05453ec86ca7,p0018,a2fca10043e88480,False,0.0,0.0,0.0,False,False,False
WEN38,benchmark,original,1,60001,1,PR1_HT1_EC0,No-EC,WEN38:i1:nsga2:s60001:r1:PR1_HT1_EC0:f2ee064e9de3,cf9bc95d906238978e0c5ab26a1947d4104e026d3bac972323bf05453ec86ca7,p0019,f6c98589ec07e127,False,0.0,0.0,0.0,False,False,False
WEN38,benchmark,original,1,60001,1,PR1_HT1_EC0,No-EC,WEN38:i1:nsga2:s60001:r1:PR1_HT1_EC0:f2ee064e9de3,cf9bc95d906238978e0c5ab26a1947d4104e026d3bac972323bf05453ec86ca7,p0020,a9ede19b7d0ed823,False,0.0,0.0,0.0,False,False,False
WEN38,benchmark,original,1,60001,1,PR1_HT1_EC0,No-EC,WEN38:i1:nsga2:s60001:r1:PR1_HT1_EC0:f2ee064e9de3,cf9bc95d906238978e0c5ab26a1947d4104e026d3bac972323bf05453ec86ca7,p0021,03f4e7afdac5c284,False,0.0,0.0,0.0,False,False,False
WEN38,benchmark,original,1,60001,1,PR1_HT1_EC0,No-EC,WEN38:i1:nsga2:s60001:r1:PR1_HT1_EC0:f2ee064e9de3,cf9bc95d906238978e0c5ab26a1947d4104e026d3bac972323bf05453ec86ca7,p0022,5ca364720b7007ee,False,0.0,0.0,0.0,False,False,False
WEN38,benchmark,original,1,60001,1,PR1_HT1_EC0,No-EC,WEN38:i1:nsga2:s60001:r1:PR1_HT1_EC0:f2ee064e9de3,cf9bc95d906238978e0c5ab26a1947d4104e026d3bac972323bf05453ec86ca7,p0023,1350bc637d0ac81f,False,0.0,0.0,0.0,False,False,False
WEN38,benchmark,original,1,60001,1,PR1_HT1_EC0,No-EC,WEN38:i1:nsga2:s60001:r1:PR1_HT1_EC0:f2ee064e9de3,cf9bc95d906238978e0c5ab26a1947d4104e026d3bac972323bf05453ec86ca7,p0024,de94e6bcba7d4aff,False,0.0,0.0,0.0,False,False,False
WEN38,benchmark,original,1,60001,1,PR1_HT1_EC0,No-EC,WEN38:i1:nsga2:s60001:r1:PR1_HT1_EC0:f2ee064e9de3,cf9bc95d906238978e0c5ab26a1947d4104e026d3bac972323bf05453ec86ca7,p0025,870ae6c51b8652c7,False,0.0,0.0,0.0,False,False,False
WEN38,benchmark,original,1,60001,1,PR1_HT1_EC0,No-EC,WEN38:i1:nsga2:s60001:r1:PR1_HT1_EC0:f2ee064e9de3,cf9bc95d906238978e0c5ab26a1947d4104e026d3bac972323bf05453ec86ca7,p0026,6066f33572ce6fc4,False,0.0,0.0,0.0,False,False,False
WEN38,benchmark,original,1,60001,1,PR1_HT1_EC0,No-EC,WEN38:i1:nsga2:s60001:r1:PR1_HT1_EC0:f2ee064e9de3,cf9bc95d906238978e0c5ab26a1947d4104e026d3bac972323bf05453ec86ca7,p0027,1e699834ec4ff0d7,False,0.0,0.0,0.0,False,False,False
WEN38,benchmark,original,1,60001,1,PR1_HT1_EC1,Full,WEN38:i1:nsga2:s60001:r1:PR1_HT1_EC1:ceb9ada93d38,cf9bc95d906238978e0c5ab26a1947d4104e026d3bac972323bf05453ec86ca7,p0001,aacc90007cf45364,True,0.0,0.0,0.0,False,False,False
WEN38,benchmark,original,1,60001,1,PR1_HT1_EC1,Full,WEN38:i1:nsga2:s60001:r1:PR1_HT1_EC1:ceb9ada93d38,cf9bc95d906238978e0c5ab26a1947d4104e026d3bac972323bf05453ec86ca7,p0002,6d58023f9c397599,False,0.0,0.0,0.0,False,False,False
WEN38,benchmark,original,1,60001,1,PR1_HT1_EC1,Full,WEN38:i1:nsga2:s60001:r1:PR1_HT1_EC1:ceb9ada93d38,cf9bc95d906238978e0c5ab26a1947d4104e026d3bac972323bf05453ec86ca7,p0003,2030112ba4cbed7e,False,0.0,0.0,0.0,False,False,False
WEN38,benchmark,original,1,60001,1,PR1_HT1_EC1,Full,WEN38:i1:nsga2:s60001:r1:PR1_HT1_EC1:ceb9ada93d38,cf9bc95d906238978e0c5ab26a1947d4104e026d3bac972323bf05453ec86ca7,p0004,497d705823d73103,False,0.0,0.0,0.0,False,False,False
WEN38,benchmark,original,1,60001,1,PR1_HT1_EC1,Full,WEN38:i1:nsga2:s60001:r1:PR1_HT1_EC1:ceb9ada93d38,cf9bc95d906238978e0c5ab26a1947d4104e026d3bac972323bf05453ec86ca7,p0005,1a3d4381bc2072ec,False,0.0,0.0,0.0,False,False,False
WEN38,benchmark,original,1,60001,1,PR1_HT1_EC1,Full,WEN38:i1:nsga2:s60001:r1:PR1_HT1_EC1:ceb9ada93d38,cf9bc95d906238978e0c5ab26a1947d4104e026d3bac972323bf05453ec86ca7,p0006,e66ddf489ef000ca,False,0.0,0.0,0.0,False,False,False
WEN38,benchmark,original,1,60001,1,PR1_HT1_EC1,Full,WEN38:i1:nsga2:s60001:r1:PR1_HT1_EC1:ceb9ada93d38,cf9bc95d906238978e0c5ab26a1947d4104e026d3bac972323bf05453ec86ca7,p0007,f49b9520ad8e9d04,False,0.0,0.0,0.0,False,False,False
WEN38,benchmark,original,1,60001,1,PR1_HT1_EC1,Full,WEN38:i1:nsga2:s60001:r1:PR1_HT1_EC1:ceb9ada93d38,cf9bc95d906238978e0c5ab26a1947d4104e026d3bac972323bf05453ec86ca7,p0008,2aa9af2c016c5edb,False,0.0,0.0,0.0,False,False,False
WEN38,benchmark,original,1,60001,1,PR1_HT1_EC1,Full,WEN38:i1:nsga2:s60001:r1:PR1_HT1_EC1:ceb9ada93d38,cf9bc95d906238978e0c5ab26a1947d4104e026d3bac972323bf05453ec86ca7,p0009,e061df229fe6cf88,False,0.0,0.0,0.0,False,False,False
WEN38,benchmark,original,1,60001,1,PR1_HT1_EC1,Full,WEN38:i1:nsga2:s60001:r1:PR1_HT1_EC1:ceb9ada93d38,cf9bc95d906238978e0c5ab26a1947d4104e026d3bac972323bf05453ec86ca7,p0010,e6ae7ee2b46a0c4e,False,0.0,0.0,0.0,False,False,False
WEN38,benchmark,original,1,60001,1,PR1_HT1_EC1,Full,WEN38:i1:nsga2:s60001:r1:PR1_HT1_EC1:ceb9ada93d38,cf9bc95d906238978e0c5ab26a1947d4104e026d3bac972323bf05453ec86ca7,p0011,87193ecce38089c2,False,0.0,0.0,0.0,False,False,False
WEN38,benchmark,original,1,60001,1,PR1_HT1_EC1,Full,WEN38:i1:nsga2:s60001:r1:PR1_HT1_EC1:ceb9ada93d38,cf9bc95d906238978e0c5ab26a1947d4104e026d3bac972323bf05453ec86ca7,p0012,e17fec6192053e3d,False,0.0,0.0,0.0,False,False,False
WEN38,benchmark,original,1,60001,1,PR1_HT1_EC1,Full,WEN38:i1:nsga2:s60001:r1:PR1_HT1_EC1:ceb9ada93d38,cf9bc95d906238978e0c5ab26a1947d4104e026d3bac972323bf05453ec86ca7,p0013,8b2ffa4dccdbdf35,False,0.0,0.0,0.0,False,False,False
WEN38,benchmark,original,1,60001,1,PR1_HT1_EC1,Full,WEN38:i1:nsga2:s60001:r1:PR1_HT1_EC1:ceb9ada93d38,cf9bc95d906238978e0c5ab26a1947d4104e026d3bac972323bf05453ec86ca7,p0014,d55ec2113cd562c9,False,0.0,0.0,0.0,False,False,False
WEN38,benchmark,original,1,60001,1,PR1_HT1_EC1,Full,WEN38:i1:nsga2:s60001:r1:PR1_HT1_EC1:ceb9ada93d38,cf9bc95d906238978e0c5ab26a1947d4104e026d3bac972323bf05453ec86ca7,p0015,1d4d6d9f25601fe0,False,0.0,0.0,0.0,False,False,False
WEN38,benchmark,original,1,60001,1,PR1_HT1_EC1,Full,WEN38:i1:nsga2:s60001:r1:PR1_HT1_EC1:ceb9ada93d38,cf9bc95d906238978e0c5ab26a1947d4104e026d3bac972323bf05453ec86ca7,p0016,2e5ac41dc3e2e4c8,False,0.0,0.0,0.0,False,False,False
WEN38,benchmark,original,1,60001,1,PR1_HT1_EC1,Full,WEN38:i1:nsga2:s60001:r1:PR1_HT1_EC1:ceb9ada93d38,cf9bc95d906238978e0c5ab26a1947d4104e026d3bac972323bf05453ec86ca7,p0017,746738a84f30be00,False,0.0,0.0,0.0,False,False,False
WEN38,benchmark,original,1,60001,1,PR1_HT1_EC1,Full,WEN38:i1:nsga2:s60001:r1:PR1_HT1_EC1:ceb9ada93d38,cf9bc95d906238978e0c5ab26a1947d4104e026d3bac972323bf05453ec86ca7,p0018,a2fca10043e88480,False,0.0,0.0,0.0,False,False,False
WEN38,benchmark,original,1,60001,1,PR1_HT1_EC1,Full,WEN38:i1:nsga2:s60001:r1:PR1_HT1_EC1:ceb9ada93d38,cf9bc95d906238978e0c5ab26a1947d4104e026d3bac972323bf05453ec86ca7,p0019,f6c98589ec07e127,False,0.0,0.0,0.0,False,False,False
WEN38,benchmark,original,1,60001,1,PR1_HT1_EC1,Full,WEN38:i1:nsga2:s60001:r1:PR1_HT1_EC1:ceb9ada93d38,cf9bc95d906238978e0c5ab26a1947d4104e026d3bac972323bf05453ec86ca7,p0020,a9ede19b7d0ed823,False,0.0,0.0,0.0,False,False,False
WEN38,benchmark,original,1,60001,1,PR1_HT1_EC1,Full,WEN38:i1:nsga2:s60001:r1:PR1_HT1_EC1:ceb9ada93d38,cf9bc95d906238978e0c5ab26a1947d4104e026d3bac972323bf05453ec86ca7,p0021,03f4e7afdac5c284,False,0.0,0.0,0.0,False,False,False
WEN38,benchmark,original,1,60001,1,PR1_HT1_EC1,Full,WEN38:i1:nsga2:s60001:r1:PR1_HT1_EC1:ceb9ada93d38,cf9bc95d906238978e0c5ab26a1947d4104e026d3bac972323bf05453ec86ca7,p0022,5ca364720b7007ee,False,0.0,0.0,0.0,False,False,False
WEN38,benchmark,original,1,60001,1,PR1_HT1_EC1,Full,WEN38:i1:nsga2:s60001:r1:PR1_HT1_EC1:ceb9ada93d38,cf9bc95d906238978e0c5ab26a1947d4104e026d3bac972323bf05453ec86ca7,p0023,1350bc637d0ac81f,False,0.0,0.0,0.0,False,False,False
WEN38,benchmark,original,1,60001,1,PR1_HT1_EC1,Full,WEN38:i1:nsga2:s60001:r1:PR1_HT1_EC1:ceb9ada93d38,cf9bc95d906238978e0c5ab26a1947d4104e026d3bac972323bf05453ec86ca7,p0024,de94e6bcba7d4aff,False,0.0,0.0,0.0,False,False,False
WEN38,benchmark,original,1,60001,1,PR1_HT1_EC1,Full,WEN38:i1:nsga2:s60001:r1:PR1_HT1_EC1:ceb9ada93d38,cf9bc95d906238978e0c5ab26a1947d4104e026d3bac972323bf05453ec86ca7,p0025,870ae6c51b8652c7,False,0.0,0.0,0.0,False,False,False
WEN38,benchmark,original,1,60001,1,PR1_HT1_EC1,Full,WEN38:i1:nsga2:s60001:r1:PR1_HT1_EC1:ceb9ada93d38,cf9bc95d906238978e0c5ab26a1947d4104e026d3bac972323bf05453ec86ca7,p0026,6066f33572ce6fc4,False,0.0,0.0,0.0,False,False,False
WEN38,benchmark,original,1,60001,1,PR1_HT1_EC1,Full,WEN38:i1:nsga2:s60001:r1:PR1_HT1_EC1:ceb9ada93d38,cf9bc95d906238978e0c5ab26a1947d4104e026d3bac972323bf05453ec86ca7,p0027,1e699834ec4ff0d7,False,0.0,0.0,0.0,False,False,False
