run_key,case_id,suite,source,size_group,num_nodes,instance_seed,solver_seed,solver_repeat,algorithm,model_version,physical_instance_hash,model_fingerprint,decision_hash,evaluations,max_evaluations,termination_reason,proposals,cache_hits,local_search_evaluations,actual_evaluations,unique_decisions,evaluation_snapshots,operator_swap_two_repairs,operator_insert_repair,operator_rebalance_team,operator_swap_two_dispatches,operator_move_high_demand_priority,runtime_seconds,pareto_size,reference_front_size,quality_precision,quality_effective_dimensions,hypervolume,igd,F1,F2,F3,final_total_satisfaction,final_min_satisfaction,average_reachable_ratio,final_repaired_ratio,zero_service_ratio,remaining_supply,total_delivered,unmet_ratio_hours,time_infeasible_candidates,capacity_blocked_tons,total_vehicle_trips
S025@corridor@binding:i101:nsga2:s1060000:r0:PR0_HT1_EC1:8353cfdc536a,S025,benchmark,synthetic,small,25,101,1060000,0,nsga2,v2,645b3a3c554829d2bd7eb3bdb04173d87542d672d7bd6ed69c292de4d1047953,de8b8e8a34ece7f905423c9621cbf8d1a1d8961cc2c69f808b39887881b58fb8,30a22335100b69a9,500,500,budget_exhausted,521.0,21.0,0.0,500.0,446.0,500.0,,,,,,4.84580479102442,5,,,,,,7.244965805471891,1025.9576283076326,-0.0,0.26595744680840006,0.0,0.5555555555555556,0.25,0.5,417.2000000000728,174.99999999992724,57.959726443775125,0.0,1779.1875,21.0
S025@corridor@binding:i101:nsga2:s1060000:r0:PR1_HT0_EC1:3856e2908251,S025,benchmark,synthetic,small,25,101,1060000,0,nsga2,v2,645b3a3c554829d2bd7eb3bdb04173d87542d672d7bd6ed69c292de4d1047953,20ebd73a2a1187f31d4627f21616478e6c3c33883daf0b50ae2cbc6aba42f775,dc514ff044302fc4,500,500,budget_exhausted,521.0,21.0,0.0,500.0,445.0,500.0,,,,,,5.432774332992267,5,,,,,,7.244965805471879,1033.6498264992122,-0.0,0.26595744680840283,0.0,0.7037037037037037,0.25,0.5,417.200000000071,174.99999999992906,57.95972644377503,0.0,2775.1875,21.0
S025@corridor@binding:i101:nsga2:s1060000:r0:PR1_HT1_EC0:854b0a538e45,S025,benchmark,synthetic,small,25,101,1060000,0,nsga2,v2,645b3a3c554829d2bd7eb3bdb04173d87542d672d7bd6ed69c292de4d1047953,b804b0bc9aee9949b649092388424f1532bed4a0320656bce8da3ecd7d67d5c5,1cf0727b6e4aef4b,500,500,budget_exhausted,521.0,21.0,0.0,500.0,469.0,500.0,,,,,,1.550444708991563,40,,,,,,4.528251717410251,5050.013104580583,-0.8678714859436998,0.8999999999998567,0.8678714859436998,0.8518518518518519,0.25,0.0,9.43387590268685e-11,592.1999999999057,36.22601373928201,0.0,0.0,70.0
S025@corridor@binding:i101:nsga2:s1060000:r0:PR1_HT1_EC1:6abe6f291736,S025,benchmark,synthetic,small,25,101,1060000,0,nsga2,v2,645b3a3c554829d2bd7eb3bdb04173d87542d672d7bd6ed69c292de4d1047953,3db3e16c9e8b69de801b09fab80fce6ef5ba042230707f3cdbc933e0743523e8,dc514ff044302fc4,500,500,budget_exhausted,521.0,21.0,0.0,500.0,445.0,500.0,,,,,,4.981543208006769,5,,,,,,7.244965805471879,1033.6498264992122,-0.0,0.26595744680840283,0.0,0.7037037037037037,0.25,0.5,417.200000000071,174.99999999992906,57.95972644377503,0.0,2775.1875,21.0
S025@corridor@binding:i101:nsga2:s1060001:r1:PR0_HT1_EC1:4b9ec6e4ad81,S025,benchmark,synthetic,small,25,101,1060001,1,nsga2,v2,645b3a3c554829d2bd7eb3bdb04173d87542d672d7bd6ed69c292de4d1047953,de8b8e8a34ece7f905423c9621cbf8d1a1d8961cc2c69f808b39887881b58fb8,bbb6154797241ada,500,500,budget_exhausted,527.0,27.0,0.0,500.0,454.0,500.0,,,,,,4.728794458002085,5,,,,,,7.244965805471891,1025.9576283076326,-0.0,0.26595744680840006,0.0,0.5555555555555556,0.25,0.5,417.2000000000728,174.99999999992724,57.959726443775125,0.0,1779.1875,21.0
S025@corridor@binding:i101:nsga2:s1060001:r1:PR1_HT0_EC1:9b2b37d019cc,S025,benchmark,synthetic,small,25,101,1060001,1,nsga2,v2,645b3a3c554829d2bd7eb3bdb04173d87542d672d7bd6ed69c292de4d1047953,20ebd73a2a1187f31d4627f21616478e6c3c33883daf0b50ae2cbc6aba42f775,07394de1f8455fb2,500,500,budget_exhausted,527.0,27.0,0.0,500.0,456.0,500.0,,,,,,5.714427917002467,5,,,,,,7.244965805471879,1033.6498264992122,-0.0,0.26595744680840283,0.0,0.7037037037037037,0.25,0.5,417.200000000071,174.99999999992906,57.95972644377503,0.0,2775.1875,21.0
S025@corridor@binding:i101:nsga2:s1060001:r1:PR1_HT1_EC0:41a513b2b48a,S025,benchmark,synthetic,small,25,101,1060001,1,nsga2,v2,645b3a3c554829d2bd7eb3bdb04173d87542d672d7bd6ed69c292de4d1047953,b804b0bc9aee9949b649092388424f1532bed4a0320656bce8da3ecd7d67d5c5,cde6c0b29343e286,500,500,budget_exhausted,527.0,27.0,0.0,500.0,470.0,500.0,,,,,,1.5373566249909345,39,,,,,,4.528251717410251,5033.3811674421795,-0.8678714859436998,0.8999999999998567,0.8678714859436998,0.8518518518518519,0.25,0.0,9.43387590268685e-11,592.1999999999057,36.22601373928201,0.0,0.0,70.0
S025@corridor@binding:i101:nsga2:s1060001:r1:PR1_HT1_EC1:a1f1bd291f41,S025,benchmark,synthetic,small,25,101,1060001,1,nsga2,v2,645b3a3c554829d2bd7eb3bdb04173d87542d672d7bd6ed69c292de4d1047953,3db3e16c9e8b69de801b09fab80fce6ef5ba042230707f3cdbc933e0743523e8,07394de1f8455fb2,500,500,budget_exhausted,527.0,27.0,0.0,500.0,456.0,500.0,,,,,,5.190775333001511,5,,,,,,7.244965805471879,1033.6498264992122,-0.0,0.26595744680840283,0.0,0.7037037037037037,0.25,0.5,417.200000000071,174.99999999992906,57.95972644377503,0.0,2775.1875,21.0
S025@corridor@binding:i102:nsga2:s1070000:r0:PR0_HT1_EC1:e5cad6c85852,S025,benchmark,synthetic,small,25,102,1070000,0,nsga2,v2,25e7b74fd7208cd542569f2bc9871358dcab9b95f9b86f53900f2c41ac0c7e8c,34877783eec7440b56376c5b8b4077ab80c8132f98c7afd480fcfa11ca04dfaa,5ffdde9becab8ce4,500,500,budget_exhausted,529.0,29.0,0.0,500.0,470.0,500.0,,,,,,4.383497750008246,25,,,,,,5.133333707910856,3558.7017038626827,-0.7068062827225131,0.8212886727610208,0.7068062827225131,0.7777777777777778,0.375,0.0,60.0567426833412,626.6432573166588,41.066669663286845,0.0,2025.400285802202,63.0
S025@corridor@binding:i102:nsga2:s1070000:r0:PR1_HT0_EC1:75cc4e2aff9b,S025,benchmark,synthetic,small,25,102,1070000,0,nsga2,v2,25e7b74fd7208cd542569f2bc9871358dcab9b95f9b86f53900f2c41ac0c7e8c,8ddaf5e0d22d5e7800a00a44f6a13d1ecd33623ff23765fb2b1f88170e3611d7,32ebd783f4016e89,500,500,budget_exhausted,529.0,29.0,0.0,500.0,464.0,500.0,,,,,,5.007546082983026,42,,,,,,4.612104676948171,4293.190998286051,-0.7853403141361257,0.8774229826026985,0.7853403141361257,0.925925925925926,0.25,0.0,17.226264274141215,669.4737357258589,36.89683741558537,0.0,2853.702535178074,72.0
S025@corridor@binding:i102:nsga2:s1070000:r0:PR1_HT1_EC0:6d64fbb47f71,S025,benchmark,synthetic,small,25,102,1070000,0,nsga2,v2,25e7b74fd7208cd542569f2bc9871358dcab9b95f9b86f53900f2c41ac0c7e8c,aad1b8a2a825534eddf1e3b5e952ede46d3a6de761138cd1d40bf9c0e385cbe0,0d9d3152bdf41867,500,500,budget_exhausted,529.0,29.0,0.0,500.0,471.0,500.0,,,,,,1.5346638339979108,50,,,,,,4.211523217373897,4285.524384253617,-0.8755301794451508,0.8999999999998395,0.8755301794451508,0.925925925925926,0.375,0.0,1.2255441106390208e-10,686.6999999998775,33.69218573899118,0.0,0.0,84.0
S025@corridor@binding:i102:nsga2:s1070000:r0:PR1_HT1_EC1:d5a7da3e9b05,S025,benchmark,synthetic,small,25,102,1070000,0,nsga2,v2,25e7b74fd7208cd542569f2bc9871358dcab9b95f9b86f53900f2c41ac0c7e8c,99e91ee5a24ca4ce220d739ca40d54d4e88d7cf6047bb2c40226cf1e973b867a,bd3f4ce24defb3a5,500,500,budget_exhausted,529.0,29.0,0.0,500.0,462.0,500.0,,,,,,4.622860875009792,36,,,,,,4.667452695887644,4306.980980790693,-0.7853403141361257,0.877422982602798,0.7853403141361257,0.925925925925926,0.25,0.0,17.226264274065073,669.473735725935,37.339621567101155,0.0,2302.933073628892,73.0
S025@corridor@binding:i102:nsga2:s1070001:r1:PR0_HT1_EC1:e7f73c353cd1,S025,benchmark,synthetic,small,25,102,1070001,1,nsga2,v2,25e7b74fd7208cd542569f2bc9871358dcab9b95f9b86f53900f2c41ac0c7e8c,34877783eec7440b56376c5b8b4077ab80c8132f98c7afd480fcfa11ca04dfaa,ed538a0f27a004be,500,500,budget_exhausted,528.0,28.0,0.0,500.0,464.0,500.0,,,,,,4.6642799169931095,23,,,,,,5.133333707910856,3595.0664797445843,-0.7068062827225131,0.8212886727610208,0.7068062827225131,0.7777777777777778,0.25,0.0,60.0567426833412,626.6432573166588,41.066669663286845,0.0,2025.400285802202,63.0
S025@corridor@binding:i102:nsga2:s1070001:r1:PR1_HT0_EC1:d952fda92850,S025,benchmark,synthetic,small,25,102,1070001,1,nsga2,v2,25e7b74fd7208cd542569f2bc9871358dcab9b95f9b86f53900f2c41ac0c7e8c,8ddaf5e0d22d5e7800a00a44f6a13d1ecd33623ff23765fb2b1f88170e3611d7,5e4396a853cb724f,500,500,budget_exhausted,528.0,28.0,0.0,500.0,466.0,500.0,,,,,,6.082609415985644,43,,,,,,4.612104676948171,4167.237751368348,-0.7853403141361257,0.8774229826026985,0.7853403141361257,0.925925925925926,0.25,0.0,17.226264274141215,669.4737357258589,36.89683741558537,0.0,2853.702535178074,72.0
S025@corridor@binding:i102:nsga2:s1070001:r1:PR1_HT1_EC0:1400af4ac24c,S025,benchmark,synthetic,small,25,102,1070001,1,nsga2,v2,25e7b74fd7208cd542569f2bc9871358dcab9b95f9b86f53900f2c41ac0c7e8c,aad1b8a2a825534eddf1e3b5e952ede46d3a6de761138cd1d40bf9c0e385cbe0,bd0f9cccf9ba143f,500,500,budget_exhausted,528.0,28.0,0.0,500.0,469.0,500.0,,,,,,1.614606666000327,42,,,,,,4.211523217373897,4285.524384253617,-0.8755301794451508,0.8999999999998395,0.8755301794451508,0.925925925925926,0.25,0.0,1.2255441106390208e-10,686.6999999998775,33.69218573899118,0.0,0.0,84.0
S025@corridor@binding:i102:nsga2:s1070001:r1:PR1_HT1_EC1:4bf2708ae859,S025,benchmark,synthetic,small,25,102,1070001,1,nsga2,v2,25e7b74fd7208cd542569f2bc9871358dcab9b95f9b86f53900f2c41ac0c7e8c,99e91ee5a24ca4ce220d739ca40d54d4e88d7cf6047bb2c40226cf1e973b867a,f887ecb5eae402f6,500,500,budget_exhausted,528.0,28.0,0.0,500.0,471.0,500.0,,,,,,4.675235541013535,36,,,,,,4.568214100407843,4307.993124762185,-0.8638743455497382,0.8970822224453796,0.8638743455497382,0.925925925925926,0.25,0.0,2.2262642741754632,684.4737357258247,36.545712803262745,0.0,2227.2140252778036,73.0
S025@corridor@inactive:i101:nsga2:s1060000:r0:PR0_HT1_EC1:695392aa124e,S025,benchmark,synthetic,small,25,101,1060000,0,nsga2,v2,1efe1d1907c2fa4b02522f8fdf5dd2f7ca474637751fc5d683586fd07890f5aa,7c4430d802cf762c616343b8b136bbf4fc8b2573e97612c562b51bd7bf35315e,446d1119ac6df040,500,500,budget_exhausted,521.0,21.0,0.0,500.0,462.0,500.0,,,,,,2.837849624978844,13,,,,,,6.103297387295841,2744.4582868741086,-0.4878048780487805,0.645514568086851,0.4878048780487805,0.5555555555555556,0.25,0.0,167.45141419885206,424.748585801148,48.82637909836673,0.0,0.0,45.0
S025@corridor@inactive:i101:nsga2:s1060000:r0:PR1_HT0_EC1:b339f64ad983,S025,benchmark,synthetic,small,25,101,1060000,0,nsga2,v2,1efe1d1907c2fa4b02522f8fdf5dd2f7ca474637751fc5d683586fd07890f5aa,d7516583c0a6075e4089331c75d2b121a7208aa8bd36ceed1846958bb3ecb73e,7d342e706d518418,500,500,budget_exhausted,521.0,21.0,0.0,500.0,473.0,500.0,,,,,,3.7426106249913573,29,,,,,,4.0120175758104075,4094.9414227207953,-0.8678714859437232,0.8999999999998745,0.8678714859437232,0.8518518518518519,0.25,0.0,8.265033102361485e-11,592.1999999999174,32.09614060648326,0.0,823.9007596657029,59.0
S025@corridor@inactive:i101:nsga2:s1060000:r0:PR1_HT1_EC0:a86ce6b22107,S025,benchmark,synthetic,small,25,101,1060000,0,nsga2,v2,1efe1d1907c2fa4b02522f8fdf5dd2f7ca474637751fc5d683586fd07890f5aa,179b483864702c06d2fd6588dbbdaffaa29d0c92d040844319c17a1c6906a610,1cf0727b6e4aef4b,500,500,budget_exhausted,521.0,21.0,0.0,500.0,469.0,500.0,,,,,,1.5526814589975402,40,,,,,,4.528251717410251,5050.013104580583,-0.8678714859436998,0.8999999999998567,0.8678714859436998,0.8518518518518519,0.25,0.0,9.43387590268685e-11,592.1999999999057,36.22601373928201,0.0,0.0,70.0
S025@corridor@inactive:i101:nsga2:s1060000:r0:PR1_HT1_EC1:936edd1f2272,S025,benchmark,synthetic,small,25,101,1060000,0,nsga2,v2,1efe1d1907c2fa4b02522f8fdf5dd2f7ca474637751fc5d683586fd07890f5aa,9d4be61a61fa0afcf9d0e9a7d81c4d0b248ef00c80c717970c5b39a157f09478,1cf0727b6e4aef4b,500,500,budget_exhausted,521.0,21.0,0.0,500.0,469.0,500.0,,,,,,3.187390625011176,40,,,,,,4.528251717410251,5050.013104580583,-0.8678714859436998,0.8999999999998567,0.8678714859436998,0.8518518518518519,0.25,0.0,9.43387590268685e-11,592.1999999999057,36.22601373928201,0.0,0.0,70.0
S025@corridor@inactive:i101:nsga2:s1060001:r1:PR0_HT1_EC1:4033821e0b6c,S025,benchmark,synthetic,small,25,101,1060001,1,nsga2,v2,1efe1d1907c2fa4b02522f8fdf5dd2f7ca474637751fc5d683586fd07890f5aa,7c4430d802cf762c616343b8b136bbf4fc8b2573e97612c562b51bd7bf35315e,b14bac020e17e995,500,500,budget_exhausted,527.0,27.0,0.0,500.0,466.0,500.0,,,,,,2.685271541995462,13,,,,,,6.103297387295841,2744.4582868741086,-0.4878048780487805,0.645514568086851,0.4878048780487805,0.5555555555555556,0.25,0.0,167.45141419885206,424.748585801148,48.82637909836673,0.0,0.0,45.0
S025@corridor@inactive:i101:nsga2:s1060001:r1:PR1_HT0_EC1:6b766fe2ff8b,S025,benchmark,synthetic,small,25,101,1060001,1,nsga2,v2,1efe1d1907c2fa4b02522f8fdf5dd2f7ca474637751fc5d683586fd07890f5aa,d7516583c0a6075e4089331c75d2b121a7208aa8bd36ceed1846958bb3ecb73e,2f5eeafea146cb41,500,500,budget_exhausted,527.0,27.0,0.0,500.0,474.0,500.0,,,,,,3.6742154579842463,29,,,,,,4.0120175758104075,4094.9414227207953,-0.8678714859437232,0.8999999999998745,0.8678714859437232,0.8518518518518519,0.25,0.0,8.265033102361485e-11,592.1999999999174,32.09614060648326,0.0,823.9007596657029,59.0
S025@corridor@inactive:i101:nsga2:s1060001:r1:PR1_HT1_EC0:8bbc9a1f3321,S025,benchmark,synthetic,small,25,101,1060001,1,nsga2,v2,1efe1d1907c2fa4b02522f8fdf5dd2f7ca474637751fc5d683586fd07890f5aa,179b483864702c06d2fd6588dbbdaffaa29d0c92d040844319c17a1c6906a610,cde6c0b29343e286,500,500,budget_exhausted,527.0,27.0,0.0,500.0,470.0,500.0,,,,,,1.5430847909883596,39,,,,,,4.528251717410251,5033.3811674421795,-0.8678714859436998,0.8999999999998567,0.8678714859436998,0.8518518518518519,0.25,0.0,9.43387590268685e-11,592.1999999999057,36.22601373928201,0.0,0.0,70.0
S025@corridor@inactive:i101:nsga2:s1060001:r1:PR1_HT1_EC1:67564d14e5f7,S025,benchmark,synthetic,small,25,101,1060001,1,nsga2,v2,1efe1d1907c2fa4b02522f8fdf5dd2f7ca474637751fc5d683586fd07890f5aa,9d4be61a61fa0afcf9d0e9a7d81c4d0b248ef00c80c717970c5b39a157f09478,cde6c0b29343e286,500,500,budget_exhausted,527.0,27.0,0.0,500.0,470.0,500.0,,,,,,3.0695905839966144,39,,,,,,4.528251717410251,5033.3811674421795,-0.8678714859436998,0.8999999999998567,0.8678714859436998,0.8518518518518519,0.25,0.0,9.43387590268685e-11,592.1999999999057,36.22601373928201,0.0,0.0,70.0
S025@corridor@inactive:i102:nsga2:s1070000:r0:PR0_HT1_EC1:b000292d4414,S025,benchmark,synthetic,small,25,102,1070000,0,nsga2,v2,2e814cd9fcac3903c94a188170ea145cdf0012758210e24bec0ee8270490ed48,40ce0ed53e7fe8c366332bf52a48de218ab766bedae9227d7ad63fe1b278b89f,ec28acedbe95bb7e,500,500,budget_exhausted,529.0,29.0,0.0,500.0,464.0,500.0,,,,,,3.098435749998316,11,,,,,,4.721005461811413,3379.002190434665,-0.8755301794452158,0.899999999999826,0.8755301794452158,0.7777777777777778,0.375,0.0,1.3277201560413232e-10,686.6999999998673,37.768043694491304,0.0,0.0,73.0
S025@corridor@inactive:i102:nsga2:s1070000:r0:PR1_HT0_EC1:d467400fa28a,S025,benchmark,synthetic,small,25,102,1070000,0,nsga2,v2,2e814cd9fcac3903c94a188170ea145cdf0012758210e24bec0ee8270490ed48,2e933b6bebf4435f8501ffbea87ad104adecb83c124d1114cbab9ce29c460af0,bdef86effae56540,500,500,budget_exhausted,529.0,29.0,0.0,500.0,460.0,500.0,,,,,,3.2061278329929337,11,,,,,,3.724113106199151,3913.617939373897,-0.8999999999999353,0.8999999999999354,0.8999999999999353,0.925925925925926,0.375,0.0,4.941114184475737e-11,686.6999999999507,29.792904849593207,0.0,0.0,79.0
S025@corridor@inactive:i102:nsga2:s1070000:r0:PR1_HT1_EC0:bac39318c609,S025,benchmark,synthetic,small,25,102,1070000,0,nsga2,v2,2e814cd9fcac3903c94a188170ea145cdf0012758210e24bec0ee8270490ed48,8efcc5ef502f2a9c0958acfa656708af9cb56924654883555f3396bf165cc52f,0d9d3152bdf41867,500,500,budget_exhausted,529.0,29.0,0.0,500.0,471.0,500.0,,,,,,1.535254333022749,50,,,,,,4.211523217373897,4285.524384253617,-0.8755301794451508,0.8999999999998395,0.8755301794451508,0.925925925925926,0.375,0.0,1.2255441106390208e-10,686.6999999998775,33.69218573899118,0.0,0.0,84.0
S025@corridor@inactive:i102:nsga2:s1070000:r0:PR1_HT1_EC1:5ea31455e620,S025,benchmark,synthetic,small,25,102,1070000,0,nsga2,v2,2e814cd9fcac3903c94a188170ea145cdf0012758210e24bec0ee8270490ed48,326f76e99f5143fa83843f2e539e46bdb3745f86f7124dfcaa5f774bc9992662,0d9d3152bdf41867,500,500,budget_exhausted,529.0,29.0,0.0,500.0,471.0,500.0,,,,,,3.188516125024762,50,,,,,,4.211523217373897,4285.524384253617,-0.8755301794451508,0.8999999999998395,0.8755301794451508,0.925925925925926,0.375,0.0,1.2255441106390208e-10,686.6999999998775,33.69218573899118,0.0,0.0,84.0
S025@corridor@inactive:i102:nsga2:s1070001:r1:PR0_HT1_EC1:058a193aaa0a,S025,benchmark,synthetic,small,25,102,1070001,1,nsga2,v2,2e814cd9fcac3903c94a188170ea145cdf0012758210e24bec0ee8270490ed48,40ce0ed53e7fe8c366332bf52a48de218ab766bedae9227d7ad63fe1b278b89f,1ef01e5e00d2b089,500,500,budget_exhausted,528.0,28.0,0.0,500.0,459.0,500.0,,,,,,3.0711652080062777,8,,,,,,4.721005461811413,3379.002190434665,-0.8755301794452158,0.899999999999826,0.8755301794452158,0.7777777777777778,0.375,0.0,1.3277201560413232e-10,686.6999999998673,37.768043694491304,0.0,0.0,73.0
S025@corridor@inactive:i102:nsga2:s1070001:r1:PR1_HT0_EC1:2dd37455a867,S025,benchmark,synthetic,small,25,102,1070001,1,nsga2,v2,2e814cd9fcac3903c94a188170ea145cdf0012758210e24bec0ee8270490ed48,2e933b6bebf4435f8501ffbea87ad104adecb83c124d1114cbab9ce29c460af0,a1ec65e0f543a200,500,500,budget_exhausted,528.0,28.0,0.0,500.0,439.0,500.0,,,,,,3.135929790994851,8,,,,,,3.724113106199151,3913.617939373897,-0.8999999999999353,0.8999999999999354,0.8999999999999353,0.925925925925926,0.375,0.0,4.941114184475737e-11,686.6999999999507,29.792904849593207,0.0,0.0,79.0
S025@corridor@inactive:i102:nsga2:s1070001:r1:PR1_HT1_EC0:a0d4a79acbb1,S025,benchmark,synthetic,small,25,102,1070001,1,nsga2,v2,2e814cd9fcac3903c94a188170ea145cdf0012758210e24bec0ee8270490ed48,8efcc5ef502f2a9c0958acfa656708af9cb56924654883555f3396bf165cc52f,bd0f9cccf9ba143f,500,500,budget_exhausted,528.0,28.0,0.0,500.0,469.0,500.0,,,,,,1.5361589590029325,42,,,,,,4.211523217373897,4285.524384253617,-0.8755301794451508,0.8999999999998395,0.8755301794451508,0.925925925925926,0.25,0.0,1.2255441106390208e-10,686.6999999998775,33.69218573899118,0.0,0.0,84.0
S025@corridor@inactive:i102:nsga2:s1070001:r1:PR1_HT1_EC1:92d9f9fb0c34,S025,benchmark,synthetic,small,25,102,1070001,1,nsga2,v2,2e814cd9fcac3903c94a188170ea145cdf0012758210e24bec0ee8270490ed48,326f76e99f5143fa83843f2e539e46bdb3745f86f7124dfcaa5f774bc9992662,bd0f9cccf9ba143f,500,500,budget_exhausted,528.0,28.0,0.0,500.0,469.0,500.0,,,,,,3.2872654999955557,42,,,,,,4.211523217373897,4285.524384253617,-0.8755301794451508,0.8999999999998395,0.8755301794451508,0.925925925925926,0.25,0.0,1.2255441106390208e-10,686.6999999998775,33.69218573899118,0.0,0.0,84.0
S025@corridor@transition:i101:nsga2:s1060000:r0:PR0_HT1_EC1:e4e07a86b37e,S025,benchmark,synthetic,small,25,101,1060000,0,nsga2,v2,79c24d8b68c20dd6cc4f88b5fd4815d867fd618cb4ef402aacd5d34ea36f9c84,1d86d838a4a4d612e17106477758108c7d9999e1199e17d8d4894ad3f513cdc9,12107015ae80e154,500,500,budget_exhausted,521.0,21.0,0.0,500.0,468.0,500.0,,,,,,4.7146463750104886,11,,,,,,6.947164703648064,1131.8348304109577,-0.0,0.3115501519755889,0.0,0.5555555555555556,0.25,0.5,387.2000000000626,204.9999999999375,55.57731762918451,0.0,1583.234375,18.0
S025@corridor@transition:i101:nsga2:s1060000:r0:PR1_HT0_EC1:0d714d56d220,S025,benchmark,synthetic,small,25,101,1060000,0,nsga2,v2,79c24d8b68c20dd6cc4f88b5fd4815d867fd618cb4ef402aacd5d34ea36f9c84,3e96896500ff8bf21a97283749bbb3686b4c052fd47abb495440ba7da705207a,b3a9e7a7ecd8442b,500,500,budget_exhausted,521.0,21.0,0.0,500.0,465.0,500.0,,,,,,6.1445223330229055,16,,,,,,6.811851414014816,1356.8876780105995,-0.0,0.3404804628848799,0.0,0.8518518518518519,0.25,0.3333333333333333,368.1638554217491,224.03614457825097,54.49481131211853,0.0,3486.198230421749,21.0
S025@corridor@transition:i101:nsga2:s1060000:r0:PR1_HT1_EC0:7d29063592f4,S025,benchmark,synthetic,small,25,101,1060000,0,nsga2,v2,79c24d8b68c20dd6cc4f88b5fd4815d867fd618cb4ef402aacd5d34ea36f9c84,5caedb1af661842f7a2977360003abd2af05e0f067393ddc287122bc3f583c28,1cf0727b6e4aef4b,500,500,budget_exhausted,521.0,21.0,0.0,500.0,469.0,500.0,,,,,,1.5509019999881275,40,,,,,,4.528251717410251,5050.013104580583,-0.8678714859436998,0.8999999999998567,0.8678714859436998,0.8518518518518519,0.25,0.0,9.43387590268685e-11,592.1999999999057,36.22601373928201,0.0,0.0,70.0
S025@corridor@transition:i101:nsga2:s1060000:r0:PR1_HT1_EC1:85955ada0066,S025,benchmark,synthetic,small,25,101,1060000,0,nsga2,v2,79c24d8b68c20dd6cc4f88b5fd4815d867fd618cb4ef402aacd5d34ea36f9c84,db64bc16252937a91353058714bce25ca4f9464710583bced919b7ed97fb3be2,0547a617834a41d6,500,500,budget_exhausted,521.0,21.0,0.0,500.0,471.0,500.0,,,,,,5.499748790985905,13,,,,,,6.811851414014816,1381.5544924120095,-0.0,0.3404804628848799,0.0,0.8518518518518519,0.125,0.3333333333333333,368.1638554217491,224.03614457825097,54.49481131211853,0.0,3486.198230421749,21.0
S025@corridor@transition:i101:nsga2:s1060001:r1:PR0_HT1_EC1:ff8fa5c2dc8c,S025,benchmark,synthetic,small,25,101,1060001,1,nsga2,v2,79c24d8b68c20dd6cc4f88b5fd4815d867fd618cb4ef402aacd5d34ea36f9c84,1d86d838a4a4d612e17106477758108c7d9999e1199e17d8d4894ad3f513cdc9,101258b2a0fcf51e,500,500,budget_exhausted,527.0,27.0,0.0,500.0,468.0,500.0,,,,,,4.724239083006978,11,,,,,,6.947164703648064,1131.8348304109577,-0.0,0.3115501519755889,0.0,0.5555555555555556,0.25,0.5,387.2000000000626,204.9999999999375,55.57731762918451,0.0,1583.234375,18.0
S025@corridor@transition:i101:nsga2:s1060001:r1:PR1_HT0_EC1:7bff5436b0c7,S025,benchmark,synthetic,small,25,101,1060001,1,nsga2,v2,79c24d8b68c20dd6cc4f88b5fd4815d867fd618cb4ef402aacd5d34ea36f9c84,3e96896500ff8bf21a97283749bbb3686b4c052fd47abb495440ba7da705207a,144b581acdad7514,500,500,budget_exhausted,527.0,27.0,0.0,500.0,471.0,500.0,,,,,,6.392520249995869,17,,,,,,6.811851414014816,1381.5544924120095,-0.0,0.3404804628848799,0.0,0.8518518518518519,0.125,0.3333333333333333,368.1638554217491,224.03614457825097,54.49481131211853,0.0,3486.198230421749,21.0
S025@corridor@transition:i101:nsga2:s1060001:r1:PR1_HT1_EC0:fcee649143dd,S025,benchmark,synthetic,small,25,101,1060001,1,nsga2,v2,79c24d8b68c20dd6cc4f88b5fd4815d867fd618cb4ef402aacd5d34ea36f9c84,5caedb1af661842f7a2977360003abd2af05e0f067393ddc287122bc3f583c28,cde6c0b29343e286,500,500,budget_exhausted,527.0,27.0,0.0,500.0,470.0,500.0,,,,,,1.565710416994989,39,,,,,,4.528251717410251,5033.3811674421795,-0.8678714859436998,0.8999999999998567,0.8678714859436998,0.8518518518518519,0.25,0.0,9.43387590268685e-11,592.1999999999057,36.22601373928201,0.0,0.0,70.0
S025@corridor@transition:i101:nsga2:s1060001:r1:PR1_HT1_EC1:5981db62a04a,S025,benchmark,synthetic,small,25,101,1060001,1,nsga2,v2,79c24d8b68c20dd6cc4f88b5fd4815d867fd618cb4ef402aacd5d34ea36f9c84,db64bc16252937a91353058714bce25ca4f9464710583bced919b7ed97fb3be2,90ef2f3fe6865887,500,500,budget_exhausted,527.0,27.0,0.0,500.0,461.0,500.0,,,,,,5.40763733399217,16,,,,,,6.811851414014816,1381.5544924120095,-0.0,0.3404804628848799,0.0,0.8518518518518519,0.25,0.3333333333333333,368.1638554217491,224.03614457825097,54.49481131211853,0.0,3486.198230421749,21.0
S025@corridor@transition:i102:nsga2:s1070000:r0:PR0_HT1_EC1:9d86b7f399ae,S025,benchmark,synthetic,small,25,102,1070000,0,nsga2,v2,99da49bc5facfcdb946cf238748a769dea3acd25be847396ffc15775a1845096,46c2d5b92ef737da2655e149e036f5597cea2534700495447e71edd15f3f7a02,ec28acedbe95bb7e,500,500,budget_exhausted,529.0,29.0,0.0,500.0,464.0,500.0,,,,,,3.100533709017327,11,,,,,,4.721005461811413,3379.002190434665,-0.8755301794452158,0.899999999999826,0.8755301794452158,0.7777777777777778,0.375,0.0,1.3277201560413232e-10,686.6999999998673,37.768043694491304,0.0,0.0,73.0
S025@corridor@transition:i102:nsga2:s1070000:r0:PR1_HT0_EC1:0f8ad9cd5a7c,S025,benchmark,synthetic,small,25,102,1070000,0,nsga2,v2,99da49bc5facfcdb946cf238748a769dea3acd25be847396ffc15775a1845096,507c2d900a3414a5b2df832d411e0a39fad4d57ca595dc445f8b1a1e106c15c2,f8f445298b19c215,500,500,budget_exhausted,529.0,29.0,0.0,500.0,459.0,500.0,,,,,,3.2984996250015683,19,,,,,,3.8955387140397315,3973.8086358110254,-0.8977095516567817,0.8999999999998132,0.8977095516567817,0.925925925925926,0.375,0.0,1.425348727934761e-10,686.6999999998575,31.164309712317852,0.0,534.3866231649063,79.0
S025@corridor@transition:i102:nsga2:s1070000:r0:PR1_HT1_EC0:8fbc426fe68e,S025,benchmark,synthetic,small,25,102,1070000,0,nsga2,v2,99da49bc5facfcdb946cf238748a769dea3acd25be847396ffc15775a1845096,410d2efffc3a27d41ca71ea3d370e053716c51f8a7058356cf4f3fc97a1924b8,0d9d3152bdf41867,500,500,budget_exhausted,529.0,29.0,0.0,500.0,471.0,500.0,,,,,,1.5697238329739776,50,,,,,,4.211523217373897,4285.524384253617,-0.8755301794451508,0.8999999999998395,0.8755301794451508,0.925925925925926,0.375,0.0,1.2255441106390208e-10,686.6999999998775,33.69218573899118,0.0,0.0,84.0
S025@corridor@transition:i102:nsga2:s1070000:r0:PR1_HT1_EC1:53750258a23e,S025,benchmark,synthetic,small,25,102,1070000,0,nsga2,v2,99da49bc5facfcdb946cf238748a769dea3acd25be847396ffc15775a1845096,20d3574204c9ed9e876d9e02c02661de02d337f4f82e2b26129e7b0c783d9749,9c3658b2a0db775f,500,500,budget_exhausted,529.0,29.0,0.0,500.0,470.0,500.0,,,,,,3.1995502499921713,45,,,,,,4.2033467442665,4335.258567662476,-0.8755301794452136,0.89999999999989,0.8755301794452136,0.925925925925926,0.375,0.0,8.404299478570465e-11,686.699999999916,33.626773954132,0.0,0.0,84.0
S025@corridor@transition:i102:nsga2:s1070001:r1:PR0_HT1_EC1:fdeb76700c41,S025,benchmark,synthetic,small,25,102,1070001,1,nsga2,v2,99da49bc5facfcdb946cf238748a769dea3acd25be847396ffc15775a1845096,46c2d5b92ef737da2655e149e036f5597cea2534700495447e71edd15f3f7a02,1ef01e5e00d2b089,500,500,budget_exhausted,528.0,28.0,0.0,500.0,459.0,500.0,,,,,,3.0684459999902174,8,,,,,,4.721005461811413,3379.002190434665,-0.8755301794452158,0.899999999999826,0.8755301794452158,0.7777777777777778,0.375,0.0,1.3277201560413232e-10,686.6999999998673,37.768043694491304,0.0,0.0,73.0
S025@corridor@transition:i102:nsga2:s1070001:r1:PR1_HT0_EC1:55440403c437,S025,benchmark,synthetic,small,25,102,1070001,1,nsga2,v2,99da49bc5facfcdb946cf238748a769dea3acd25be847396ffc15775a1845096,507c2d900a3414a5b2df832d411e0a39fad4d57ca595dc445f8b1a1e106c15c2,2e46223950d8d453,500,500,budget_exhausted,528.0,28.0,0.0,500.0,466.0,500.0,,,,,,3.3519263329799287,20,,,,,,3.956543397614529,4022.9207661031073,-0.8977095516567655,0.8999999999998273,0.8977095516567655,0.925925925925926,0.375,0.0,1.3181278291085619e-10,686.6999999998682,31.65234718091623,0.0,285.0,81.0
S025@corridor@transition:i102:nsga2:s1070001:r1:PR1_HT1_EC0:4fe4758377fe,S025,benchmark,synthetic,small,25,102,1070001,1,nsga2,v2,99da49bc5facfcdb946cf238748a769dea3acd25be847396ffc15775a1845096,410d2efffc3a27d41ca71ea3d370e053716c51f8a7058356cf4f3fc97a1924b8,bd0f9cccf9ba143f,500,500,budget_exhausted,528.0,28.0,0.0,500.0,469.0,500.0,,,,,,1.5481678749783896,42,,,,,,4.211523217373897,4285.524384253617,-0.8755301794451508,0.8999999999998395,0.8755301794451508,0.925925925925926,0.25,0.0,1.2255441106390208e-10,686.6999999998775,33.69218573899118,0.0,0.0,84.0
S025@corridor@transition:i102:nsga2:s1070001:r1:PR1_HT1_EC1:f7b5fefe44d6,S025,benchmark,synthetic,small,25,102,1070001,1,nsga2,v2,99da49bc5facfcdb946cf238748a769dea3acd25be847396ffc15775a1845096,20d3574204c9ed9e876d9e02c02661de02d337f4f82e2b26129e7b0c783d9749,c2a0702cdaeae475,500,500,budget_exhausted,528.0,28.0,0.0,500.0,463.0,500.0,,,,,,3.349179582990473,44,,,,,,4.211523217373897,4285.524384253617,-0.8755301794451508,0.8999999999998395,0.8755301794451508,0.925925925925926,0.375,0.0,1.2255441106390208e-10,686.6999999998775,33.69218573899118,0.0,0.0,84.0
