cohort,run_key,solution_id,is_representative,decision_hash,F1,F2,F3,F3_key,min_satisfaction,total_satisfaction,zero_service_ratio,remaining_supply,cumulative_min_service_shortfall_hours
historical_S025,S025:i101:nsga2_alns:s1060000:r0:ea312f1117d4,p0001,False,3e648c67f60139cf,3.796265548754718,3255.2124555126506,-0.8999999999998317,-90000000,0.8999999999998317,0.8999999999998318,0.0,1.9061019429500448e-10,39.54444444444714
historical_S025,S025:i101:nsga2_alns:s1060000:r0:ea312f1117d4,p0002,False,352174b29453b648,3.852882482266363,3037.6543461028964,-0.8999999999998132,-90000000,0.8999999999998132,0.8999999999998133,0.0,2.1150725615370902e-10,39.822222222225214
historical_S025,S025:i101:nsga2_alns:s1060000:r0:ea312f1117d4,p0003,False,37c146a665593b53,3.789487344634663,3294.8513050633737,-0.8999999999999773,-90000000,0.8999999999999773,0.8999999999999773,0.0,2.5970336992031662e-11,38.71111111111148
historical_S025,S025:i101:nsga2_alns:s1060000:r0:ea312f1117d4,p0004,False,4277c70ea192f682,3.79962976612343,3189.0536878896487,-0.8999999999998317,-90000000,0.8999999999998317,0.8999999999998318,0.0,1.9062440514971968e-10,39.54444444444714
historical_S025,S025:i101:nsga2_alns:s1060000:r0:ea312f1117d4,p0005,True,f004bfeb0ef6bd44,3.787971384496303,3308.698174805985,-0.8999999999999773,-90000000,0.8999999999999773,0.8999999999999773,0.0,2.5920599000528455e-11,38.71111111111148
historical_S025,S025:i101:nsga2_alns:s1060000:r0:ea312f1117d4,p0006,False,2b0dc1f4a658a7ec,3.8405568695418766,3149.22320598986,-0.8999999999999435,-90000000,0.8999999999999435,0.8999999999999436,0.0,6.403411134670023e-11,44.78616425364727
historical_S025,S025:i101:nsga2_alns:s1060001:r1:6042496f55c9,p0001,True,4bb529504ddde22b,3.792777138995903,3132.5275730429476,-0.8999999999999527,-90000000,0.8999999999999527,0.8999999999999527,0.0,5.3731241678178776e-11,39.18332985967824
historical_S025,S025:i101:nsga2_alns:s1060002:r2:094a953d55dc,p0001,True,e315e9b7a2f04bfe,3.803474235509807,3126.1152562577013,-0.899999999999744,-90000000,0.899999999999744,0.8999999999997441,0.0,2.8988722533540567e-10,39.496793843049716
historical_S025,S025:i101:nsga2_ls:s1060000:r0:09278e7b2cfa,p0001,False,2e936904a5e41510,3.819479348843992,3524.0256686306425,-0.8999999999997318,-90000000,0.8999999999997318,0.8999999999997319,0.0,3.037143869732972e-10,45.49473684210955
historical_S025,S025:i101:nsga2_ls:s1060000:r0:09278e7b2cfa,p0002,True,a7a66674d210ea2b,3.7859999810272447,3561.2401549871156,-0.899999999999957,-90000000,0.899999999999957,0.8999999999999571,0.0,4.884270765614929e-11,37.24040615224513
historical_S025,S025:i101:nsga2_ls:s1060000:r0:09278e7b2cfa,p0003,False,25520ece1004f590,3.8393812474948588,3186.2394044603816,-0.8999999999999472,-90000000,0.8999999999999472,0.8999999999999473,0.0,5.981348749628523e-11,45.49473684210611
historical_S025,S025:i101:nsga2_ls:s1060000:r0:09278e7b2cfa,p0004,False,49e25f420e7ced39,3.8000240039701447,3537.088588350083,-0.8999999999998044,-90000000,0.8999999999998044,0.8999999999998045,0.0,2.2156143586471444e-10,37.846913580250046
historical_S025,S025:i101:nsga2_ls:s1060001:r1:197ce3161490,p0001,True,01c9fc69dd180fac,3.8141429131967914,3479.864306298446,-0.8999999999997318,-90000000,0.8999999999997318,0.8999999999997319,0.0,3.036433326997212e-10,47.60000000000429
historical_S025,S025:i101:nsga2_ls:s1060001:r1:197ce3161490,p0002,False,a5464f41238fcf00,3.817708976931251,3350.331451148805,-0.8999999999999223,-90000000,0.8999999999999223,0.8999999999999224,0.0,8.799361239653081e-11,42.87753922388188
historical_S025,S025:i101:nsga2_ls:s1060001:r1:197ce3161490,p0003,False,392caeb454d9c839,3.868583408882829,3234.481900041018,-0.8999999999998799,-90000000,0.8999999999998799,0.89999999999988,0.0,1.3601209047919838e-10,41.83082976674841
historical_S025,S025:i101:nsga2_ls:s1060001:r1:197ce3161490,p0004,False,50ad11997661927a,3.8801404937939243,3172.3091565341274,-0.8999999999998306,-90000000,0.8999999999998306,0.8999999999998307,0.0,1.9183232780051185e-10,41.77398387780183
historical_S025,S025:i101:nsga2_ls:s1060001:r1:197ce3161490,p0005,False,a614bd3c7d1ee2ba,3.906369666042279,3144.6226519237334,-0.8999999999999155,-90000000,0.8999999999999155,0.8999999999999155,0.0,9.582379334460711e-11,45.36964592911656
historical_S025,S025:i101:nsga2_ls:s1060001:r1:197ce3161490,p0006,False,6291d96e167cc283,3.970285382003471,3071.4963372398097,-0.8999999999999773,-90000000,0.8999999999999773,0.8999999999999773,0.0,2.5934809855243657e-11,40.65555555555592
historical_S025,S025:i101:nsga2_ls:s1060001:r1:197ce3161490,p0007,False,c87c1d7440068772,3.8182737252790933,3329.3725520593116,-0.899999999999773,-90000000,0.899999999999773,0.8999999999997731,0.0,2.5707436179800425e-10,43.7198605517403
historical_S025,S025:i101:nsga2_ls:s1060001:r1:197ce3161490,p0008,False,76847b3e5e7cc615,3.9448225468178904,3133.298921302199,-0.8999999999998304,-90000000,0.8999999999998304,0.8999999999998304,0.0,1.9208812318538548e-10,45.42434252003559
historical_S025,S025:i101:nsga2_ls:s1060001:r1:197ce3161490,p0009,False,8bd54b995b5f750c,3.858242661632914,3328.309356206508,-0.8999999999999247,-90000000,0.8999999999999247,0.8999999999999247,0.0,8.543565854779445e-11,42.36257001719939
historical_S025,S025:i101:nsga2_ls:s1060001:r1:197ce3161490,p0010,False,b291c89a0963583e,3.8685838454060564,3197.300733997062,-0.899999999999953,-90000000,0.899999999999953,0.8999999999999531,0.0,5.3297810609365115e-11,39.90714907244019
historical_S025,S025:i101:nsga2_ls:s1060002:r2:c3add9745d62,p0001,False,f8b0886f287702ea,3.915239986260351,3172.9115874919225,-0.8999999999999492,-90000000,0.8999999999999492,0.8999999999999493,0.0,5.7625015870144125e-11,40.11655629139155
historical_S025,S025:i101:nsga2_ls:s1060002:r2:c3add9745d62,p0002,True,7884c5e5eb59f981,3.804114699186192,3220.770691148138,-0.8999999999999148,-90000000,0.8999999999999148,0.8999999999999149,0.0,9.660539035394322e-11,38.799009489013756
historical_S025,S025:i101:nsga2_ls:s1060002:r2:c3add9745d62,p0003,False,8fe2ae5361fd98c9,3.896344712981204,3220.3704809828087,-0.8999999999999773,-90000000,0.8999999999999773,0.8999999999999773,0.0,2.5835333872237243e-11,39.822222222222585
historical_S025,S025:i101:nsga2:s1060000:r0:513c3235cf92,p0001,True,86792f5e2cb2facb,3.776208806656289,3236.131483802792,-0.8999999999998775,-90000000,0.8999999999998775,0.8999999999998776,0.0,1.3876899629394757e-10,37.54431695064804
historical_S025,S025:i101:nsga2:s1060000:r0:513c3235cf92,p0002,False,ef5adf2e14f2193b,3.7825778728320834,3175.558536483742,-0.899999999999812,-90000000,0.899999999999812,0.8999999999998121,0.0,2.1292123619787162e-10,37.634145275006546
historical_S025,S025:i101:nsga2:s1060000:r0:513c3235cf92,p0003,False,7d684baac421f8ff,3.837094203785391,3165.1556290600806,-0.8999999999997318,-90000000,0.8999999999997318,0.8999999999997319,0.0,3.036575435544364e-10,47.07368421053061
historical_S025,S025:i101:nsga2:s1060000:r0:513c3235cf92,p0004,False,26ac493d090f7ad1,3.8588874478090336,3105.3156051084597,-0.8999999999997318,-90000000,0.8999999999997318,0.8999999999997319,0.0,3.037285978280124e-10,46.54736842105692
historical_S025,S025:i101:nsga2:s1060001:r1:84611c72e3a3,p0001,True,79a364473f98711c,3.779728631726449,3278.3263643943264,-0.8999999999998763,-90000000,0.8999999999998763,0.8999999999998765,0.0,1.4011192206453416e-10,37.877777777779755
historical_S025,S025:i101:nsga2:s1060001:r1:84611c72e3a3,p0002,False,a663398501794e6e,3.7829840002190247,3251.0026673916263,-0.8999999999999476,-90000000,0.8999999999999476,0.8999999999999477,0.0,5.934452929068357e-11,37.93034068664411
historical_S025,S025:i101:nsga2:s1060001:r1:84611c72e3a3,p0003,False,35732664e83d60e1,3.788562553988059,3211.034728060285,-0.8999999999998132,-90000000,0.8999999999998132,0.8999999999998133,0.0,2.1164225927350344e-10,38.43333333333632
historical_S025,S025:i101:nsga2:s1060001:r1:84611c72e3a3,p0004,False,ec1f9ecf0ba3d81e,3.8166545643947565,3111.9066568573203,-0.8999999999998798,-90000000,0.8999999999998798,0.8999999999998799,0.0,1.360973556074896e-10,42.754639175259655
historical_S025,S025:i101:nsga2:s1060002:r2:308067de2de9,p0001,False,300f7aa787f40a88,3.9505212940973733,3103.5646764309618,-0.8999999999997318,-90000000,0.8999999999997318,0.8999999999997319,0.0,3.036859652638668e-10,47.07368421053061
historical_S025,S025:i101:nsga2:s1060002:r2:308067de2de9,p0002,False,bbe9d8a248fac2e6,3.8515378705467223,3324.290402800705,-0.8999999999998899,-90000000,0.8999999999998899,0.89999999999989,0.0,1.2460077414289117e-10,45.60913991041421
historical_S025,S025:i101:nsga2:s1060002:r2:308067de2de9,p0003,False,75cb75ff649b74c2,3.822395639353327,3422.4927628643227,-0.8999999999998275,-90000000,0.8999999999998275,0.8999999999998276,0.0,1.9525714378687553e-10,44.78884835564158
historical_S025,S025:i101:nsga2:s1060002:r2:308067de2de9,p0004,False,03a6c09befd51f7f,3.8450910910119176,3384.201715051357,-0.8999999999999727,-90000000,0.8999999999999727,0.8999999999999728,0.0,3.097966327914037e-11,45.355829645457916
historical_S025,S025:i101:nsga2:s1060002:r2:308067de2de9,p0005,False,723af32faa3262e2,3.884193414086069,3136.326552958579,-0.8999999999998797,-90000000,0.8999999999998797,0.8999999999998799,0.0,1.3635315099236323e-10,39.97654125702324
historical_S025,S025:i101:nsga2:s1060002:r2:308067de2de9,p0006,False,1ddba04440e79875,3.848483794747515,3331.980394989099,-0.8999999999998974,-90000000,0.8999999999998974,0.8999999999998974,0.0,1.163016349892132e-10,41.3574728395899
historical_S025,S025:i101:nsga2:s1060002:r2:308067de2de9,p0007,False,677471b6b584b86f,3.8316569874848634,3417.006995952502,-0.899999999999546,-90000000,0.899999999999546,0.899999999999546,0.0,5.140634584677173e-10,47.15889749296573
historical_S025,S025:i101:nsga2:s1060002:r2:308067de2de9,p0008,True,59f21ef06d457946,3.7987967130125497,3472.0286409919486,-0.8999999999999472,-90000000,0.8999999999999472,0.8999999999999473,0.0,5.988454176986124e-11,43.38947368421137
historical_S025,S025:i101:nsga2:s1060002:r2:308067de2de9,p0009,False,c7910272cfe76bb6,3.852843961309346,3189.755202795615,-0.8999999999998798,-90000000,0.8999999999998798,0.8999999999998799,0.0,1.361328827442776e-10,42.754639175259655
historical_S025,S025:i102:nsga2_alns:s1070000:r0:4bee04ec640e,p0001,False,57e988453f8fdd3f,3.873627088593871,4142.410109974639,-0.8999999999996837,-90000000,0.8999999999996837,0.8999999999996837,0.0,3.667963710540789e-10,40.59321692861667
historical_S025,S025:i102:nsga2_alns:s1070000:r0:4bee04ec640e,p0002,False,74a4e59ccdab0d64,3.8875089937239604,3994.743082434596,-0.8999999999997516,-90000000,0.8999999999997516,0.8999999999997518,0.0,2.878906002479198e-10,40.90972450408723
historical_S025,S025:i102:nsga2_alns:s1070000:r0:4bee04ec640e,p0003,False,5e4a3f389dda2b60,3.8873087947938068,4115.524781233302,-0.8999999999997818,-90000000,0.8999999999997818,0.899999999999782,0.0,2.5279689452872844e-10,39.6201077999113
historical_S025,S025:i102:nsga2_alns:s1070000:r0:4bee04ec640e,p0004,True,993f7e961e6bda07,3.8022131957330743,4396.918488186386,-0.8999999999997628,-90000000,0.8999999999997628,0.8999999999997628,0.0,2.750510930127348e-10,37.85316455696582
historical_S025,S025:i102:nsga2_alns:s1070001:r1:13e6cdde3e72,p0001,False,3809403fb340e107,3.7938793666418698,4218.95740446267,-0.8999999999999718,-90000000,0.8999999999999718,0.8999999999999718,0.0,3.267786041760701e-11,37.290278198736736
historical_S025,S025:i102:nsga2_alns:s1070001:r1:13e6cdde3e72,p0002,True,a4f9dca07f8e63f5,3.788933197713143,4220.937094876897,-0.8999999999999098,-90000000,0.8999999999999098,0.8999999999999099,0.0,1.0456346899445634e-10,40.57590898900725
historical_S025,S025:i102:nsga2_alns:s1070001:r1:13e6cdde3e72,p0003,False,90b1f48bcd60fb6b,3.802802770957402,4169.948741525652,-0.8999999999998562,-90000000,0.8999999999998562,0.8999999999998564,0.0,1.6677148551025311e-10,40.10570056159523
historical_S025,S025:i102:nsga2_alns:s1070001:r1:13e6cdde3e72,p0004,False,2d8242283d5fc7a3,3.864294422275427,3966.6368146599566,-0.899999999999684,-90000000,0.899999999999684,0.8999999999996843,0.0,3.6617109344661003e-10,51.98596491228576
historical_S025,S025:i102:nsga2_alns:s1070001:r1:13e6cdde3e72,p0005,False,03804da193d0d74e,3.8620453529827152,4125.311895242914,-0.899999999999684,-90000000,0.899999999999684,0.8999999999996843,0.0,3.6615688259189483e-10,50.58245614035593
historical_S025,S025:i102:nsga2_alns:s1070002:r2:d50c12756e62,p0001,False,ab4bdfc4b460ea66,4.154777793324827,4074.7731441865876,-0.8999999999996583,-90000000,0.8999999999996583,0.8999999999996853,0.0,3.6486369481281145e-10,46.56373013540113
historical_S025,S025:i102:nsga2_alns:s1070002:r2:d50c12756e62,p0002,False,e40e81dad1361e86,3.9438946918407907,4104.669141399715,-0.8999999999994448,-90000000,0.8999999999994448,0.8999999999994447,0.0,6.435811883420683e-10,54.79298245614923
historical_S025,S025:i102:nsga2_alns:s1070002:r2:d50c12756e62,p0003,False,a2050d3ba5dfb725,3.9297804650394252,4201.037450557062,-0.8999999999994448,-90000000,0.8999999999994448,0.8999999999994447,0.0,6.435953991967835e-10,54.79298245614923
historical_S025,S025:i102:nsga2_alns:s1070002:r2:d50c12756e62,p0004,True,d45b31b9e05f2b75,3.852280567660639,4495.76864880773,-0.8999999999997959,-90000000,0.8999999999997959,0.8999999999997959,0.0,2.3669599613640457e-10,50.58245614035414
historical_S025,S025:i102:nsga2_alns:s1070002:r2:d50c12756e62,p0005,False,3512e2ec41322a96,3.8688302007809394,4265.566076782861,-0.899999999999727,-90000000,0.899999999999727,0.899999999999727,0.0,3.164615236528334e-10,41.66780192271337
historical_S025,S025:i102:nsga2_alns:s1070002:r2:d50c12756e62,p0006,False,62d17067bcac4eed,3.91168581118456,4202.751787751955,-0.8999999999998837,-90000000,0.8999999999998837,0.8999999999998838,0.0,1.3508127949535265e-10,40.677435731512816
historical_S025,S025:i102:nsga2_ls:s1070000:r0:c8a010acd7f2,p0001,False,82348335e9d76134,3.8711280687931913,4203.7646113183055,-0.8999999999996675,-90000000,0.8999999999996675,0.8999999999996676,0.0,3.8539837987627834e-10,50.70344827586739
historical_S025,S025:i102:nsga2_ls:s1070000:r0:c8a010acd7f2,p0002,False,1d76296c6f97eb04,3.923748073197771,4203.046421044301,-0.8999999999998738,-90000000,0.8999999999998738,0.8999999999998738,0.0,1.4652812296844786e-10,42.527536231886074
historical_S025,S025:i102:nsga2_ls:s1070000:r0:c8a010acd7f2,p0003,True,b733dbadcfd3c0a4,3.81732735323798,4517.635684704155,-0.8999999999996675,-90000000,0.8999999999996675,0.8999999999996676,0.0,3.8539837987627834e-10,50.70344827586739
historical_S025,S025:i102:nsga2_ls:s1070000:r0:c8a010acd7f2,p0004,False,8ce28ea4894ccd9e,4.054147855503835,3985.7122313017167,-0.8999999999997124,-90000000,0.8999999999997124,0.8999999999997249,0.0,3.191118480572186e-10,43.38580274638687
historical_S025,S025:i102:nsga2_ls:s1070000:r0:c8a010acd7f2,p0005,False,1866c7482f66c905,4.040294457319289,4082.7291777148594,-0.8999999999999354,-90000000,0.8999999999999354,0.8999999999999356,0.0,7.491252063118736e-11,45.72594653505243
historical_S025,S025:i102:nsga2_ls:s1070000:r0:c8a010acd7f2,p0006,False,9a38c8873ef14005,4.124753900351677,3977.0716623901258,-0.8999999999999231,-90000000,0.8999999999999231,0.8999999999999246,0.0,8.752465419092914e-11,47.78441579325992
historical_S025,S025:i102:nsga2_ls:s1070000:r0:c8a010acd7f2,p0007,False,694a69206b512aee,4.030729930209895,4186.504604006443,-0.8999999999999124,-90000000,0.8999999999999124,0.8999999999999168,0.0,9.667644462751923e-11,44.04085710559544
historical_S025,S025:i102:nsga2_ls:s1070000:r0:c8a010acd7f2,p0008,False,c5a93b92d9945036,3.9710828231364936,4188.311914076633,-0.8999999999995245,-90000000,0.8999999999995245,0.8999999999995442,0.0,5.284803705762897e-10,55.67719298245994
historical_S025,S025:i102:nsga2_ls:s1070000:r0:c8a010acd7f2,p0009,False,29a91b19801aeb7e,3.924170236052449,4193.908178996059,-0.8999999999996675,-90000000,0.8999999999996675,0.8999999999996676,0.0,3.8536995816684794e-10,52.77241379310877
historical_S025,S025:i102:nsga2_ls:s1070000:r0:c8a010acd7f2,p0010,False,d1a5083338ad0711,3.8177699918123067,4286.136647868863,-0.8999999999995734,-90000000,0.8999999999995734,0.8999999999995735,0.0,4.946230092173209e-10,49.32413793104131
historical_S025,S025:i102:nsga2_ls:s1070001:r1:c070df74cacd,p0001,True,b69b26b6d2ab9b05,3.777080445840996,3972.2816084029223,-0.8999999999998732,-90000000,0.8999999999998732,0.8999999999998733,0.0,1.468478671995399e-10,43.99669336706171
historical_S025,S025:i102:nsga2_ls:s1070001:r1:c070df74cacd,p0002,False,c9ec4af3fc0ef5c5,3.8543975710257845,3920.6249001507927,-0.8999999999999126,-90000000,0.8999999999999126,0.8999999999999129,0.0,1.0123102356374147e-10,45.61990174389831
historical_S025,S025:i102:nsga2_ls:s1070002:r2:aaa80d59f5dc,p0001,True,1ed90bfeafe01172,3.812218820295159,4203.000267452094,-0.8999999999999501,-90000000,0.8999999999999501,0.8999999999999501,0.0,5.7902127537090564e-11,54.15172413793183
historical_S025,S025:i102:nsga2_ls:s1070002:r2:aaa80d59f5dc,p0002,False,752ac370329e8ad1,3.901776876582546,3974.738219985216,-0.8999999999997502,-90000000,0.8999999999997502,0.8999999999997503,0.0,2.8973090593353845e-10,41.35588389367259
historical_S025,S025:i102:nsga2:s1070000:r0:c5ff3dbd9cbc,p0001,False,76d82750a7676771,3.8659214143902627,4033.2531632609152,-0.899999999999754,-90000000,0.899999999999754,0.8999999999997539,0.0,2.8540370067275944e-10,38.9508460884031
historical_S025,S025:i102:nsga2:s1070000:r0:c5ff3dbd9cbc,p0002,False,bb8d40fd8dc54adb,3.8695464189541173,4027.0408933119616,-0.8999999999995838,-90000000,0.8999999999995838,0.899999999999584,0.0,4.82494044717896e-10,43.1450745133181
historical_S025,S025:i102:nsga2:s1070000:r0:c5ff3dbd9cbc,p0003,False,a4d9cda8a243fe8d,3.8731736264266803,3869.5851650177633,-0.8999999999996786,-90000000,0.8999999999996786,0.8999999999996787,0.0,3.7258729435052373e-10,43.55171915148749
historical_S025,S025:i102:nsga2:s1070000:r0:c5ff3dbd9cbc,p0004,True,c0fae6ef316d4f45,3.843627466071017,4130.391105934279,-0.8999999999996419,-90000000,0.8999999999996419,0.8999999999996419,0.0,4.149569576838985e-10,39.625316455701935
historical_S025,S025:i102:nsga2:s1070000:r0:c5ff3dbd9cbc,p0005,False,61881e98d05f11f6,3.9129673186165532,3859.376797309618,-0.899999999999684,-90000000,0.899999999999684,0.8999999999996843,0.0,3.6620662058339803e-10,53.38947368421558
historical_S025,S025:i102:nsga2:s1070001:r1:0bde9eab69d2,p0001,False,5c2d5d538c46a3cb,3.9078945704206394,3884.020908106579,-0.8999999999998477,-90000000,0.8999999999998477,0.8999999999998479,0.0,1.765627644090273e-10,39.73704990320893
historical_S025,S025:i102:nsga2:s1070001:r1:0bde9eab69d2,p0002,False,da6ea7646bbcf0a1,3.836934587126736,3903.298166169056,-0.8999999999998903,-90000000,0.8999999999998903,0.8999999999998902,0.0,1.2732215282085235e-10,38.65098338421086
historical_S025,S025:i102:nsga2:s1070001:r1:0bde9eab69d2,p0003,False,57375160c4814a98,3.8983066081568936,3890.333639140344,-0.8999999999997668,-90000000,0.8999999999997668,0.8999999999997669,0.0,2.703401946746453e-10,38.64608530281833
historical_S025,S025:i102:nsga2:s1070001:r1:0bde9eab69d2,p0004,False,51dd450cd1393ec7,3.7402364405344897,4273.845787304827,-0.8999999999994448,-90000000,0.8999999999994448,0.8999999999994447,0.0,6.436664534703596e-10,53.38947368421941
historical_S025,S025:i102:nsga2:s1070001:r1:0bde9eab69d2,p0005,False,cfc9109f5ef8abed,3.7937938787008223,4230.291505366693,-0.899999999999975,-90000000,0.899999999999975,0.899999999999975,0.0,2.893330020015128e-11,46.89665498137223
historical_S025,S025:i102:nsga2:s1070001:r1:0bde9eab69d2,p0006,True,7352d2ccc2506136,3.7377040876990657,4287.332442652093,-0.8999999999994448,-90000000,0.8999999999994448,0.8999999999994447,0.0,6.435314503505651e-10,53.38947368421941
historical_S025,S025:i102:nsga2:s1070002:r2:e7b9a0dd6932,p0001,True,52ca4cf98a9b541e,3.738532994717418,4352.99428529219,-0.8999999999999636,-90000000,0.8999999999999636,0.8999999999999636,0.0,4.221334393150755e-11,37.33800652552507
historical_S025,S025:i102:nsga2:s1070002:r2:e7b9a0dd6932,p0002,False,cf9e704aba22a7b4,3.7643360015491965,3832.594169885768,-0.8999999999997558,-90000000,0.8999999999997558,0.8999999999997559,0.0,2.830304879353207e-10,46.85609900659159
historical_S025,S025:i102:nsga2:s1070002:r2:e7b9a0dd6932,p0003,False,b40e0da9bf5b4c9f,3.7625408406805088,4085.7199820401474,-0.8999999999998187,-90000000,0.8999999999998187,0.8999999999998186,0.0,2.1006485440011602e-10,38.25610430396102
historical_S025,S025:i102:nsga2:s1070002:r2:e7b9a0dd6932,p0004,False,e8cb451a77bc7363,3.7522024105335343,4304.685111992625,-0.8999999999999876,-90000000,0.8999999999999876,0.8999999999999878,0.0,1.4431122963287635e-11,44.160411810794486
new_WEN38_search,WEN38:i1:nsga2:s60000:r0:31af3335d21c,p0001,True,b12291b3eff8fca1,2.6443045238338136,115276.66666666669,-0.4349222030141391,-43492220,0.4349222030141391,0.7973068745570517,0.0,0.0,51.123734255321324
new_WEN38_search,WEN38:i1:nsga2:s60000:r0:31af3335d21c,p0002,False,b9ceedab27d79900,2.813422170893209,100573.66666666669,-0.3947089947105269,-39470899,0.3947089947105269,0.7973068745570517,0.0,0.0,56.211640211578924
new_WEN38_search,WEN38:i1:nsga2:s60000:r0:31af3335d21c,p0003,False,2a6c2e9b4479abf8,2.577834698758217,148007.0,-0.3079249848779,-30792498,0.3079249848779,0.79730687455697,0.0,9.222276275977492e-10,57.2196007258608
new_WEN38_search,WEN38:i1:nsga2:s60000:r0:31af3335d21c,p0004,False,d97db80c03b86b82,2.625708514521433,137953.0,-0.27640733712996735,-27640734,0.27640733712996735,0.7973068745570517,0.0,0.0,60.943706514801306
new_WEN38_search,WEN38:i1:nsga2:s60000:r0:31af3335d21c,p0005,False,31f1b5fa3437d22a,2.623936721466862,138323.6666666667,-0.27640733712996735,-27640734,0.27640733712996735,0.7973068745570517,0.0,0.0,60.943706514801306
new_WEN38_search,WEN38:i1:nsga2:s60000:r0:31af3335d21c,p0006,False,3dbdfbe22eaee946,2.567061111632916,162625.66666666666,-0.07405908539112716,-7405909,0.07405908539112716,0.7973068745570517,0.0,0.0,70.22258195061295
new_WEN38_search,WEN38:i1:nsga2:s60000:r0:31af3335d21c,p0007,False,68541049b5f8a9b2,2.575588914858886,157304.33333333334,-0.07405908539294614,-7405909,0.07405908539294614,0.7973068745570517,0.0,0.0,69.63010926742572
new_WEN38_search,WEN38:i1:nsga2:s60000:r0:31af3335d21c,p0008,False,3fbe934d389c7f0d,2.5738376443132864,156988.5,-0.06267922982624441,-6267923,0.06267922982624441,0.7973068745570517,0.0,0.0,69.99426464556018
new_WEN38_search,WEN38:i1:nsga2:s60000:r0:31af3335d21c,p0009,False,0673595e0e591a1c,2.615424297044368,95595.66666666667,-0.0,0,0.0,0.7973068745570453,0.08571428571428572,7.185008144006133e-11,72.0
new_WEN38_search,WEN38:i1:nsga2:s60000:r0:31af3335d21c,p0010,False,1f27e716b21bfc54,2.468174745302771,104723.66666666666,-0.0,0,0.0,0.7973068745570517,0.11428571428571428,0.0,72.0
new_WEN38_search,WEN38:i1:nsga2:s60000:r0:31af3335d21c,p0011,False,5c1d5d2bb7805c0b,2.4659920070583734,104801.66666666666,-0.0,0,0.0,0.7973068745570517,0.11428571428571428,0.0,72.0
new_WEN38_search,WEN38:i1:nsga2:s60000:r0:31af3335d21c,p0012,False,44371d7b0456c749,2.4856404557963767,104199.33333333333,-0.0,0,0.0,0.7973068745570517,0.17142857142857143,0.0,72.0
new_WEN38_search,WEN38:i1:nsga2:s60000:r0:31af3335d21c,p0013,False,1e0183d0006cdbdd,2.6513031063993626,94550.66666666667,-0.0,0,0.0,0.7973068745570517,0.11428571428571428,0.0,72.0
new_WEN38_search,WEN38:i1:nsga2:s60000:r0:31af3335d21c,p0014,False,0aafa43267a398c2,2.4636498837653784,105643.33333333333,-0.0,0,0.0,0.7973068745570517,0.2,0.0,72.0
new_WEN38_search,WEN38:i1:nsga2:s60000:r0:31af3335d21c,p0015,False,9186667fc2356080,2.517355551473173,101013.33333333334,-0.0,0,0.0,0.7973068745570517,0.17142857142857143,0.0,72.0
new_WEN38_search,WEN38:i1:nsga2:s60000:r0:31af3335d21c,p0016,False,b91d277d8c4017fa,2.460869941929812,122940.33333333333,-0.0,0,0.0,0.7973068745570517,0.14285714285714285,0.0,72.0
new_WEN38_search,WEN38:i1:nsga2:s60000:r0:31af3335d21c,p0017,False,106af5df51248833,2.565902681169515,98028.16666666667,-0.0,0,0.0,0.797306874556984,0.14285714285714285,7.630660547874868e-10,72.0
new_WEN38_search,WEN38:i1:nsga2:s60000:r0:31af3335d21c,p0018,False,a37353b90ee72f34,2.564130888114944,99899.5,-0.0,0,0.0,0.797306874556984,0.14285714285714285,7.630660547874868e-10,72.0
new_WEN38_search,WEN38:i1:nsga2:s60001:r1:2acec6676b7c,p0001,True,aacc90007cf45364,2.6287423963597236,149233.6666666667,-0.4430379746845574,-44303797,0.4430379746845574,0.7973068745570517,0.0,0.0,50.734177215141244
new_WEN38_search,WEN38:i1:nsga2:s60001:r1:2acec6676b7c,p0002,False,6d58023f9c397599,2.819212883975501,136905.16666666666,-0.4140845070432988,-41408451,0.4140845070432988,0.7973068745570517,0.0,0.0,55.43661971826805
new_WEN38_search,WEN38:i1:nsga2:s60001:r1:2acec6676b7c,p0003,False,2030112ba4cbed7e,2.601521554629481,125017.33333333334,-0.4019864087831593,-40198641,0.4019864087831593,0.7973068745570517,0.0,0.0,52.704652378408355
new_WEN38_search,WEN38:i1:nsga2:s60001:r1:2acec6676b7c,p0004,False,497d705823d73103,2.5355181678493537,148835.6666666667,-0.35428462087384105,-35428462,0.35428462087384105,0.7973068745570482,0.0,4.001776687800884e-11,54.99433819805563
new_WEN38_search,WEN38:i1:nsga2:s60001:r1:2acec6676b7c,p0005,False,1a3d4381bc2072ec,2.5356972936172317,147531.6666666667,-0.3521242599035759,-35212426,0.3521242599035759,0.7973068745570517,0.0,0.0,55.09803552462836
new_WEN38_search,WEN38:i1:nsga2:s60001:r1:2acec6676b7c,p0006,False,e66ddf489ef000ca,2.8067883978448336,103847.00000000001,-0.2847764926555101,-28477649,0.2847764926555101,0.7973068745570517,0.0,0.0,62.88715223502368
new_WEN38_search,WEN38:i1:nsga2:s60001:r1:2acec6676b7c,p0007,False,f49b9520ad8e9d04,2.5875185564348566,139377.1666666667,-0.2847764926555101,-28477649,0.2847764926555101,0.7973068745570517,0.0,0.0,58.330728352535516
new_WEN38_search,WEN38:i1:nsga2:s60001:r1:2acec6676b7c,p0008,False,2aa9af2c016c5edb,2.605951037265932,120912.0,-0.27640733712996735,-27640734,0.27640733712996735,0.7973068745570517,0.0,0.0,58.73244781776157
new_WEN38_search,WEN38:i1:nsga2:s60001:r1:2acec6676b7c,p0009,False,e061df229fe6cf88,2.6120875416491964,107706.66666666666,-0.15353311136004777,-15353311,0.15353311136004777,0.7973068745570517,0.0,0.0,68.31520532735885
new_WEN38_search,WEN38:i1:nsga2:s60001:r1:2acec6676b7c,p0010,False,e6ae7ee2b46a0c4e,2.5754352829199636,144345.6666666667,-0.06267922982624441,-6267923,0.06267922982624441,0.7973068745570517,0.0,0.0,70.49569848417013
new_WEN38_search,WEN38:i1:nsga2:s60001:r1:2acec6676b7c,p0011,False,87193ecce38089c2,2.576321179447249,143616.33333333334,-0.06267922982624441,-6267923,0.06267922982624441,0.7973068745570517,0.0,0.0,70.49569848417013
new_WEN38_search,WEN38:i1:nsga2:s60001:r1:2acec6676b7c,p0012,False,e17fec6192053e3d,2.46460794757422,125578.5,-0.0,0,0.0,0.7973068745570517,0.2,0.0,72.0
new_WEN38_search,WEN38:i1:nsga2:s60001:r1:2acec6676b7c,p0013,False,8b2ffa4dccdbdf35,2.865346158298019,81636.66666666667,-0.0,0,0.0,0.7973068745569747,0.14285714285714285,8.685674401931465e-10,72.0
new_WEN38_search,WEN38:i1:nsga2:s60001:r1:2acec6676b7c,p0014,False,d55ec2113cd562c9,2.8362887522026927,85992.66666666667,-0.0,0,0.0,0.7973068745570517,0.05714285714285714,0.0,72.0
new_WEN38_search,WEN38:i1:nsga2:s60001:r1:2acec6676b7c,p0015,False,1d4d6d9f25601fe0,2.4907891065604746,97519.66666666667,-0.0,0,0.0,0.7973068745570075,0.17142857142857143,4.993125912733376e-10,72.0
new_WEN38_search,WEN38:i1:nsga2:s60001:r1:2acec6676b7c,p0016,False,2e5ac41dc3e2e4c8,2.4649200773085607,113927.66666666666,-0.0,0,0.0,0.7973068745570171,0.05714285714285714,3.9108272176235914e-10,72.0
new_WEN38_search,WEN38:i1:nsga2:s60001:r1:2acec6676b7c,p0017,False,746738a84f30be00,2.4641227704337894,130911.33333333334,-0.0,0,0.0,0.7973068745570517,0.17142857142857143,0.0,72.0
new_WEN38_search,WEN38:i1:nsga2:s60001:r1:2acec6676b7c,p0018,False,a2fca10043e88480,2.463679822170146,136278.6666666667,-0.0,0,0.0,0.7973068745570517,0.14285714285714285,0.0,72.0
new_WEN38_search,WEN38:i1:nsga2:s60001:r1:2acec6676b7c,p0019,False,f6c98589ec07e127,2.463702607574656,131319.33333333334,-0.0,0,0.0,0.7973068745570517,0.14285714285714285,0.0,72.0
new_WEN38_search,WEN38:i1:nsga2:s60001:r1:2acec6676b7c,p0020,False,a9ede19b7d0ed823,2.463111098473618,137647.33333333334,-0.0,0,0.0,0.7973068745570517,0.14285714285714285,0.0,72.0
new_WEN38_search,WEN38:i1:nsga2:s60001:r1:2acec6676b7c,p0021,False,03f4e7afdac5c284,2.4648866587150406,116372.66666666666,-0.0,0,0.0,0.7973068745570517,0.17142857142857143,0.0,72.0
new_WEN38_search,WEN38:i1:nsga2:s60001:r1:2acec6676b7c,p0022,False,5ca364720b7007ee,2.4622224676977886,155034.33333333334,-0.0,0,0.0,0.7973068745570517,0.17142857142857143,0.0,72.0
new_WEN38_search,WEN38:i1:nsga2:s60001:r1:2acec6676b7c,p0023,False,1350bc637d0ac81f,2.4658059738356037,107426.0,-0.0,0,0.0,0.7973068745570517,0.17142857142857143,0.0,72.0
new_WEN38_search,WEN38:i1:nsga2:s60001:r1:2acec6676b7c,p0024,False,de94e6bcba7d4aff,2.4617190621606095,164368.33333333334,-0.0,0,0.0,0.7973068745570517,0.08571428571428572,0.0,72.0
new_WEN38_search,WEN38:i1:nsga2:s60001:r1:2acec6676b7c,p0025,False,870ae6c51b8652c7,2.819511038589445,93970.0,-0.0,0,0.0,0.7973068745570282,0.05714285714285714,2.646629582159221e-10,72.0
new_WEN38_search,WEN38:i1:nsga2:s60001:r1:2acec6676b7c,p0026,False,6066f33572ce6fc4,2.4623110573509694,139137.83333333334,-0.0,0,0.0,0.7973068745569837,0.05714285714285714,7.676135282963514e-10,72.0
new_WEN38_search,WEN38:i1:nsga2:s60001:r1:2acec6676b7c,p0027,False,1e699834ec4ff0d7,2.664867774172405,95443.66666666667,-0.0,0,0.0,0.7973068745570435,0.14285714285714285,9.276845958083868e-11,72.0
fixed_WEN38,spt,spt,False,88ef6f54338132fd,2.4708827795161055,128436.0,-0.0,0,0.0,0.7973068745569647,0.11428571428571428,9.822542779147625e-10,72.0
fixed_WEN38,random_0,random_0,False,ec5d738aca2dfe6b,2.807133338487488,147586.0,-0.0,0,0.0,0.7973068745570175,0.08571428571428572,3.865352482534945e-10,72.0
fixed_WEN38,random_1,random_1,False,98ecc6978464b61a,2.46935173543529,146895.83333333334,-0.0,0,0.0,0.7973068745570517,0.14285714285714285,0.0,72.0
fixed_WEN38,random_2,random_2,False,fe53bbd210630cb1,2.4713775512307707,165490.33333333334,-0.0,0,0.0,0.7973068745570026,0.05714285714285714,5.547917680814862e-10,72.0
fixed_WEN38,random_3,random_3,False,f9fe56cd0558e8ee,2.957922345398896,124107.83333333333,-0.0,0,0.0,0.7973068745570517,0.17142857142857143,0.0,72.0
fixed_WEN38,random_4,random_4,False,3284da598941f0c0,2.5951756068106606,174614.33333333334,-0.0,0,0.0,0.7973068745569665,0.11428571428571428,9.62245394475758e-10,72.0
fixed_WEN38,random_5,random_5,False,08ca310c6f5d98ce,2.4673838051743737,131115.83333333334,-0.0,0,0.0,0.7973068745570192,0.08571428571428572,3.665263648144901e-10,72.0
fixed_WEN38,random_6,random_6,False,04c6c43bc92bb8fe,2.688952675870632,148755.3333333333,-0.0,0,0.0,0.7973068745570517,0.08571428571428572,0.0,72.0
fixed_WEN38,random_7,random_7,False,4635666d60907ed2,2.472942601366503,180640.33333333334,-0.0,0,0.0,0.7973068745570517,0.05714285714285714,0.0,72.0
fixed_WEN38,random_8,random_8,False,e7b97fda2adf0f7a,2.526952703091016,119880.66666666669,-0.0,0,0.0,0.7973068745570517,0.14285714285714285,0.0,72.0
fixed_WEN38,random_9,random_9,False,3b18f62afdfa7533,2.471994543560717,143427.5,-0.0,0,0.0,0.7973068745570175,0.11428571428571428,3.852846930385567e-10,72.0
fixed_WEN38,random_10,random_10,False,f3759b752a57e5ed,2.5303528795187766,139559.66666666666,-0.0,0,0.0,0.7973068745570517,0.11428571428571428,0.0,72.0
fixed_WEN38,random_11,random_11,False,21cfb990e64dd669,2.612235069546344,118190.16666666667,-0.0,0,0.0,0.7973068745570118,0.02857142857142857,4.501998773775995e-10,72.0
fixed_WEN38,random_12,random_12,False,a1f962d1b7bd3bc8,2.680781818049654,151455.66666666666,-0.0,0,0.0,0.7973068745570514,0.17142857142857143,4.547473508864641e-12,72.0
fixed_WEN38,random_13,random_13,False,aaaba4f515d5b78d,2.5734130230233925,148410.66666666666,-0.0,0,0.0,0.7973068745569989,0.11428571428571428,5.963443072687369e-10,72.0
fixed_WEN38,random_14,random_14,False,edfa0ad448957425,2.5206714918614863,163397.0,-0.0,0,0.0,0.7973068745570221,0.05714285714285714,3.3378455555066466e-10,72.0
fixed_WEN38,random_15,random_15,False,5d38a63cbdff0f95,2.6398695570280233,187983.0,-0.0,0,0.0,0.7973068745570072,0.17142857142857143,5.011315806768835e-10,72.0
fixed_WEN38,random_16,random_16,False,6e1b9d50efd51dd9,2.4710931816387776,174489.6666666667,-0.0,0,0.0,0.7973068745570517,0.14285714285714285,0.0,72.0
fixed_WEN38,random_17,random_17,False,5edb526f3e56ff8a,2.4722120143621913,119874.0,-0.0,0,0.0,0.7973068745569935,0.14285714285714285,6.59383658785373e-10,72.0
fixed_WEN38,random_18,random_18,False,fc118bcb84cd142a,2.803263829953206,161791.6666666667,-0.0,0,0.0,0.7973068745570069,0.17142857142857143,5.056790541857481e-10,72.0
